ISO-10303-21;
HEADER;
/* Generated by software containing ST-Developer
 * from STEP Tools, Inc. (www.steptools.com) 
 */
/* OPTION: using custom renumber hook */

FILE_DESCRIPTION(
/* description */ ('STEP AP242 Edition 2',
'CAx-IF Rec.Pracs.---Representation and Presentation of Product Manufa
cturing Information (PMI)---4.0---2014-10-13',
'CAx-IF Rec.Pracs.---3D Tessellated Geometry---0.4---2014-09-14','2;1',
'CAx-IF Rec.Pracs.---User Defined Attributes---1.5---2016-08-15'),
/* implementation_level */ '2;1');

FILE_NAME(
/* name */ '6a9aadbfd63b1f73b3a06952',
/* time_stamp */ '2026-09-04T11:38:40Z',
/* author */ (''),
/* organization */ (''),
/* preprocessor_version */ 'ST-DEVELOPER v20',
/* originating_system */ 'ONSHAPE BY PTC INC, 1.220',
/* authorisation */ '  ');

FILE_SCHEMA (('AP242_MANAGED_MODEL_BASED_3D_ENGINEERING_MIM_LF { 1 0 10303 442 3 1 4 }'));
ENDSEC;

DATA;
#10=CONTEXT_DEPENDENT_SHAPE_REPRESENTATION(#16,#4457);
#11=CONTEXT_DEPENDENT_SHAPE_REPRESENTATION(#17,#4459);
#12=CONTEXT_DEPENDENT_SHAPE_REPRESENTATION(#18,#4461);
#13=NEXT_ASSEMBLY_USAGE_OCCURRENCE('NAUO1','plate','plate',#4462,#4463,
'');
#14=NEXT_ASSEMBLY_USAGE_OCCURRENCE('NAUO2','pcb','pcb',#4462,#4464,'');
#15=NEXT_ASSEMBLY_USAGE_OCCURRENCE('NAUO3','case','case',#4462,#4465,'');
#16=(
REPRESENTATION_RELATIONSHIP(' ',' ',#2814,#2813)
REPRESENTATION_RELATIONSHIP_WITH_TRANSFORMATION(#19)
SHAPE_REPRESENTATION_RELATIONSHIP()
);
#17=(
REPRESENTATION_RELATIONSHIP(' ',' ',#2815,#2813)
REPRESENTATION_RELATIONSHIP_WITH_TRANSFORMATION(#20)
SHAPE_REPRESENTATION_RELATIONSHIP()
);
#18=(
REPRESENTATION_RELATIONSHIP(' ',' ',#2816,#2813)
REPRESENTATION_RELATIONSHIP_WITH_TRANSFORMATION(#21)
SHAPE_REPRESENTATION_RELATIONSHIP()
);
#19=ITEM_DEFINED_TRANSFORMATION(' ',' ',#2817,#2918);
#20=ITEM_DEFINED_TRANSFORMATION(' ',' ',#2817,#2925);
#21=ITEM_DEFINED_TRANSFORMATION(' ',' ',#2817,#2987);
#22=SHAPE_REPRESENTATION_RELATIONSHIP('','',#2814,#25);
#23=SHAPE_REPRESENTATION_RELATIONSHIP('','',#2815,#26);
#24=SHAPE_REPRESENTATION_RELATIONSHIP('','',#2816,#27);
#25=ADVANCED_BREP_SHAPE_REPRESENTATION('',(#2806),#4445);
#26=ADVANCED_BREP_SHAPE_REPRESENTATION('',(#2807),#4446);
#27=ADVANCED_BREP_SHAPE_REPRESENTATION('',(#2808),#4447);
#28=CIRCLE('',#2872,8.25201357113332);
#29=CIRCLE('',#2873,8.25201357113332);
#30=CIRCLE('',#2877,16.0605118139449);
#31=CIRCLE('',#2878,16.0605118139449);
#32=CIRCLE('',#2881,6.);
#33=CIRCLE('',#2882,6.);
#34=CIRCLE('',#2889,1.7);
#35=CIRCLE('',#2890,1.7);
#36=CIRCLE('',#2892,1.7);
#37=CIRCLE('',#2893,1.7);
#38=CIRCLE('',#2907,1.7);
#39=CIRCLE('',#2908,1.7);
#40=CIRCLE('',#2910,6.01040764008564);
#41=CIRCLE('',#2911,6.01040764008564);
#42=CIRCLE('',#2914,1.7);
#43=CIRCLE('',#2916,1.7);
#44=CIRCLE('',#2927,2.35);
#45=CIRCLE('',#2928,2.35);
#46=CIRCLE('',#2929,2.35);
#47=CIRCLE('',#2930,2.35);
#48=CIRCLE('',#2931,6.8);
#49=CIRCLE('',#2932,6.81040764008564);
#50=CIRCLE('',#2956,2.35);
#51=CIRCLE('',#2959,2.35);
#52=CIRCLE('',#2962,2.35);
#53=CIRCLE('',#2965,2.35);
#54=CIRCLE('',#2972,6.81040764008564);
#55=CIRCLE('',#2975,6.8);
#56=CYLINDRICAL_SURFACE('',#2871,8.25201357113332);
#57=CYLINDRICAL_SURFACE('',#2876,16.0605118139449);
#58=CYLINDRICAL_SURFACE('',#2880,6.);
#59=CYLINDRICAL_SURFACE('',#2888,1.7);
#60=CYLINDRICAL_SURFACE('',#2891,1.7);
#61=CYLINDRICAL_SURFACE('',#2906,1.7);
#62=CYLINDRICAL_SURFACE('',#2909,6.01040764008564);
#63=CYLINDRICAL_SURFACE('',#2917,1.7);
#64=CYLINDRICAL_SURFACE('',#2957,2.35);
#65=CYLINDRICAL_SURFACE('',#2960,2.35);
#66=CYLINDRICAL_SURFACE('',#2963,2.35);
#67=CYLINDRICAL_SURFACE('',#2966,2.35);
#68=CYLINDRICAL_SURFACE('',#2971,6.81040764008564);
#69=CYLINDRICAL_SURFACE('',#2974,6.8);
#70=ORIENTED_EDGE('',*,*,#816,.T.);
#71=ORIENTED_EDGE('',*,*,#817,.F.);
#72=ORIENTED_EDGE('',*,*,#818,.F.);
#73=ORIENTED_EDGE('',*,*,#819,.T.);
#74=ORIENTED_EDGE('',*,*,#820,.T.);
#75=ORIENTED_EDGE('',*,*,#821,.F.);
#76=ORIENTED_EDGE('',*,*,#822,.F.);
#77=ORIENTED_EDGE('',*,*,#817,.T.);
#78=ORIENTED_EDGE('',*,*,#823,.F.);
#79=ORIENTED_EDGE('',*,*,#824,.F.);
#80=ORIENTED_EDGE('',*,*,#825,.T.);
#81=ORIENTED_EDGE('',*,*,#821,.T.);
#82=ORIENTED_EDGE('',*,*,#826,.F.);
#83=ORIENTED_EDGE('',*,*,#827,.F.);
#84=ORIENTED_EDGE('',*,*,#828,.T.);
#85=ORIENTED_EDGE('',*,*,#829,.T.);
#86=ORIENTED_EDGE('',*,*,#830,.T.);
#87=ORIENTED_EDGE('',*,*,#831,.F.);
#88=ORIENTED_EDGE('',*,*,#832,.F.);
#89=ORIENTED_EDGE('',*,*,#827,.T.);
#90=ORIENTED_EDGE('',*,*,#833,.T.);
#91=ORIENTED_EDGE('',*,*,#834,.F.);
#92=ORIENTED_EDGE('',*,*,#835,.F.);
#93=ORIENTED_EDGE('',*,*,#831,.T.);
#94=ORIENTED_EDGE('',*,*,#836,.F.);
#95=ORIENTED_EDGE('',*,*,#837,.F.);
#96=ORIENTED_EDGE('',*,*,#838,.T.);
#97=ORIENTED_EDGE('',*,*,#839,.T.);
#98=ORIENTED_EDGE('',*,*,#840,.F.);
#99=ORIENTED_EDGE('',*,*,#841,.F.);
#100=ORIENTED_EDGE('',*,*,#842,.T.);
#101=ORIENTED_EDGE('',*,*,#837,.T.);
#102=ORIENTED_EDGE('',*,*,#843,.T.);
#103=ORIENTED_EDGE('',*,*,#844,.F.);
#104=ORIENTED_EDGE('',*,*,#845,.F.);
#105=ORIENTED_EDGE('',*,*,#841,.T.);
#106=ORIENTED_EDGE('',*,*,#846,.F.);
#107=ORIENTED_EDGE('',*,*,#847,.F.);
#108=ORIENTED_EDGE('',*,*,#848,.T.);
#109=ORIENTED_EDGE('',*,*,#849,.T.);
#110=ORIENTED_EDGE('',*,*,#850,.F.);
#111=ORIENTED_EDGE('',*,*,#851,.F.);
#112=ORIENTED_EDGE('',*,*,#852,.T.);
#113=ORIENTED_EDGE('',*,*,#847,.T.);
#114=ORIENTED_EDGE('',*,*,#853,.T.);
#115=ORIENTED_EDGE('',*,*,#854,.F.);
#116=ORIENTED_EDGE('',*,*,#855,.F.);
#117=ORIENTED_EDGE('',*,*,#851,.T.);
#118=ORIENTED_EDGE('',*,*,#856,.F.);
#119=ORIENTED_EDGE('',*,*,#857,.F.);
#120=ORIENTED_EDGE('',*,*,#858,.T.);
#121=ORIENTED_EDGE('',*,*,#859,.T.);
#122=ORIENTED_EDGE('',*,*,#860,.F.);
#123=ORIENTED_EDGE('',*,*,#861,.F.);
#124=ORIENTED_EDGE('',*,*,#862,.T.);
#125=ORIENTED_EDGE('',*,*,#857,.T.);
#126=ORIENTED_EDGE('',*,*,#863,.T.);
#127=ORIENTED_EDGE('',*,*,#864,.F.);
#128=ORIENTED_EDGE('',*,*,#865,.F.);
#129=ORIENTED_EDGE('',*,*,#861,.T.);
#130=ORIENTED_EDGE('',*,*,#866,.T.);
#131=ORIENTED_EDGE('',*,*,#867,.F.);
#132=ORIENTED_EDGE('',*,*,#868,.F.);
#133=ORIENTED_EDGE('',*,*,#869,.T.);
#134=ORIENTED_EDGE('',*,*,#870,.F.);
#135=ORIENTED_EDGE('',*,*,#871,.F.);
#136=ORIENTED_EDGE('',*,*,#872,.T.);
#137=ORIENTED_EDGE('',*,*,#867,.T.);
#138=ORIENTED_EDGE('',*,*,#873,.F.);
#139=ORIENTED_EDGE('',*,*,#874,.F.);
#140=ORIENTED_EDGE('',*,*,#875,.T.);
#141=ORIENTED_EDGE('',*,*,#871,.T.);
#142=ORIENTED_EDGE('',*,*,#876,.F.);
#143=ORIENTED_EDGE('',*,*,#877,.F.);
#144=ORIENTED_EDGE('',*,*,#878,.T.);
#145=ORIENTED_EDGE('',*,*,#879,.T.);
#146=ORIENTED_EDGE('',*,*,#880,.F.);
#147=ORIENTED_EDGE('',*,*,#881,.F.);
#148=ORIENTED_EDGE('',*,*,#882,.T.);
#149=ORIENTED_EDGE('',*,*,#877,.T.);
#150=ORIENTED_EDGE('',*,*,#883,.T.);
#151=ORIENTED_EDGE('',*,*,#884,.F.);
#152=ORIENTED_EDGE('',*,*,#885,.F.);
#153=ORIENTED_EDGE('',*,*,#881,.T.);
#154=ORIENTED_EDGE('',*,*,#886,.T.);
#155=ORIENTED_EDGE('',*,*,#887,.F.);
#156=ORIENTED_EDGE('',*,*,#888,.F.);
#157=ORIENTED_EDGE('',*,*,#889,.T.);
#158=ORIENTED_EDGE('',*,*,#890,.F.);
#159=ORIENTED_EDGE('',*,*,#891,.F.);
#160=ORIENTED_EDGE('',*,*,#892,.T.);
#161=ORIENTED_EDGE('',*,*,#887,.T.);
#162=ORIENTED_EDGE('',*,*,#893,.F.);
#163=ORIENTED_EDGE('',*,*,#894,.F.);
#164=ORIENTED_EDGE('',*,*,#895,.T.);
#165=ORIENTED_EDGE('',*,*,#891,.T.);
#166=ORIENTED_EDGE('',*,*,#896,.F.);
#167=ORIENTED_EDGE('',*,*,#897,.F.);
#168=ORIENTED_EDGE('',*,*,#898,.T.);
#169=ORIENTED_EDGE('',*,*,#899,.T.);
#170=ORIENTED_EDGE('',*,*,#900,.T.);
#171=ORIENTED_EDGE('',*,*,#901,.F.);
#172=ORIENTED_EDGE('',*,*,#902,.F.);
#173=ORIENTED_EDGE('',*,*,#897,.T.);
#174=ORIENTED_EDGE('',*,*,#903,.T.);
#175=ORIENTED_EDGE('',*,*,#904,.F.);
#176=ORIENTED_EDGE('',*,*,#905,.F.);
#177=ORIENTED_EDGE('',*,*,#901,.T.);
#178=ORIENTED_EDGE('',*,*,#906,.T.);
#179=ORIENTED_EDGE('',*,*,#907,.F.);
#180=ORIENTED_EDGE('',*,*,#908,.F.);
#181=ORIENTED_EDGE('',*,*,#909,.T.);
#182=ORIENTED_EDGE('',*,*,#910,.T.);
#183=ORIENTED_EDGE('',*,*,#911,.F.);
#184=ORIENTED_EDGE('',*,*,#912,.F.);
#185=ORIENTED_EDGE('',*,*,#907,.T.);
#186=ORIENTED_EDGE('',*,*,#913,.F.);
#187=ORIENTED_EDGE('',*,*,#914,.F.);
#188=ORIENTED_EDGE('',*,*,#915,.T.);
#189=ORIENTED_EDGE('',*,*,#911,.T.);
#190=ORIENTED_EDGE('',*,*,#916,.F.);
#191=ORIENTED_EDGE('',*,*,#917,.F.);
#192=ORIENTED_EDGE('',*,*,#918,.T.);
#193=ORIENTED_EDGE('',*,*,#919,.T.);
#194=ORIENTED_EDGE('',*,*,#920,.F.);
#195=ORIENTED_EDGE('',*,*,#921,.F.);
#196=ORIENTED_EDGE('',*,*,#922,.T.);
#197=ORIENTED_EDGE('',*,*,#917,.T.);
#198=ORIENTED_EDGE('',*,*,#923,.T.);
#199=ORIENTED_EDGE('',*,*,#924,.F.);
#200=ORIENTED_EDGE('',*,*,#925,.F.);
#201=ORIENTED_EDGE('',*,*,#921,.T.);
#202=ORIENTED_EDGE('',*,*,#926,.T.);
#203=ORIENTED_EDGE('',*,*,#927,.F.);
#204=ORIENTED_EDGE('',*,*,#928,.F.);
#205=ORIENTED_EDGE('',*,*,#929,.T.);
#206=ORIENTED_EDGE('',*,*,#930,.T.);
#207=ORIENTED_EDGE('',*,*,#931,.F.);
#208=ORIENTED_EDGE('',*,*,#932,.F.);
#209=ORIENTED_EDGE('',*,*,#927,.T.);
#210=ORIENTED_EDGE('',*,*,#933,.F.);
#211=ORIENTED_EDGE('',*,*,#934,.F.);
#212=ORIENTED_EDGE('',*,*,#935,.T.);
#213=ORIENTED_EDGE('',*,*,#931,.T.);
#214=ORIENTED_EDGE('',*,*,#936,.F.);
#215=ORIENTED_EDGE('',*,*,#937,.F.);
#216=ORIENTED_EDGE('',*,*,#938,.T.);
#217=ORIENTED_EDGE('',*,*,#939,.T.);
#218=ORIENTED_EDGE('',*,*,#940,.T.);
#219=ORIENTED_EDGE('',*,*,#941,.F.);
#220=ORIENTED_EDGE('',*,*,#942,.F.);
#221=ORIENTED_EDGE('',*,*,#937,.T.);
#222=ORIENTED_EDGE('',*,*,#943,.T.);
#223=ORIENTED_EDGE('',*,*,#944,.F.);
#224=ORIENTED_EDGE('',*,*,#945,.F.);
#225=ORIENTED_EDGE('',*,*,#941,.T.);
#226=ORIENTED_EDGE('',*,*,#946,.T.);
#227=ORIENTED_EDGE('',*,*,#947,.F.);
#228=ORIENTED_EDGE('',*,*,#948,.F.);
#229=ORIENTED_EDGE('',*,*,#949,.T.);
#230=ORIENTED_EDGE('',*,*,#950,.T.);
#231=ORIENTED_EDGE('',*,*,#951,.F.);
#232=ORIENTED_EDGE('',*,*,#952,.F.);
#233=ORIENTED_EDGE('',*,*,#947,.T.);
#234=ORIENTED_EDGE('',*,*,#953,.T.);
#235=ORIENTED_EDGE('',*,*,#954,.F.);
#236=ORIENTED_EDGE('',*,*,#955,.F.);
#237=ORIENTED_EDGE('',*,*,#951,.T.);
#238=ORIENTED_EDGE('',*,*,#956,.F.);
#239=ORIENTED_EDGE('',*,*,#957,.F.);
#240=ORIENTED_EDGE('',*,*,#958,.T.);
#241=ORIENTED_EDGE('',*,*,#959,.T.);
#242=ORIENTED_EDGE('',*,*,#960,.T.);
#243=ORIENTED_EDGE('',*,*,#961,.F.);
#244=ORIENTED_EDGE('',*,*,#962,.F.);
#245=ORIENTED_EDGE('',*,*,#957,.T.);
#246=ORIENTED_EDGE('',*,*,#963,.F.);
#247=ORIENTED_EDGE('',*,*,#964,.F.);
#248=ORIENTED_EDGE('',*,*,#965,.T.);
#249=ORIENTED_EDGE('',*,*,#961,.T.);
#250=ORIENTED_EDGE('',*,*,#966,.F.);
#251=ORIENTED_EDGE('',*,*,#967,.F.);
#252=ORIENTED_EDGE('',*,*,#968,.T.);
#253=ORIENTED_EDGE('',*,*,#969,.T.);
#254=ORIENTED_EDGE('',*,*,#970,.T.);
#255=ORIENTED_EDGE('',*,*,#971,.F.);
#256=ORIENTED_EDGE('',*,*,#972,.F.);
#257=ORIENTED_EDGE('',*,*,#967,.T.);
#258=ORIENTED_EDGE('',*,*,#973,.T.);
#259=ORIENTED_EDGE('',*,*,#974,.F.);
#260=ORIENTED_EDGE('',*,*,#975,.F.);
#261=ORIENTED_EDGE('',*,*,#971,.T.);
#262=ORIENTED_EDGE('',*,*,#976,.F.);
#263=ORIENTED_EDGE('',*,*,#977,.F.);
#264=ORIENTED_EDGE('',*,*,#978,.T.);
#265=ORIENTED_EDGE('',*,*,#979,.T.);
#266=ORIENTED_EDGE('',*,*,#980,.T.);
#267=ORIENTED_EDGE('',*,*,#981,.F.);
#268=ORIENTED_EDGE('',*,*,#982,.F.);
#269=ORIENTED_EDGE('',*,*,#977,.T.);
#270=ORIENTED_EDGE('',*,*,#983,.T.);
#271=ORIENTED_EDGE('',*,*,#984,.F.);
#272=ORIENTED_EDGE('',*,*,#985,.F.);
#273=ORIENTED_EDGE('',*,*,#981,.T.);
#274=ORIENTED_EDGE('',*,*,#986,.F.);
#275=ORIENTED_EDGE('',*,*,#987,.F.);
#276=ORIENTED_EDGE('',*,*,#988,.T.);
#277=ORIENTED_EDGE('',*,*,#989,.T.);
#278=ORIENTED_EDGE('',*,*,#990,.F.);
#279=ORIENTED_EDGE('',*,*,#991,.F.);
#280=ORIENTED_EDGE('',*,*,#992,.T.);
#281=ORIENTED_EDGE('',*,*,#987,.T.);
#282=ORIENTED_EDGE('',*,*,#993,.T.);
#283=ORIENTED_EDGE('',*,*,#994,.F.);
#284=ORIENTED_EDGE('',*,*,#995,.F.);
#285=ORIENTED_EDGE('',*,*,#991,.T.);
#286=ORIENTED_EDGE('',*,*,#996,.T.);
#287=ORIENTED_EDGE('',*,*,#997,.F.);
#288=ORIENTED_EDGE('',*,*,#998,.F.);
#289=ORIENTED_EDGE('',*,*,#994,.T.);
#290=ORIENTED_EDGE('',*,*,#999,.F.);
#291=ORIENTED_EDGE('',*,*,#1000,.F.);
#292=ORIENTED_EDGE('',*,*,#1001,.T.);
#293=ORIENTED_EDGE('',*,*,#997,.T.);
#294=ORIENTED_EDGE('',*,*,#1002,.T.);
#295=ORIENTED_EDGE('',*,*,#1003,.F.);
#296=ORIENTED_EDGE('',*,*,#1004,.F.);
#297=ORIENTED_EDGE('',*,*,#1000,.T.);
#298=ORIENTED_EDGE('',*,*,#1005,.T.);
#299=ORIENTED_EDGE('',*,*,#1006,.F.);
#300=ORIENTED_EDGE('',*,*,#1007,.F.);
#301=ORIENTED_EDGE('',*,*,#1003,.T.);
#302=ORIENTED_EDGE('',*,*,#1008,.F.);
#303=ORIENTED_EDGE('',*,*,#1009,.F.);
#304=ORIENTED_EDGE('',*,*,#1010,.T.);
#305=ORIENTED_EDGE('',*,*,#1006,.T.);
#306=ORIENTED_EDGE('',*,*,#1011,.T.);
#307=ORIENTED_EDGE('',*,*,#1012,.F.);
#308=ORIENTED_EDGE('',*,*,#1013,.F.);
#309=ORIENTED_EDGE('',*,*,#1009,.T.);
#310=ORIENTED_EDGE('',*,*,#1014,.F.);
#311=ORIENTED_EDGE('',*,*,#829,.F.);
#312=ORIENTED_EDGE('',*,*,#1015,.T.);
#313=ORIENTED_EDGE('',*,*,#834,.T.);
#314=ORIENTED_EDGE('',*,*,#1016,.T.);
#315=ORIENTED_EDGE('',*,*,#839,.F.);
#316=ORIENTED_EDGE('',*,*,#1017,.F.);
#317=ORIENTED_EDGE('',*,*,#844,.T.);
#318=ORIENTED_EDGE('',*,*,#1018,.T.);
#319=ORIENTED_EDGE('',*,*,#849,.F.);
#320=ORIENTED_EDGE('',*,*,#1019,.F.);
#321=ORIENTED_EDGE('',*,*,#854,.T.);
#322=ORIENTED_EDGE('',*,*,#1020,.T.);
#323=ORIENTED_EDGE('',*,*,#859,.F.);
#324=ORIENTED_EDGE('',*,*,#1021,.F.);
#325=ORIENTED_EDGE('',*,*,#864,.T.);
#326=ORIENTED_EDGE('',*,*,#1022,.T.);
#327=ORIENTED_EDGE('',*,*,#1023,.F.);
#328=ORIENTED_EDGE('',*,*,#1024,.T.);
#329=ORIENTED_EDGE('',*,*,#1025,.F.);
#330=ORIENTED_EDGE('',*,*,#1026,.T.);
#331=ORIENTED_EDGE('',*,*,#869,.F.);
#332=ORIENTED_EDGE('',*,*,#1027,.F.);
#333=ORIENTED_EDGE('',*,*,#874,.T.);
#334=ORIENTED_EDGE('',*,*,#1028,.T.);
#335=ORIENTED_EDGE('',*,*,#879,.F.);
#336=ORIENTED_EDGE('',*,*,#1029,.F.);
#337=ORIENTED_EDGE('',*,*,#884,.T.);
#338=ORIENTED_EDGE('',*,*,#1030,.T.);
#339=ORIENTED_EDGE('',*,*,#889,.F.);
#340=ORIENTED_EDGE('',*,*,#1031,.F.);
#341=ORIENTED_EDGE('',*,*,#894,.T.);
#342=ORIENTED_EDGE('',*,*,#1032,.F.);
#343=ORIENTED_EDGE('',*,*,#899,.F.);
#344=ORIENTED_EDGE('',*,*,#1033,.T.);
#345=ORIENTED_EDGE('',*,*,#904,.T.);
#346=ORIENTED_EDGE('',*,*,#1034,.F.);
#347=ORIENTED_EDGE('',*,*,#909,.F.);
#348=ORIENTED_EDGE('',*,*,#1035,.T.);
#349=ORIENTED_EDGE('',*,*,#914,.T.);
#350=ORIENTED_EDGE('',*,*,#1036,.T.);
#351=ORIENTED_EDGE('',*,*,#919,.F.);
#352=ORIENTED_EDGE('',*,*,#1037,.F.);
#353=ORIENTED_EDGE('',*,*,#924,.T.);
#354=ORIENTED_EDGE('',*,*,#1038,.F.);
#355=ORIENTED_EDGE('',*,*,#929,.F.);
#356=ORIENTED_EDGE('',*,*,#1039,.T.);
#357=ORIENTED_EDGE('',*,*,#934,.T.);
#358=ORIENTED_EDGE('',*,*,#1040,.F.);
#359=ORIENTED_EDGE('',*,*,#939,.F.);
#360=ORIENTED_EDGE('',*,*,#1041,.T.);
#361=ORIENTED_EDGE('',*,*,#944,.T.);
#362=ORIENTED_EDGE('',*,*,#1042,.T.);
#363=ORIENTED_EDGE('',*,*,#949,.F.);
#364=ORIENTED_EDGE('',*,*,#1043,.F.);
#365=ORIENTED_EDGE('',*,*,#954,.T.);
#366=ORIENTED_EDGE('',*,*,#1044,.F.);
#367=ORIENTED_EDGE('',*,*,#959,.F.);
#368=ORIENTED_EDGE('',*,*,#1045,.T.);
#369=ORIENTED_EDGE('',*,*,#964,.T.);
#370=ORIENTED_EDGE('',*,*,#1046,.T.);
#371=ORIENTED_EDGE('',*,*,#969,.F.);
#372=ORIENTED_EDGE('',*,*,#1047,.F.);
#373=ORIENTED_EDGE('',*,*,#974,.T.);
#374=ORIENTED_EDGE('',*,*,#1048,.F.);
#375=ORIENTED_EDGE('',*,*,#979,.F.);
#376=ORIENTED_EDGE('',*,*,#1049,.T.);
#377=ORIENTED_EDGE('',*,*,#984,.T.);
#378=ORIENTED_EDGE('',*,*,#1050,.T.);
#379=ORIENTED_EDGE('',*,*,#1051,.F.);
#380=ORIENTED_EDGE('',*,*,#1052,.F.);
#381=ORIENTED_EDGE('',*,*,#989,.F.);
#382=ORIENTED_EDGE('',*,*,#1053,.T.);
#383=ORIENTED_EDGE('',*,*,#1012,.T.);
#384=ORIENTED_EDGE('',*,*,#1054,.F.);
#385=ORIENTED_EDGE('',*,*,#819,.F.);
#386=ORIENTED_EDGE('',*,*,#1055,.T.);
#387=ORIENTED_EDGE('',*,*,#824,.T.);
#388=ORIENTED_EDGE('',*,*,#1056,.T.);
#389=ORIENTED_EDGE('',*,*,#988,.F.);
#390=ORIENTED_EDGE('',*,*,#992,.F.);
#391=ORIENTED_EDGE('',*,*,#995,.T.);
#392=ORIENTED_EDGE('',*,*,#998,.T.);
#393=ORIENTED_EDGE('',*,*,#1001,.F.);
#394=ORIENTED_EDGE('',*,*,#1004,.T.);
#395=ORIENTED_EDGE('',*,*,#1007,.T.);
#396=ORIENTED_EDGE('',*,*,#1010,.F.);
#397=ORIENTED_EDGE('',*,*,#1013,.T.);
#398=ORIENTED_EDGE('',*,*,#1053,.F.);
#399=ORIENTED_EDGE('',*,*,#1050,.F.);
#400=ORIENTED_EDGE('',*,*,#978,.F.);
#401=ORIENTED_EDGE('',*,*,#982,.T.);
#402=ORIENTED_EDGE('',*,*,#985,.T.);
#403=ORIENTED_EDGE('',*,*,#1049,.F.);
#404=ORIENTED_EDGE('',*,*,#968,.F.);
#405=ORIENTED_EDGE('',*,*,#972,.T.);
#406=ORIENTED_EDGE('',*,*,#975,.T.);
#407=ORIENTED_EDGE('',*,*,#1047,.T.);
#408=ORIENTED_EDGE('',*,*,#958,.F.);
#409=ORIENTED_EDGE('',*,*,#962,.T.);
#410=ORIENTED_EDGE('',*,*,#965,.F.);
#411=ORIENTED_EDGE('',*,*,#1045,.F.);
#412=ORIENTED_EDGE('',*,*,#948,.T.);
#413=ORIENTED_EDGE('',*,*,#952,.T.);
#414=ORIENTED_EDGE('',*,*,#955,.T.);
#415=ORIENTED_EDGE('',*,*,#1043,.T.);
#416=ORIENTED_EDGE('',*,*,#938,.F.);
#417=ORIENTED_EDGE('',*,*,#942,.T.);
#418=ORIENTED_EDGE('',*,*,#945,.T.);
#419=ORIENTED_EDGE('',*,*,#1041,.F.);
#420=ORIENTED_EDGE('',*,*,#928,.T.);
#421=ORIENTED_EDGE('',*,*,#932,.T.);
#422=ORIENTED_EDGE('',*,*,#935,.F.);
#423=ORIENTED_EDGE('',*,*,#1039,.F.);
#424=ORIENTED_EDGE('',*,*,#918,.F.);
#425=ORIENTED_EDGE('',*,*,#922,.F.);
#426=ORIENTED_EDGE('',*,*,#925,.T.);
#427=ORIENTED_EDGE('',*,*,#1037,.T.);
#428=ORIENTED_EDGE('',*,*,#908,.T.);
#429=ORIENTED_EDGE('',*,*,#912,.T.);
#430=ORIENTED_EDGE('',*,*,#915,.F.);
#431=ORIENTED_EDGE('',*,*,#1035,.F.);
#432=ORIENTED_EDGE('',*,*,#898,.F.);
#433=ORIENTED_EDGE('',*,*,#902,.T.);
#434=ORIENTED_EDGE('',*,*,#905,.T.);
#435=ORIENTED_EDGE('',*,*,#1033,.F.);
#436=ORIENTED_EDGE('',*,*,#888,.T.);
#437=ORIENTED_EDGE('',*,*,#892,.F.);
#438=ORIENTED_EDGE('',*,*,#895,.F.);
#439=ORIENTED_EDGE('',*,*,#1031,.T.);
#440=ORIENTED_EDGE('',*,*,#878,.F.);
#441=ORIENTED_EDGE('',*,*,#882,.F.);
#442=ORIENTED_EDGE('',*,*,#885,.T.);
#443=ORIENTED_EDGE('',*,*,#1029,.T.);
#444=ORIENTED_EDGE('',*,*,#868,.T.);
#445=ORIENTED_EDGE('',*,*,#872,.F.);
#446=ORIENTED_EDGE('',*,*,#875,.F.);
#447=ORIENTED_EDGE('',*,*,#1027,.T.);
#448=ORIENTED_EDGE('',*,*,#1024,.F.);
#449=ORIENTED_EDGE('',*,*,#1022,.F.);
#450=ORIENTED_EDGE('',*,*,#858,.F.);
#451=ORIENTED_EDGE('',*,*,#862,.F.);
#452=ORIENTED_EDGE('',*,*,#865,.T.);
#453=ORIENTED_EDGE('',*,*,#1021,.T.);
#454=ORIENTED_EDGE('',*,*,#848,.F.);
#455=ORIENTED_EDGE('',*,*,#852,.F.);
#456=ORIENTED_EDGE('',*,*,#855,.T.);
#457=ORIENTED_EDGE('',*,*,#1019,.T.);
#458=ORIENTED_EDGE('',*,*,#838,.F.);
#459=ORIENTED_EDGE('',*,*,#842,.F.);
#460=ORIENTED_EDGE('',*,*,#845,.T.);
#461=ORIENTED_EDGE('',*,*,#1017,.T.);
#462=ORIENTED_EDGE('',*,*,#828,.F.);
#463=ORIENTED_EDGE('',*,*,#832,.T.);
#464=ORIENTED_EDGE('',*,*,#835,.T.);
#465=ORIENTED_EDGE('',*,*,#1015,.F.);
#466=ORIENTED_EDGE('',*,*,#818,.T.);
#467=ORIENTED_EDGE('',*,*,#822,.T.);
#468=ORIENTED_EDGE('',*,*,#825,.F.);
#469=ORIENTED_EDGE('',*,*,#1055,.F.);
#470=ORIENTED_EDGE('',*,*,#1057,.F.);
#471=ORIENTED_EDGE('',*,*,#986,.T.);
#472=ORIENTED_EDGE('',*,*,#1052,.T.);
#473=ORIENTED_EDGE('',*,*,#1011,.F.);
#474=ORIENTED_EDGE('',*,*,#1008,.T.);
#475=ORIENTED_EDGE('',*,*,#1005,.F.);
#476=ORIENTED_EDGE('',*,*,#1002,.F.);
#477=ORIENTED_EDGE('',*,*,#999,.T.);
#478=ORIENTED_EDGE('',*,*,#996,.F.);
#479=ORIENTED_EDGE('',*,*,#993,.F.);
#480=ORIENTED_EDGE('',*,*,#990,.T.);
#481=ORIENTED_EDGE('',*,*,#1051,.T.);
#482=ORIENTED_EDGE('',*,*,#976,.T.);
#483=ORIENTED_EDGE('',*,*,#1048,.T.);
#484=ORIENTED_EDGE('',*,*,#983,.F.);
#485=ORIENTED_EDGE('',*,*,#980,.F.);
#486=ORIENTED_EDGE('',*,*,#966,.T.);
#487=ORIENTED_EDGE('',*,*,#1046,.F.);
#488=ORIENTED_EDGE('',*,*,#973,.F.);
#489=ORIENTED_EDGE('',*,*,#970,.F.);
#490=ORIENTED_EDGE('',*,*,#956,.T.);
#491=ORIENTED_EDGE('',*,*,#1044,.T.);
#492=ORIENTED_EDGE('',*,*,#963,.T.);
#493=ORIENTED_EDGE('',*,*,#960,.F.);
#494=ORIENTED_EDGE('',*,*,#946,.F.);
#495=ORIENTED_EDGE('',*,*,#1042,.F.);
#496=ORIENTED_EDGE('',*,*,#953,.F.);
#497=ORIENTED_EDGE('',*,*,#950,.F.);
#498=ORIENTED_EDGE('',*,*,#936,.T.);
#499=ORIENTED_EDGE('',*,*,#1040,.T.);
#500=ORIENTED_EDGE('',*,*,#943,.F.);
#501=ORIENTED_EDGE('',*,*,#940,.F.);
#502=ORIENTED_EDGE('',*,*,#926,.F.);
#503=ORIENTED_EDGE('',*,*,#1038,.T.);
#504=ORIENTED_EDGE('',*,*,#933,.T.);
#505=ORIENTED_EDGE('',*,*,#930,.F.);
#506=ORIENTED_EDGE('',*,*,#916,.T.);
#507=ORIENTED_EDGE('',*,*,#1036,.F.);
#508=ORIENTED_EDGE('',*,*,#923,.F.);
#509=ORIENTED_EDGE('',*,*,#920,.T.);
#510=ORIENTED_EDGE('',*,*,#906,.F.);
#511=ORIENTED_EDGE('',*,*,#1034,.T.);
#512=ORIENTED_EDGE('',*,*,#913,.T.);
#513=ORIENTED_EDGE('',*,*,#910,.F.);
#514=ORIENTED_EDGE('',*,*,#896,.T.);
#515=ORIENTED_EDGE('',*,*,#1032,.T.);
#516=ORIENTED_EDGE('',*,*,#903,.F.);
#517=ORIENTED_EDGE('',*,*,#900,.F.);
#518=ORIENTED_EDGE('',*,*,#886,.F.);
#519=ORIENTED_EDGE('',*,*,#1030,.F.);
#520=ORIENTED_EDGE('',*,*,#893,.T.);
#521=ORIENTED_EDGE('',*,*,#890,.T.);
#522=ORIENTED_EDGE('',*,*,#876,.T.);
#523=ORIENTED_EDGE('',*,*,#1028,.F.);
#524=ORIENTED_EDGE('',*,*,#883,.F.);
#525=ORIENTED_EDGE('',*,*,#880,.T.);
#526=ORIENTED_EDGE('',*,*,#866,.F.);
#527=ORIENTED_EDGE('',*,*,#1026,.F.);
#528=ORIENTED_EDGE('',*,*,#873,.T.);
#529=ORIENTED_EDGE('',*,*,#870,.T.);
#530=ORIENTED_EDGE('',*,*,#1025,.T.);
#531=ORIENTED_EDGE('',*,*,#1023,.T.);
#532=ORIENTED_EDGE('',*,*,#856,.T.);
#533=ORIENTED_EDGE('',*,*,#1020,.F.);
#534=ORIENTED_EDGE('',*,*,#863,.F.);
#535=ORIENTED_EDGE('',*,*,#860,.T.);
#536=ORIENTED_EDGE('',*,*,#846,.T.);
#537=ORIENTED_EDGE('',*,*,#1018,.F.);
#538=ORIENTED_EDGE('',*,*,#853,.F.);
#539=ORIENTED_EDGE('',*,*,#850,.T.);
#540=ORIENTED_EDGE('',*,*,#836,.T.);
#541=ORIENTED_EDGE('',*,*,#1016,.F.);
#542=ORIENTED_EDGE('',*,*,#843,.F.);
#543=ORIENTED_EDGE('',*,*,#840,.T.);
#544=ORIENTED_EDGE('',*,*,#826,.T.);
#545=ORIENTED_EDGE('',*,*,#1014,.T.);
#546=ORIENTED_EDGE('',*,*,#833,.F.);
#547=ORIENTED_EDGE('',*,*,#830,.F.);
#548=ORIENTED_EDGE('',*,*,#816,.F.);
#549=ORIENTED_EDGE('',*,*,#1054,.T.);
#550=ORIENTED_EDGE('',*,*,#823,.T.);
#551=ORIENTED_EDGE('',*,*,#820,.F.);
#552=ORIENTED_EDGE('',*,*,#1056,.F.);
#553=ORIENTED_EDGE('',*,*,#1057,.T.);
#554=ORIENTED_EDGE('',*,*,#1058,.F.);
#555=ORIENTED_EDGE('',*,*,#1059,.F.);
#556=ORIENTED_EDGE('',*,*,#1060,.T.);
#557=ORIENTED_EDGE('',*,*,#1061,.T.);
#558=ORIENTED_EDGE('',*,*,#1062,.T.);
#559=ORIENTED_EDGE('',*,*,#1063,.F.);
#560=ORIENTED_EDGE('',*,*,#1064,.F.);
#561=ORIENTED_EDGE('',*,*,#1059,.T.);
#562=ORIENTED_EDGE('',*,*,#1065,.T.);
#563=ORIENTED_EDGE('',*,*,#1066,.F.);
#564=ORIENTED_EDGE('',*,*,#1067,.F.);
#565=ORIENTED_EDGE('',*,*,#1063,.T.);
#566=ORIENTED_EDGE('',*,*,#1068,.F.);
#567=ORIENTED_EDGE('',*,*,#1061,.F.);
#568=ORIENTED_EDGE('',*,*,#1069,.T.);
#569=ORIENTED_EDGE('',*,*,#1066,.T.);
#570=ORIENTED_EDGE('',*,*,#1060,.F.);
#571=ORIENTED_EDGE('',*,*,#1064,.T.);
#572=ORIENTED_EDGE('',*,*,#1067,.T.);
#573=ORIENTED_EDGE('',*,*,#1069,.F.);
#574=ORIENTED_EDGE('',*,*,#1058,.T.);
#575=ORIENTED_EDGE('',*,*,#1068,.T.);
#576=ORIENTED_EDGE('',*,*,#1065,.F.);
#577=ORIENTED_EDGE('',*,*,#1062,.F.);
#578=ORIENTED_EDGE('',*,*,#1070,.T.);
#579=ORIENTED_EDGE('',*,*,#1071,.T.);
#580=ORIENTED_EDGE('',*,*,#1072,.T.);
#581=ORIENTED_EDGE('',*,*,#1073,.T.);
#582=ORIENTED_EDGE('',*,*,#1074,.F.);
#583=ORIENTED_EDGE('',*,*,#1075,.T.);
#584=ORIENTED_EDGE('',*,*,#1076,.F.);
#585=ORIENTED_EDGE('',*,*,#1077,.T.);
#586=ORIENTED_EDGE('',*,*,#1078,.T.);
#587=ORIENTED_EDGE('',*,*,#1079,.T.);
#588=ORIENTED_EDGE('',*,*,#1080,.T.);
#589=ORIENTED_EDGE('',*,*,#1081,.F.);
#590=ORIENTED_EDGE('',*,*,#1082,.T.);
#591=ORIENTED_EDGE('',*,*,#1083,.F.);
#592=ORIENTED_EDGE('',*,*,#1084,.T.);
#593=ORIENTED_EDGE('',*,*,#1085,.F.);
#594=ORIENTED_EDGE('',*,*,#1086,.F.);
#595=ORIENTED_EDGE('',*,*,#1087,.T.);
#596=ORIENTED_EDGE('',*,*,#1088,.T.);
#597=ORIENTED_EDGE('',*,*,#1089,.F.);
#598=ORIENTED_EDGE('',*,*,#1090,.F.);
#599=ORIENTED_EDGE('',*,*,#1091,.F.);
#600=ORIENTED_EDGE('',*,*,#1092,.T.);
#601=ORIENTED_EDGE('',*,*,#1093,.F.);
#602=ORIENTED_EDGE('',*,*,#1094,.T.);
#603=ORIENTED_EDGE('',*,*,#1095,.F.);
#604=ORIENTED_EDGE('',*,*,#1096,.F.);
#605=ORIENTED_EDGE('',*,*,#1097,.T.);
#606=ORIENTED_EDGE('',*,*,#1098,.T.);
#607=ORIENTED_EDGE('',*,*,#1099,.F.);
#608=ORIENTED_EDGE('',*,*,#1100,.T.);
#609=ORIENTED_EDGE('',*,*,#1101,.T.);
#610=ORIENTED_EDGE('',*,*,#1102,.F.);
#611=ORIENTED_EDGE('',*,*,#1103,.F.);
#612=ORIENTED_EDGE('',*,*,#1104,.T.);
#613=ORIENTED_EDGE('',*,*,#1099,.T.);
#614=ORIENTED_EDGE('',*,*,#1105,.T.);
#615=ORIENTED_EDGE('',*,*,#1106,.F.);
#616=ORIENTED_EDGE('',*,*,#1107,.T.);
#617=ORIENTED_EDGE('',*,*,#1103,.T.);
#618=ORIENTED_EDGE('',*,*,#1108,.T.);
#619=ORIENTED_EDGE('',*,*,#1109,.F.);
#620=ORIENTED_EDGE('',*,*,#1089,.T.);
#621=ORIENTED_EDGE('',*,*,#1110,.T.);
#622=ORIENTED_EDGE('',*,*,#1106,.T.);
#623=ORIENTED_EDGE('',*,*,#1111,.F.);
#624=ORIENTED_EDGE('',*,*,#1112,.F.);
#625=ORIENTED_EDGE('',*,*,#1076,.T.);
#626=ORIENTED_EDGE('',*,*,#1113,.T.);
#627=ORIENTED_EDGE('',*,*,#1114,.F.);
#628=ORIENTED_EDGE('',*,*,#1115,.T.);
#629=ORIENTED_EDGE('',*,*,#1116,.F.);
#630=ORIENTED_EDGE('',*,*,#1117,.F.);
#631=ORIENTED_EDGE('',*,*,#1077,.F.);
#632=ORIENTED_EDGE('',*,*,#1112,.T.);
#633=ORIENTED_EDGE('',*,*,#1118,.F.);
#634=ORIENTED_EDGE('',*,*,#1119,.F.);
#635=ORIENTED_EDGE('',*,*,#1120,.T.);
#636=ORIENTED_EDGE('',*,*,#1116,.T.);
#637=ORIENTED_EDGE('',*,*,#1121,.F.);
#638=ORIENTED_EDGE('',*,*,#1122,.T.);
#639=ORIENTED_EDGE('',*,*,#1079,.F.);
#640=ORIENTED_EDGE('',*,*,#1123,.T.);
#641=ORIENTED_EDGE('',*,*,#1119,.T.);
#642=ORIENTED_EDGE('',*,*,#1124,.T.);
#643=ORIENTED_EDGE('',*,*,#1125,.F.);
#644=ORIENTED_EDGE('',*,*,#1126,.T.);
#645=ORIENTED_EDGE('',*,*,#1121,.T.);
#646=ORIENTED_EDGE('',*,*,#1127,.T.);
#647=ORIENTED_EDGE('',*,*,#1128,.F.);
#648=ORIENTED_EDGE('',*,*,#1129,.T.);
#649=ORIENTED_EDGE('',*,*,#1125,.T.);
#650=ORIENTED_EDGE('',*,*,#1130,.F.);
#651=ORIENTED_EDGE('',*,*,#1131,.F.);
#652=ORIENTED_EDGE('',*,*,#1132,.T.);
#653=ORIENTED_EDGE('',*,*,#1128,.T.);
#654=ORIENTED_EDGE('',*,*,#1133,.F.);
#655=ORIENTED_EDGE('',*,*,#1101,.F.);
#656=ORIENTED_EDGE('',*,*,#1134,.T.);
#657=ORIENTED_EDGE('',*,*,#1131,.T.);
#658=ORIENTED_EDGE('',*,*,#1135,.F.);
#659=ORIENTED_EDGE('',*,*,#1102,.T.);
#660=ORIENTED_EDGE('',*,*,#1135,.T.);
#661=ORIENTED_EDGE('',*,*,#1133,.T.);
#662=ORIENTED_EDGE('',*,*,#1130,.T.);
#663=ORIENTED_EDGE('',*,*,#1127,.F.);
#664=ORIENTED_EDGE('',*,*,#1124,.F.);
#665=ORIENTED_EDGE('',*,*,#1118,.T.);
#666=ORIENTED_EDGE('',*,*,#1115,.F.);
#667=ORIENTED_EDGE('',*,*,#1111,.T.);
#668=ORIENTED_EDGE('',*,*,#1108,.F.);
#669=ORIENTED_EDGE('',*,*,#1105,.F.);
#670=ORIENTED_EDGE('',*,*,#1136,.F.);
#671=ORIENTED_EDGE('',*,*,#1137,.F.);
#672=ORIENTED_EDGE('',*,*,#1138,.T.);
#673=ORIENTED_EDGE('',*,*,#1074,.T.);
#674=ORIENTED_EDGE('',*,*,#1139,.T.);
#675=ORIENTED_EDGE('',*,*,#1140,.F.);
#676=ORIENTED_EDGE('',*,*,#1141,.F.);
#677=ORIENTED_EDGE('',*,*,#1091,.T.);
#678=ORIENTED_EDGE('',*,*,#1142,.T.);
#679=ORIENTED_EDGE('',*,*,#1143,.F.);
#680=ORIENTED_EDGE('',*,*,#1092,.F.);
#681=ORIENTED_EDGE('',*,*,#1141,.T.);
#682=ORIENTED_EDGE('',*,*,#1144,.F.);
#683=ORIENTED_EDGE('',*,*,#1145,.F.);
#684=ORIENTED_EDGE('',*,*,#1093,.T.);
#685=ORIENTED_EDGE('',*,*,#1143,.T.);
#686=ORIENTED_EDGE('',*,*,#1146,.T.);
#687=ORIENTED_EDGE('',*,*,#1147,.F.);
#688=ORIENTED_EDGE('',*,*,#1094,.F.);
#689=ORIENTED_EDGE('',*,*,#1145,.T.);
#690=ORIENTED_EDGE('',*,*,#1148,.F.);
#691=ORIENTED_EDGE('',*,*,#1149,.F.);
#692=ORIENTED_EDGE('',*,*,#1095,.T.);
#693=ORIENTED_EDGE('',*,*,#1147,.T.);
#694=ORIENTED_EDGE('',*,*,#1150,.F.);
#695=ORIENTED_EDGE('',*,*,#1151,.F.);
#696=ORIENTED_EDGE('',*,*,#1096,.T.);
#697=ORIENTED_EDGE('',*,*,#1149,.T.);
#698=ORIENTED_EDGE('',*,*,#1152,.T.);
#699=ORIENTED_EDGE('',*,*,#1153,.F.);
#700=ORIENTED_EDGE('',*,*,#1097,.F.);
#701=ORIENTED_EDGE('',*,*,#1151,.T.);
#702=ORIENTED_EDGE('',*,*,#1120,.F.);
#703=ORIENTED_EDGE('',*,*,#1123,.F.);
#704=ORIENTED_EDGE('',*,*,#1078,.F.);
#705=ORIENTED_EDGE('',*,*,#1117,.T.);
#706=ORIENTED_EDGE('',*,*,#1154,.T.);
#707=ORIENTED_EDGE('',*,*,#1139,.F.);
#708=ORIENTED_EDGE('',*,*,#1098,.F.);
#709=ORIENTED_EDGE('',*,*,#1153,.T.);
#710=ORIENTED_EDGE('',*,*,#1142,.F.);
#711=ORIENTED_EDGE('',*,*,#1140,.T.);
#712=ORIENTED_EDGE('',*,*,#1154,.F.);
#713=ORIENTED_EDGE('',*,*,#1152,.F.);
#714=ORIENTED_EDGE('',*,*,#1150,.T.);
#715=ORIENTED_EDGE('',*,*,#1148,.T.);
#716=ORIENTED_EDGE('',*,*,#1146,.F.);
#717=ORIENTED_EDGE('',*,*,#1144,.T.);
#718=ORIENTED_EDGE('',*,*,#1155,.F.);
#719=ORIENTED_EDGE('',*,*,#1155,.T.);
#720=ORIENTED_EDGE('',*,*,#1073,.F.);
#721=ORIENTED_EDGE('',*,*,#1156,.F.);
#722=ORIENTED_EDGE('',*,*,#1156,.T.);
#723=ORIENTED_EDGE('',*,*,#1072,.F.);
#724=ORIENTED_EDGE('',*,*,#1157,.F.);
#725=ORIENTED_EDGE('',*,*,#1157,.T.);
#726=ORIENTED_EDGE('',*,*,#1071,.F.);
#727=ORIENTED_EDGE('',*,*,#1158,.F.);
#728=ORIENTED_EDGE('',*,*,#1158,.T.);
#729=ORIENTED_EDGE('',*,*,#1070,.F.);
#730=ORIENTED_EDGE('',*,*,#1082,.F.);
#731=ORIENTED_EDGE('',*,*,#1159,.F.);
#732=ORIENTED_EDGE('',*,*,#1160,.T.);
#733=ORIENTED_EDGE('',*,*,#1161,.T.);
#734=ORIENTED_EDGE('',*,*,#1081,.T.);
#735=ORIENTED_EDGE('',*,*,#1162,.T.);
#736=ORIENTED_EDGE('',*,*,#1163,.F.);
#737=ORIENTED_EDGE('',*,*,#1159,.T.);
#738=ORIENTED_EDGE('',*,*,#1164,.T.);
#739=ORIENTED_EDGE('',*,*,#1165,.T.);
#740=ORIENTED_EDGE('',*,*,#1087,.F.);
#741=ORIENTED_EDGE('',*,*,#1166,.F.);
#742=ORIENTED_EDGE('',*,*,#1086,.T.);
#743=ORIENTED_EDGE('',*,*,#1167,.F.);
#744=ORIENTED_EDGE('',*,*,#1168,.F.);
#745=ORIENTED_EDGE('',*,*,#1166,.T.);
#746=ORIENTED_EDGE('',*,*,#1085,.T.);
#747=ORIENTED_EDGE('',*,*,#1169,.F.);
#748=ORIENTED_EDGE('',*,*,#1170,.F.);
#749=ORIENTED_EDGE('',*,*,#1167,.T.);
#750=ORIENTED_EDGE('',*,*,#1084,.F.);
#751=ORIENTED_EDGE('',*,*,#1171,.F.);
#752=ORIENTED_EDGE('',*,*,#1172,.T.);
#753=ORIENTED_EDGE('',*,*,#1169,.T.);
#754=ORIENTED_EDGE('',*,*,#1083,.T.);
#755=ORIENTED_EDGE('',*,*,#1161,.F.);
#756=ORIENTED_EDGE('',*,*,#1173,.F.);
#757=ORIENTED_EDGE('',*,*,#1171,.T.);
#758=ORIENTED_EDGE('',*,*,#1174,.T.);
#759=ORIENTED_EDGE('',*,*,#1175,.T.);
#760=ORIENTED_EDGE('',*,*,#1164,.F.);
#761=ORIENTED_EDGE('',*,*,#1168,.T.);
#762=ORIENTED_EDGE('',*,*,#1170,.T.);
#763=ORIENTED_EDGE('',*,*,#1172,.F.);
#764=ORIENTED_EDGE('',*,*,#1173,.T.);
#765=ORIENTED_EDGE('',*,*,#1160,.F.);
#766=ORIENTED_EDGE('',*,*,#1163,.T.);
#767=ORIENTED_EDGE('',*,*,#1176,.T.);
#768=ORIENTED_EDGE('',*,*,#1177,.T.);
#769=ORIENTED_EDGE('',*,*,#1178,.T.);
#770=ORIENTED_EDGE('',*,*,#1179,.T.);
#771=ORIENTED_EDGE('',*,*,#1180,.T.);
#772=ORIENTED_EDGE('',*,*,#1122,.F.);
#773=ORIENTED_EDGE('',*,*,#1126,.F.);
#774=ORIENTED_EDGE('',*,*,#1181,.F.);
#775=ORIENTED_EDGE('',*,*,#1176,.F.);
#776=ORIENTED_EDGE('',*,*,#1162,.F.);
#777=ORIENTED_EDGE('',*,*,#1080,.F.);
#778=ORIENTED_EDGE('',*,*,#1181,.T.);
#779=ORIENTED_EDGE('',*,*,#1129,.F.);
#780=ORIENTED_EDGE('',*,*,#1182,.F.);
#781=ORIENTED_EDGE('',*,*,#1177,.F.);
#782=ORIENTED_EDGE('',*,*,#1182,.T.);
#783=ORIENTED_EDGE('',*,*,#1132,.F.);
#784=ORIENTED_EDGE('',*,*,#1183,.F.);
#785=ORIENTED_EDGE('',*,*,#1178,.F.);
#786=ORIENTED_EDGE('',*,*,#1183,.T.);
#787=ORIENTED_EDGE('',*,*,#1134,.F.);
#788=ORIENTED_EDGE('',*,*,#1184,.F.);
#789=ORIENTED_EDGE('',*,*,#1179,.F.);
#790=ORIENTED_EDGE('',*,*,#1184,.T.);
#791=ORIENTED_EDGE('',*,*,#1100,.F.);
#792=ORIENTED_EDGE('',*,*,#1185,.F.);
#793=ORIENTED_EDGE('',*,*,#1180,.F.);
#794=ORIENTED_EDGE('',*,*,#1185,.T.);
#795=ORIENTED_EDGE('',*,*,#1104,.F.);
#796=ORIENTED_EDGE('',*,*,#1186,.F.);
#797=ORIENTED_EDGE('',*,*,#1174,.F.);
#798=ORIENTED_EDGE('',*,*,#1186,.T.);
#799=ORIENTED_EDGE('',*,*,#1107,.F.);
#800=ORIENTED_EDGE('',*,*,#1110,.F.);
#801=ORIENTED_EDGE('',*,*,#1088,.F.);
#802=ORIENTED_EDGE('',*,*,#1165,.F.);
#803=ORIENTED_EDGE('',*,*,#1175,.F.);
#804=ORIENTED_EDGE('',*,*,#1136,.T.);
#805=ORIENTED_EDGE('',*,*,#1090,.T.);
#806=ORIENTED_EDGE('',*,*,#1109,.T.);
#807=ORIENTED_EDGE('',*,*,#1187,.F.);
#808=ORIENTED_EDGE('',*,*,#1137,.T.);
#809=ORIENTED_EDGE('',*,*,#1187,.T.);
#810=ORIENTED_EDGE('',*,*,#1114,.T.);
#811=ORIENTED_EDGE('',*,*,#1188,.F.);
#812=ORIENTED_EDGE('',*,*,#1188,.T.);
#813=ORIENTED_EDGE('',*,*,#1113,.F.);
#814=ORIENTED_EDGE('',*,*,#1075,.F.);
#815=ORIENTED_EDGE('',*,*,#1138,.F.);
#816=EDGE_CURVE('',#1189,#1190,#1441,.T.);
#817=EDGE_CURVE('',#1191,#1190,#1442,.T.);
#818=EDGE_CURVE('',#1192,#1191,#1443,.T.);
#819=EDGE_CURVE('',#1192,#1189,#1444,.T.);
#820=EDGE_CURVE('',#1190,#1193,#1445,.T.);
#821=EDGE_CURVE('',#1194,#1193,#1446,.T.);
#822=EDGE_CURVE('',#1191,#1194,#1447,.T.);
#823=EDGE_CURVE('',#1195,#1193,#1448,.T.);
#824=EDGE_CURVE('',#1196,#1195,#1449,.T.);
#825=EDGE_CURVE('',#1196,#1194,#1450,.T.);
#826=EDGE_CURVE('',#1197,#1198,#1451,.T.);
#827=EDGE_CURVE('',#1199,#1197,#1452,.T.);
#828=EDGE_CURVE('',#1199,#1200,#1453,.T.);
#829=EDGE_CURVE('',#1200,#1198,#1454,.T.);
#830=EDGE_CURVE('',#1197,#1201,#1455,.T.);
#831=EDGE_CURVE('',#1202,#1201,#1456,.T.);
#832=EDGE_CURVE('',#1199,#1202,#1457,.T.);
#833=EDGE_CURVE('',#1201,#1203,#1458,.T.);
#834=EDGE_CURVE('',#1204,#1203,#1459,.T.);
#835=EDGE_CURVE('',#1202,#1204,#1460,.T.);
#836=EDGE_CURVE('',#1205,#1206,#1461,.T.);
#837=EDGE_CURVE('',#1207,#1205,#1462,.T.);
#838=EDGE_CURVE('',#1207,#1208,#1463,.T.);
#839=EDGE_CURVE('',#1208,#1206,#1464,.T.);
#840=EDGE_CURVE('',#1209,#1205,#1465,.T.);
#841=EDGE_CURVE('',#1210,#1209,#1466,.T.);
#842=EDGE_CURVE('',#1210,#1207,#1467,.T.);
#843=EDGE_CURVE('',#1209,#1211,#1468,.T.);
#844=EDGE_CURVE('',#1212,#1211,#1469,.T.);
#845=EDGE_CURVE('',#1210,#1212,#1470,.T.);
#846=EDGE_CURVE('',#1213,#1214,#1471,.T.);
#847=EDGE_CURVE('',#1215,#1213,#1472,.T.);
#848=EDGE_CURVE('',#1215,#1216,#1473,.T.);
#849=EDGE_CURVE('',#1216,#1214,#1474,.T.);
#850=EDGE_CURVE('',#1217,#1213,#1475,.T.);
#851=EDGE_CURVE('',#1218,#1217,#1476,.T.);
#852=EDGE_CURVE('',#1218,#1215,#1477,.T.);
#853=EDGE_CURVE('',#1217,#1219,#1478,.T.);
#854=EDGE_CURVE('',#1220,#1219,#1479,.T.);
#855=EDGE_CURVE('',#1218,#1220,#1480,.T.);
#856=EDGE_CURVE('',#1221,#1222,#1481,.T.);
#857=EDGE_CURVE('',#1223,#1221,#1482,.T.);
#858=EDGE_CURVE('',#1223,#1224,#1483,.T.);
#859=EDGE_CURVE('',#1224,#1222,#1484,.T.);
#860=EDGE_CURVE('',#1225,#1221,#1485,.T.);
#861=EDGE_CURVE('',#1226,#1225,#1486,.T.);
#862=EDGE_CURVE('',#1226,#1223,#1487,.T.);
#863=EDGE_CURVE('',#1225,#1227,#1488,.T.);
#864=EDGE_CURVE('',#1228,#1227,#1489,.T.);
#865=EDGE_CURVE('',#1226,#1228,#1490,.T.);
#866=EDGE_CURVE('',#1229,#1230,#1491,.T.);
#867=EDGE_CURVE('',#1231,#1230,#1492,.T.);
#868=EDGE_CURVE('',#1232,#1231,#1493,.T.);
#869=EDGE_CURVE('',#1232,#1229,#1494,.T.);
#870=EDGE_CURVE('',#1233,#1230,#1495,.T.);
#871=EDGE_CURVE('',#1234,#1233,#1496,.T.);
#872=EDGE_CURVE('',#1234,#1231,#1497,.T.);
#873=EDGE_CURVE('',#1235,#1233,#1498,.T.);
#874=EDGE_CURVE('',#1236,#1235,#1499,.T.);
#875=EDGE_CURVE('',#1236,#1234,#1500,.T.);
#876=EDGE_CURVE('',#1237,#1238,#1501,.T.);
#877=EDGE_CURVE('',#1239,#1237,#1502,.T.);
#878=EDGE_CURVE('',#1239,#1240,#1503,.T.);
#879=EDGE_CURVE('',#1240,#1238,#1504,.T.);
#880=EDGE_CURVE('',#1241,#1237,#1505,.T.);
#881=EDGE_CURVE('',#1242,#1241,#1506,.T.);
#882=EDGE_CURVE('',#1242,#1239,#1507,.T.);
#883=EDGE_CURVE('',#1241,#1243,#1508,.T.);
#884=EDGE_CURVE('',#1244,#1243,#1509,.T.);
#885=EDGE_CURVE('',#1242,#1244,#1510,.T.);
#886=EDGE_CURVE('',#1245,#1246,#1511,.T.);
#887=EDGE_CURVE('',#1247,#1246,#1512,.T.);
#888=EDGE_CURVE('',#1248,#1247,#1513,.T.);
#889=EDGE_CURVE('',#1248,#1245,#1514,.T.);
#890=EDGE_CURVE('',#1249,#1246,#1515,.T.);
#891=EDGE_CURVE('',#1250,#1249,#1516,.T.);
#892=EDGE_CURVE('',#1250,#1247,#1517,.T.);
#893=EDGE_CURVE('',#1251,#1249,#1518,.T.);
#894=EDGE_CURVE('',#1252,#1251,#1519,.T.);
#895=EDGE_CURVE('',#1252,#1250,#1520,.T.);
#896=EDGE_CURVE('',#1253,#1254,#1521,.T.);
#897=EDGE_CURVE('',#1255,#1253,#1522,.T.);
#898=EDGE_CURVE('',#1255,#1256,#1523,.T.);
#899=EDGE_CURVE('',#1256,#1254,#1524,.T.);
#900=EDGE_CURVE('',#1253,#1257,#1525,.T.);
#901=EDGE_CURVE('',#1258,#1257,#1526,.T.);
#902=EDGE_CURVE('',#1255,#1258,#1527,.T.);
#903=EDGE_CURVE('',#1257,#1259,#1528,.T.);
#904=EDGE_CURVE('',#1260,#1259,#1529,.T.);
#905=EDGE_CURVE('',#1258,#1260,#1530,.T.);
#906=EDGE_CURVE('',#1261,#1262,#1531,.T.);
#907=EDGE_CURVE('',#1263,#1262,#1532,.T.);
#908=EDGE_CURVE('',#1264,#1263,#1533,.T.);
#909=EDGE_CURVE('',#1264,#1261,#1534,.T.);
#910=EDGE_CURVE('',#1262,#1265,#1535,.T.);
#911=EDGE_CURVE('',#1266,#1265,#1536,.T.);
#912=EDGE_CURVE('',#1263,#1266,#1537,.T.);
#913=EDGE_CURVE('',#1267,#1265,#1538,.T.);
#914=EDGE_CURVE('',#1268,#1267,#1539,.T.);
#915=EDGE_CURVE('',#1268,#1266,#1540,.T.);
#916=EDGE_CURVE('',#1269,#1270,#1541,.T.);
#917=EDGE_CURVE('',#1271,#1269,#1542,.T.);
#918=EDGE_CURVE('',#1271,#1272,#1543,.T.);
#919=EDGE_CURVE('',#1272,#1270,#1544,.T.);
#920=EDGE_CURVE('',#1273,#1269,#1545,.T.);
#921=EDGE_CURVE('',#1274,#1273,#1546,.T.);
#922=EDGE_CURVE('',#1274,#1271,#1547,.T.);
#923=EDGE_CURVE('',#1273,#1275,#1548,.T.);
#924=EDGE_CURVE('',#1276,#1275,#1549,.T.);
#925=EDGE_CURVE('',#1274,#1276,#1550,.T.);
#926=EDGE_CURVE('',#1277,#1278,#1551,.T.);
#927=EDGE_CURVE('',#1279,#1278,#1552,.T.);
#928=EDGE_CURVE('',#1280,#1279,#1553,.T.);
#929=EDGE_CURVE('',#1280,#1277,#1554,.T.);
#930=EDGE_CURVE('',#1278,#1281,#1555,.T.);
#931=EDGE_CURVE('',#1282,#1281,#1556,.T.);
#932=EDGE_CURVE('',#1279,#1282,#1557,.T.);
#933=EDGE_CURVE('',#1283,#1281,#1558,.T.);
#934=EDGE_CURVE('',#1284,#1283,#1559,.T.);
#935=EDGE_CURVE('',#1284,#1282,#1560,.T.);
#936=EDGE_CURVE('',#1285,#1286,#1561,.T.);
#937=EDGE_CURVE('',#1287,#1285,#1562,.T.);
#938=EDGE_CURVE('',#1287,#1288,#1563,.T.);
#939=EDGE_CURVE('',#1288,#1286,#1564,.T.);
#940=EDGE_CURVE('',#1285,#1289,#1565,.T.);
#941=EDGE_CURVE('',#1290,#1289,#1566,.T.);
#942=EDGE_CURVE('',#1287,#1290,#1567,.T.);
#943=EDGE_CURVE('',#1289,#1291,#1568,.T.);
#944=EDGE_CURVE('',#1292,#1291,#1569,.T.);
#945=EDGE_CURVE('',#1290,#1292,#1570,.T.);
#946=EDGE_CURVE('',#1293,#1294,#1571,.T.);
#947=EDGE_CURVE('',#1295,#1294,#1572,.T.);
#948=EDGE_CURVE('',#1296,#1295,#1573,.T.);
#949=EDGE_CURVE('',#1296,#1293,#1574,.T.);
#950=EDGE_CURVE('',#1294,#1297,#1575,.T.);
#951=EDGE_CURVE('',#1298,#1297,#1576,.T.);
#952=EDGE_CURVE('',#1295,#1298,#1577,.T.);
#953=EDGE_CURVE('',#1297,#1299,#1578,.T.);
#954=EDGE_CURVE('',#1300,#1299,#1579,.T.);
#955=EDGE_CURVE('',#1298,#1300,#1580,.T.);
#956=EDGE_CURVE('',#1301,#1302,#1581,.T.);
#957=EDGE_CURVE('',#1303,#1301,#1582,.T.);
#958=EDGE_CURVE('',#1303,#1304,#1583,.T.);
#959=EDGE_CURVE('',#1304,#1302,#1584,.T.);
#960=EDGE_CURVE('',#1301,#1305,#1585,.T.);
#961=EDGE_CURVE('',#1306,#1305,#1586,.T.);
#962=EDGE_CURVE('',#1303,#1306,#1587,.T.);
#963=EDGE_CURVE('',#1307,#1305,#1588,.T.);
#964=EDGE_CURVE('',#1308,#1307,#1589,.T.);
#965=EDGE_CURVE('',#1308,#1306,#1590,.T.);
#966=EDGE_CURVE('',#1309,#1310,#1591,.T.);
#967=EDGE_CURVE('',#1311,#1309,#1592,.T.);
#968=EDGE_CURVE('',#1311,#1312,#1593,.T.);
#969=EDGE_CURVE('',#1312,#1310,#1594,.T.);
#970=EDGE_CURVE('',#1309,#1313,#1595,.T.);
#971=EDGE_CURVE('',#1314,#1313,#1596,.T.);
#972=EDGE_CURVE('',#1311,#1314,#1597,.T.);
#973=EDGE_CURVE('',#1313,#1315,#1598,.T.);
#974=EDGE_CURVE('',#1316,#1315,#1599,.T.);
#975=EDGE_CURVE('',#1314,#1316,#1600,.T.);
#976=EDGE_CURVE('',#1317,#1318,#1601,.T.);
#977=EDGE_CURVE('',#1319,#1317,#1602,.T.);
#978=EDGE_CURVE('',#1319,#1320,#1603,.T.);
#979=EDGE_CURVE('',#1320,#1318,#1604,.T.);
#980=EDGE_CURVE('',#1317,#1321,#1605,.T.);
#981=EDGE_CURVE('',#1322,#1321,#1606,.T.);
#982=EDGE_CURVE('',#1319,#1322,#1607,.T.);
#983=EDGE_CURVE('',#1321,#1323,#1608,.T.);
#984=EDGE_CURVE('',#1324,#1323,#1609,.T.);
#985=EDGE_CURVE('',#1322,#1324,#1610,.T.);
#986=EDGE_CURVE('',#1325,#1326,#1611,.T.);
#987=EDGE_CURVE('',#1327,#1325,#1612,.T.);
#988=EDGE_CURVE('',#1327,#1328,#1613,.T.);
#989=EDGE_CURVE('',#1328,#1326,#1614,.T.);
#990=EDGE_CURVE('',#1329,#1325,#1615,.T.);
#991=EDGE_CURVE('',#1330,#1329,#1616,.T.);
#992=EDGE_CURVE('',#1330,#1327,#1617,.T.);
#993=EDGE_CURVE('',#1329,#1331,#28,.T.);
#994=EDGE_CURVE('',#1332,#1331,#1618,.T.);
#995=EDGE_CURVE('',#1330,#1332,#29,.T.);
#996=EDGE_CURVE('',#1331,#1333,#1619,.T.);
#997=EDGE_CURVE('',#1334,#1333,#1620,.T.);
#998=EDGE_CURVE('',#1332,#1334,#1621,.T.);
#999=EDGE_CURVE('',#1335,#1333,#1622,.T.);
#1000=EDGE_CURVE('',#1336,#1335,#1623,.T.);
#1001=EDGE_CURVE('',#1336,#1334,#1624,.T.);
#1002=EDGE_CURVE('',#1335,#1337,#30,.T.);
#1003=EDGE_CURVE('',#1338,#1337,#1625,.T.);
#1004=EDGE_CURVE('',#1336,#1338,#31,.T.);
#1005=EDGE_CURVE('',#1337,#1339,#1626,.T.);
#1006=EDGE_CURVE('',#1340,#1339,#1627,.T.);
#1007=EDGE_CURVE('',#1338,#1340,#1628,.T.);
#1008=EDGE_CURVE('',#1341,#1339,#32,.T.);
#1009=EDGE_CURVE('',#1342,#1341,#1629,.T.);
#1010=EDGE_CURVE('',#1342,#1340,#33,.T.);
#1011=EDGE_CURVE('',#1341,#1343,#1630,.T.);
#1012=EDGE_CURVE('',#1344,#1343,#1631,.T.);
#1013=EDGE_CURVE('',#1342,#1344,#1632,.T.);
#1014=EDGE_CURVE('',#1198,#1203,#1633,.T.);
#1015=EDGE_CURVE('',#1200,#1204,#1634,.T.);
#1016=EDGE_CURVE('',#1211,#1206,#1635,.T.);
#1017=EDGE_CURVE('',#1212,#1208,#1636,.T.);
#1018=EDGE_CURVE('',#1219,#1214,#1637,.T.);
#1019=EDGE_CURVE('',#1220,#1216,#1638,.T.);
#1020=EDGE_CURVE('',#1227,#1222,#1639,.T.);
#1021=EDGE_CURVE('',#1228,#1224,#1640,.T.);
#1022=EDGE_CURVE('',#1345,#1345,#34,.T.);
#1023=EDGE_CURVE('',#1346,#1346,#35,.T.);
#1024=EDGE_CURVE('',#1347,#1347,#36,.T.);
#1025=EDGE_CURVE('',#1348,#1348,#37,.T.);
#1026=EDGE_CURVE('',#1235,#1229,#1641,.T.);
#1027=EDGE_CURVE('',#1236,#1232,#1642,.T.);
#1028=EDGE_CURVE('',#1243,#1238,#1643,.T.);
#1029=EDGE_CURVE('',#1244,#1240,#1644,.T.);
#1030=EDGE_CURVE('',#1251,#1245,#1645,.T.);
#1031=EDGE_CURVE('',#1252,#1248,#1646,.T.);
#1032=EDGE_CURVE('',#1254,#1259,#1647,.T.);
#1033=EDGE_CURVE('',#1256,#1260,#1648,.T.);
#1034=EDGE_CURVE('',#1261,#1267,#1649,.T.);
#1035=EDGE_CURVE('',#1264,#1268,#1650,.T.);
#1036=EDGE_CURVE('',#1275,#1270,#1651,.T.);
#1037=EDGE_CURVE('',#1276,#1272,#1652,.T.);
#1038=EDGE_CURVE('',#1277,#1283,#1653,.T.);
#1039=EDGE_CURVE('',#1280,#1284,#1654,.T.);
#1040=EDGE_CURVE('',#1286,#1291,#1655,.T.);
#1041=EDGE_CURVE('',#1288,#1292,#1656,.T.);
#1042=EDGE_CURVE('',#1299,#1293,#1657,.T.);
#1043=EDGE_CURVE('',#1300,#1296,#1658,.T.);
#1044=EDGE_CURVE('',#1302,#1307,#1659,.T.);
#1045=EDGE_CURVE('',#1304,#1308,#1660,.T.);
#1046=EDGE_CURVE('',#1315,#1310,#1661,.T.);
#1047=EDGE_CURVE('',#1316,#1312,#1662,.T.);
#1048=EDGE_CURVE('',#1318,#1323,#1663,.T.);
#1049=EDGE_CURVE('',#1320,#1324,#1664,.T.);
#1050=EDGE_CURVE('',#1349,#1349,#38,.T.);
#1051=EDGE_CURVE('',#1350,#1350,#39,.T.);
#1052=EDGE_CURVE('',#1326,#1343,#40,.T.);
#1053=EDGE_CURVE('',#1328,#1344,#41,.T.);
#1054=EDGE_CURVE('',#1189,#1195,#1665,.T.);
#1055=EDGE_CURVE('',#1192,#1196,#1666,.T.);
#1056=EDGE_CURVE('',#1351,#1351,#42,.T.);
#1057=EDGE_CURVE('',#1352,#1352,#43,.F.);
#1058=EDGE_CURVE('',#1353,#1354,#1667,.T.);
#1059=EDGE_CURVE('',#1355,#1353,#1668,.T.);
#1060=EDGE_CURVE('',#1355,#1356,#1669,.T.);
#1061=EDGE_CURVE('',#1356,#1354,#1670,.T.);
#1062=EDGE_CURVE('',#1353,#1357,#1671,.T.);
#1063=EDGE_CURVE('',#1358,#1357,#1672,.T.);
#1064=EDGE_CURVE('',#1355,#1358,#1673,.T.);
#1065=EDGE_CURVE('',#1357,#1359,#1674,.T.);
#1066=EDGE_CURVE('',#1360,#1359,#1675,.T.);
#1067=EDGE_CURVE('',#1358,#1360,#1676,.T.);
#1068=EDGE_CURVE('',#1354,#1359,#1677,.T.);
#1069=EDGE_CURVE('',#1356,#1360,#1678,.T.);
#1070=EDGE_CURVE('',#1361,#1361,#44,.T.);
#1071=EDGE_CURVE('',#1362,#1362,#45,.T.);
#1072=EDGE_CURVE('',#1363,#1363,#46,.T.);
#1073=EDGE_CURVE('',#1364,#1364,#47,.T.);
#1074=EDGE_CURVE('',#1365,#1366,#1679,.T.);
#1075=EDGE_CURVE('',#1365,#1367,#1680,.T.);
#1076=EDGE_CURVE('',#1368,#1367,#1681,.T.);
#1077=EDGE_CURVE('',#1368,#1369,#1682,.T.);
#1078=EDGE_CURVE('',#1369,#1370,#1683,.T.);
#1079=EDGE_CURVE('',#1370,#1371,#1684,.T.);
#1080=EDGE_CURVE('',#1371,#1372,#1685,.T.);
#1081=EDGE_CURVE('',#1373,#1372,#1686,.T.);
#1082=EDGE_CURVE('',#1373,#1374,#1687,.T.);
#1083=EDGE_CURVE('',#1375,#1374,#48,.T.);
#1084=EDGE_CURVE('',#1375,#1376,#1688,.T.);
#1085=EDGE_CURVE('',#1377,#1376,#49,.T.);
#1086=EDGE_CURVE('',#1378,#1377,#1689,.T.);
#1087=EDGE_CURVE('',#1378,#1379,#1690,.T.);
#1088=EDGE_CURVE('',#1379,#1380,#1691,.T.);
#1089=EDGE_CURVE('',#1381,#1380,#1692,.T.);
#1090=EDGE_CURVE('',#1382,#1381,#1693,.T.);
#1091=EDGE_CURVE('',#1383,#1382,#1694,.T.);
#1092=EDGE_CURVE('',#1383,#1384,#1695,.T.);
#1093=EDGE_CURVE('',#1385,#1384,#1696,.T.);
#1094=EDGE_CURVE('',#1385,#1386,#1697,.T.);
#1095=EDGE_CURVE('',#1387,#1386,#1698,.T.);
#1096=EDGE_CURVE('',#1388,#1387,#1699,.T.);
#1097=EDGE_CURVE('',#1388,#1389,#1700,.T.);
#1098=EDGE_CURVE('',#1389,#1366,#1701,.T.);
#1099=EDGE_CURVE('',#1390,#1391,#1702,.T.);
#1100=EDGE_CURVE('',#1390,#1392,#1703,.T.);
#1101=EDGE_CURVE('',#1392,#1393,#1704,.T.);
#1102=EDGE_CURVE('',#1391,#1393,#1705,.T.);
#1103=EDGE_CURVE('',#1394,#1395,#1706,.T.);
#1104=EDGE_CURVE('',#1394,#1390,#1707,.T.);
#1105=EDGE_CURVE('',#1391,#1395,#1708,.T.);
#1106=EDGE_CURVE('',#1396,#1397,#1709,.T.);
#1107=EDGE_CURVE('',#1396,#1394,#1710,.T.);
#1108=EDGE_CURVE('',#1395,#1397,#1711,.T.);
#1109=EDGE_CURVE('',#1381,#1398,#1712,.T.);
#1110=EDGE_CURVE('',#1380,#1396,#1713,.T.);
#1111=EDGE_CURVE('',#1399,#1397,#1714,.T.);
#1112=EDGE_CURVE('',#1368,#1399,#1715,.T.);
#1113=EDGE_CURVE('',#1367,#1400,#1716,.T.);
#1114=EDGE_CURVE('',#1398,#1400,#1717,.T.);
#1115=EDGE_CURVE('',#1399,#1401,#1718,.T.);
#1116=EDGE_CURVE('',#1402,#1401,#1719,.T.);
#1117=EDGE_CURVE('',#1369,#1402,#1720,.T.);
#1118=EDGE_CURVE('',#1403,#1401,#1721,.T.);
#1119=EDGE_CURVE('',#1404,#1403,#1722,.T.);
#1120=EDGE_CURVE('',#1404,#1402,#1723,.T.);
#1121=EDGE_CURVE('',#1405,#1406,#1724,.T.);
#1122=EDGE_CURVE('',#1405,#1371,#1725,.T.);
#1123=EDGE_CURVE('',#1370,#1404,#1726,.T.);
#1124=EDGE_CURVE('',#1403,#1406,#1727,.T.);
#1125=EDGE_CURVE('',#1407,#1408,#1728,.T.);
#1126=EDGE_CURVE('',#1407,#1405,#1729,.T.);
#1127=EDGE_CURVE('',#1406,#1408,#1730,.T.);
#1128=EDGE_CURVE('',#1409,#1410,#1731,.T.);
#1129=EDGE_CURVE('',#1409,#1407,#1732,.T.);
#1130=EDGE_CURVE('',#1410,#1408,#1733,.T.);
#1131=EDGE_CURVE('',#1411,#1412,#1734,.T.);
#1132=EDGE_CURVE('',#1411,#1409,#1735,.T.);
#1133=EDGE_CURVE('',#1412,#1410,#1736,.T.);
#1134=EDGE_CURVE('',#1392,#1411,#1737,.T.);
#1135=EDGE_CURVE('',#1393,#1412,#1738,.T.);
#1136=EDGE_CURVE('',#1413,#1382,#1739,.T.);
#1137=EDGE_CURVE('',#1414,#1413,#1740,.T.);
#1138=EDGE_CURVE('',#1414,#1365,#1741,.T.);
#1139=EDGE_CURVE('',#1366,#1415,#1742,.T.);
#1140=EDGE_CURVE('',#1416,#1415,#1743,.T.);
#1141=EDGE_CURVE('',#1383,#1416,#1744,.T.);
#1142=EDGE_CURVE('',#1416,#1417,#1745,.T.);
#1143=EDGE_CURVE('',#1384,#1417,#1746,.T.);
#1144=EDGE_CURVE('',#1418,#1417,#1747,.T.);
#1145=EDGE_CURVE('',#1385,#1418,#1748,.T.);
#1146=EDGE_CURVE('',#1418,#1419,#1749,.T.);
#1147=EDGE_CURVE('',#1386,#1419,#1750,.T.);
#1148=EDGE_CURVE('',#1420,#1419,#1751,.T.);
#1149=EDGE_CURVE('',#1387,#1420,#1752,.T.);
#1150=EDGE_CURVE('',#1421,#1420,#1753,.T.);
#1151=EDGE_CURVE('',#1388,#1421,#1754,.T.);
#1152=EDGE_CURVE('',#1421,#1422,#1755,.T.);
#1153=EDGE_CURVE('',#1389,#1422,#1756,.T.);
#1154=EDGE_CURVE('',#1422,#1415,#1757,.T.);
#1155=EDGE_CURVE('',#1423,#1423,#50,.T.);
#1156=EDGE_CURVE('',#1424,#1424,#51,.T.);
#1157=EDGE_CURVE('',#1425,#1425,#52,.T.);
#1158=EDGE_CURVE('',#1426,#1426,#53,.T.);
#1159=EDGE_CURVE('',#1427,#1373,#1758,.T.);
#1160=EDGE_CURVE('',#1427,#1428,#1759,.T.);
#1161=EDGE_CURVE('',#1428,#1374,#1760,.T.);
#1162=EDGE_CURVE('',#1372,#1429,#1761,.T.);
#1163=EDGE_CURVE('',#1427,#1429,#1762,.T.);
#1164=EDGE_CURVE('',#1430,#1431,#1763,.T.);
#1165=EDGE_CURVE('',#1431,#1379,#1764,.T.);
#1166=EDGE_CURVE('',#1430,#1378,#1765,.T.);
#1167=EDGE_CURVE('',#1432,#1377,#1766,.T.);
#1168=EDGE_CURVE('',#1430,#1432,#1767,.T.);
#1169=EDGE_CURVE('',#1433,#1376,#1768,.T.);
#1170=EDGE_CURVE('',#1432,#1433,#54,.T.);
#1171=EDGE_CURVE('',#1434,#1375,#1769,.T.);
#1172=EDGE_CURVE('',#1434,#1433,#1770,.T.);
#1173=EDGE_CURVE('',#1434,#1428,#55,.T.);
#1174=EDGE_CURVE('',#1435,#1436,#1771,.T.);
#1175=EDGE_CURVE('',#1436,#1431,#1772,.T.);
#1176=EDGE_CURVE('',#1429,#1437,#1773,.T.);
#1177=EDGE_CURVE('',#1437,#1438,#1774,.T.);
#1178=EDGE_CURVE('',#1438,#1439,#1775,.T.);
#1179=EDGE_CURVE('',#1439,#1440,#1776,.T.);
#1180=EDGE_CURVE('',#1440,#1435,#1777,.T.);
#1181=EDGE_CURVE('',#1437,#1407,#1778,.T.);
#1182=EDGE_CURVE('',#1438,#1409,#1779,.F.);
#1183=EDGE_CURVE('',#1439,#1411,#1780,.F.);
#1184=EDGE_CURVE('',#1440,#1392,#1781,.F.);
#1185=EDGE_CURVE('',#1435,#1390,#1782,.T.);
#1186=EDGE_CURVE('',#1436,#1394,#1783,.F.);
#1187=EDGE_CURVE('',#1413,#1398,#1784,.T.);
#1188=EDGE_CURVE('',#1414,#1400,#1785,.T.);
#1189=VERTEX_POINT('',#3678);
#1190=VERTEX_POINT('',#3679);
#1191=VERTEX_POINT('',#3681);
#1192=VERTEX_POINT('',#3683);
#1193=VERTEX_POINT('',#3687);
#1194=VERTEX_POINT('',#3689);
#1195=VERTEX_POINT('',#3693);
#1196=VERTEX_POINT('',#3695);
#1197=VERTEX_POINT('',#3699);
#1198=VERTEX_POINT('',#3700);
#1199=VERTEX_POINT('',#3702);
#1200=VERTEX_POINT('',#3704);
#1201=VERTEX_POINT('',#3708);
#1202=VERTEX_POINT('',#3710);
#1203=VERTEX_POINT('',#3714);
#1204=VERTEX_POINT('',#3716);
#1205=VERTEX_POINT('',#3720);
#1206=VERTEX_POINT('',#3721);
#1207=VERTEX_POINT('',#3723);
#1208=VERTEX_POINT('',#3725);
#1209=VERTEX_POINT('',#3729);
#1210=VERTEX_POINT('',#3731);
#1211=VERTEX_POINT('',#3735);
#1212=VERTEX_POINT('',#3737);
#1213=VERTEX_POINT('',#3741);
#1214=VERTEX_POINT('',#3742);
#1215=VERTEX_POINT('',#3744);
#1216=VERTEX_POINT('',#3746);
#1217=VERTEX_POINT('',#3750);
#1218=VERTEX_POINT('',#3752);
#1219=VERTEX_POINT('',#3756);
#1220=VERTEX_POINT('',#3758);
#1221=VERTEX_POINT('',#3762);
#1222=VERTEX_POINT('',#3763);
#1223=VERTEX_POINT('',#3765);
#1224=VERTEX_POINT('',#3767);
#1225=VERTEX_POINT('',#3771);
#1226=VERTEX_POINT('',#3773);
#1227=VERTEX_POINT('',#3777);
#1228=VERTEX_POINT('',#3779);
#1229=VERTEX_POINT('',#3783);
#1230=VERTEX_POINT('',#3784);
#1231=VERTEX_POINT('',#3786);
#1232=VERTEX_POINT('',#3788);
#1233=VERTEX_POINT('',#3792);
#1234=VERTEX_POINT('',#3794);
#1235=VERTEX_POINT('',#3798);
#1236=VERTEX_POINT('',#3800);
#1237=VERTEX_POINT('',#3804);
#1238=VERTEX_POINT('',#3805);
#1239=VERTEX_POINT('',#3807);
#1240=VERTEX_POINT('',#3809);
#1241=VERTEX_POINT('',#3813);
#1242=VERTEX_POINT('',#3815);
#1243=VERTEX_POINT('',#3819);
#1244=VERTEX_POINT('',#3821);
#1245=VERTEX_POINT('',#3825);
#1246=VERTEX_POINT('',#3826);
#1247=VERTEX_POINT('',#3828);
#1248=VERTEX_POINT('',#3830);
#1249=VERTEX_POINT('',#3834);
#1250=VERTEX_POINT('',#3836);
#1251=VERTEX_POINT('',#3840);
#1252=VERTEX_POINT('',#3842);
#1253=VERTEX_POINT('',#3846);
#1254=VERTEX_POINT('',#3847);
#1255=VERTEX_POINT('',#3849);
#1256=VERTEX_POINT('',#3851);
#1257=VERTEX_POINT('',#3855);
#1258=VERTEX_POINT('',#3857);
#1259=VERTEX_POINT('',#3861);
#1260=VERTEX_POINT('',#3863);
#1261=VERTEX_POINT('',#3867);
#1262=VERTEX_POINT('',#3868);
#1263=VERTEX_POINT('',#3870);
#1264=VERTEX_POINT('',#3872);
#1265=VERTEX_POINT('',#3876);
#1266=VERTEX_POINT('',#3878);
#1267=VERTEX_POINT('',#3882);
#1268=VERTEX_POINT('',#3884);
#1269=VERTEX_POINT('',#3888);
#1270=VERTEX_POINT('',#3889);
#1271=VERTEX_POINT('',#3891);
#1272=VERTEX_POINT('',#3893);
#1273=VERTEX_POINT('',#3897);
#1274=VERTEX_POINT('',#3899);
#1275=VERTEX_POINT('',#3903);
#1276=VERTEX_POINT('',#3905);
#1277=VERTEX_POINT('',#3909);
#1278=VERTEX_POINT('',#3910);
#1279=VERTEX_POINT('',#3912);
#1280=VERTEX_POINT('',#3914);
#1281=VERTEX_POINT('',#3918);
#1282=VERTEX_POINT('',#3920);
#1283=VERTEX_POINT('',#3924);
#1284=VERTEX_POINT('',#3926);
#1285=VERTEX_POINT('',#3930);
#1286=VERTEX_POINT('',#3931);
#1287=VERTEX_POINT('',#3933);
#1288=VERTEX_POINT('',#3935);
#1289=VERTEX_POINT('',#3939);
#1290=VERTEX_POINT('',#3941);
#1291=VERTEX_POINT('',#3945);
#1292=VERTEX_POINT('',#3947);
#1293=VERTEX_POINT('',#3951);
#1294=VERTEX_POINT('',#3952);
#1295=VERTEX_POINT('',#3954);
#1296=VERTEX_POINT('',#3956);
#1297=VERTEX_POINT('',#3960);
#1298=VERTEX_POINT('',#3962);
#1299=VERTEX_POINT('',#3966);
#1300=VERTEX_POINT('',#3968);
#1301=VERTEX_POINT('',#3972);
#1302=VERTEX_POINT('',#3973);
#1303=VERTEX_POINT('',#3975);
#1304=VERTEX_POINT('',#3977);
#1305=VERTEX_POINT('',#3981);
#1306=VERTEX_POINT('',#3983);
#1307=VERTEX_POINT('',#3987);
#1308=VERTEX_POINT('',#3989);
#1309=VERTEX_POINT('',#3993);
#1310=VERTEX_POINT('',#3994);
#1311=VERTEX_POINT('',#3996);
#1312=VERTEX_POINT('',#3998);
#1313=VERTEX_POINT('',#4002);
#1314=VERTEX_POINT('',#4004);
#1315=VERTEX_POINT('',#4008);
#1316=VERTEX_POINT('',#4010);
#1317=VERTEX_POINT('',#4014);
#1318=VERTEX_POINT('',#4015);
#1319=VERTEX_POINT('',#4017);
#1320=VERTEX_POINT('',#4019);
#1321=VERTEX_POINT('',#4023);
#1322=VERTEX_POINT('',#4025);
#1323=VERTEX_POINT('',#4029);
#1324=VERTEX_POINT('',#4031);
#1325=VERTEX_POINT('',#4035);
#1326=VERTEX_POINT('',#4036);
#1327=VERTEX_POINT('',#4038);
#1328=VERTEX_POINT('',#4040);
#1329=VERTEX_POINT('',#4044);
#1330=VERTEX_POINT('',#4046);
#1331=VERTEX_POINT('',#4050);
#1332=VERTEX_POINT('',#4052);
#1333=VERTEX_POINT('',#4056);
#1334=VERTEX_POINT('',#4058);
#1335=VERTEX_POINT('',#4062);
#1336=VERTEX_POINT('',#4064);
#1337=VERTEX_POINT('',#4068);
#1338=VERTEX_POINT('',#4070);
#1339=VERTEX_POINT('',#4074);
#1340=VERTEX_POINT('',#4076);
#1341=VERTEX_POINT('',#4080);
#1342=VERTEX_POINT('',#4082);
#1343=VERTEX_POINT('',#4086);
#1344=VERTEX_POINT('',#4088);
#1345=VERTEX_POINT('',#4104);
#1346=VERTEX_POINT('',#4106);
#1347=VERTEX_POINT('',#4109);
#1348=VERTEX_POINT('',#4111);
#1349=VERTEX_POINT('',#4150);
#1350=VERTEX_POINT('',#4152);
#1351=VERTEX_POINT('',#4161);
#1352=VERTEX_POINT('',#4164);
#1353=VERTEX_POINT('',#4169);
#1354=VERTEX_POINT('',#4170);
#1355=VERTEX_POINT('',#4172);
#1356=VERTEX_POINT('',#4174);
#1357=VERTEX_POINT('',#4178);
#1358=VERTEX_POINT('',#4180);
#1359=VERTEX_POINT('',#4184);
#1360=VERTEX_POINT('',#4186);
#1361=VERTEX_POINT('',#4196);
#1362=VERTEX_POINT('',#4198);
#1363=VERTEX_POINT('',#4200);
#1364=VERTEX_POINT('',#4202);
#1365=VERTEX_POINT('',#4204);
#1366=VERTEX_POINT('',#4205);
#1367=VERTEX_POINT('',#4207);
#1368=VERTEX_POINT('',#4209);
#1369=VERTEX_POINT('',#4211);
#1370=VERTEX_POINT('',#4213);
#1371=VERTEX_POINT('',#4215);
#1372=VERTEX_POINT('',#4217);
#1373=VERTEX_POINT('',#4219);
#1374=VERTEX_POINT('',#4221);
#1375=VERTEX_POINT('',#4223);
#1376=VERTEX_POINT('',#4225);
#1377=VERTEX_POINT('',#4227);
#1378=VERTEX_POINT('',#4229);
#1379=VERTEX_POINT('',#4231);
#1380=VERTEX_POINT('',#4233);
#1381=VERTEX_POINT('',#4235);
#1382=VERTEX_POINT('',#4237);
#1383=VERTEX_POINT('',#4239);
#1384=VERTEX_POINT('',#4241);
#1385=VERTEX_POINT('',#4243);
#1386=VERTEX_POINT('',#4245);
#1387=VERTEX_POINT('',#4247);
#1388=VERTEX_POINT('',#4249);
#1389=VERTEX_POINT('',#4251);
#1390=VERTEX_POINT('',#4255);
#1391=VERTEX_POINT('',#4256);
#1392=VERTEX_POINT('',#4258);
#1393=VERTEX_POINT('',#4260);
#1394=VERTEX_POINT('',#4264);
#1395=VERTEX_POINT('',#4265);
#1396=VERTEX_POINT('',#4270);
#1397=VERTEX_POINT('',#4271);
#1398=VERTEX_POINT('',#4276);
#1399=VERTEX_POINT('',#4279);
#1400=VERTEX_POINT('',#4282);
#1401=VERTEX_POINT('',#4286);
#1402=VERTEX_POINT('',#4288);
#1403=VERTEX_POINT('',#4292);
#1404=VERTEX_POINT('',#4294);
#1405=VERTEX_POINT('',#4298);
#1406=VERTEX_POINT('',#4299);
#1407=VERTEX_POINT('',#4305);
#1408=VERTEX_POINT('',#4306);
#1409=VERTEX_POINT('',#4311);
#1410=VERTEX_POINT('',#4312);
#1411=VERTEX_POINT('',#4317);
#1412=VERTEX_POINT('',#4318);
#1413=VERTEX_POINT('',#4327);
#1414=VERTEX_POINT('',#4329);
#1415=VERTEX_POINT('',#4332);
#1416=VERTEX_POINT('',#4334);
#1417=VERTEX_POINT('',#4338);
#1418=VERTEX_POINT('',#4342);
#1419=VERTEX_POINT('',#4346);
#1420=VERTEX_POINT('',#4350);
#1421=VERTEX_POINT('',#4354);
#1422=VERTEX_POINT('',#4358);
#1423=VERTEX_POINT('',#4366);
#1424=VERTEX_POINT('',#4370);
#1425=VERTEX_POINT('',#4374);
#1426=VERTEX_POINT('',#4378);
#1427=VERTEX_POINT('',#4382);
#1428=VERTEX_POINT('',#4384);
#1429=VERTEX_POINT('',#4388);
#1430=VERTEX_POINT('',#4392);
#1431=VERTEX_POINT('',#4393);
#1432=VERTEX_POINT('',#4398);
#1433=VERTEX_POINT('',#4402);
#1434=VERTEX_POINT('',#4406);
#1435=VERTEX_POINT('',#4412);
#1436=VERTEX_POINT('',#4413);
#1437=VERTEX_POINT('',#4416);
#1438=VERTEX_POINT('',#4418);
#1439=VERTEX_POINT('',#4420);
#1440=VERTEX_POINT('',#4422);
#1441=LINE('',#3677,#1786);
#1442=LINE('',#3680,#1787);
#1443=LINE('',#3682,#1788);
#1444=LINE('',#3684,#1789);
#1445=LINE('',#3686,#1790);
#1446=LINE('',#3688,#1791);
#1447=LINE('',#3690,#1792);
#1448=LINE('',#3692,#1793);
#1449=LINE('',#3694,#1794);
#1450=LINE('',#3696,#1795);
#1451=LINE('',#3698,#1796);
#1452=LINE('',#3701,#1797);
#1453=LINE('',#3703,#1798);
#1454=LINE('',#3705,#1799);
#1455=LINE('',#3707,#1800);
#1456=LINE('',#3709,#1801);
#1457=LINE('',#3711,#1802);
#1458=LINE('',#3713,#1803);
#1459=LINE('',#3715,#1804);
#1460=LINE('',#3717,#1805);
#1461=LINE('',#3719,#1806);
#1462=LINE('',#3722,#1807);
#1463=LINE('',#3724,#1808);
#1464=LINE('',#3726,#1809);
#1465=LINE('',#3728,#1810);
#1466=LINE('',#3730,#1811);
#1467=LINE('',#3732,#1812);
#1468=LINE('',#3734,#1813);
#1469=LINE('',#3736,#1814);
#1470=LINE('',#3738,#1815);
#1471=LINE('',#3740,#1816);
#1472=LINE('',#3743,#1817);
#1473=LINE('',#3745,#1818);
#1474=LINE('',#3747,#1819);
#1475=LINE('',#3749,#1820);
#1476=LINE('',#3751,#1821);
#1477=LINE('',#3753,#1822);
#1478=LINE('',#3755,#1823);
#1479=LINE('',#3757,#1824);
#1480=LINE('',#3759,#1825);
#1481=LINE('',#3761,#1826);
#1482=LINE('',#3764,#1827);
#1483=LINE('',#3766,#1828);
#1484=LINE('',#3768,#1829);
#1485=LINE('',#3770,#1830);
#1486=LINE('',#3772,#1831);
#1487=LINE('',#3774,#1832);
#1488=LINE('',#3776,#1833);
#1489=LINE('',#3778,#1834);
#1490=LINE('',#3780,#1835);
#1491=LINE('',#3782,#1836);
#1492=LINE('',#3785,#1837);
#1493=LINE('',#3787,#1838);
#1494=LINE('',#3789,#1839);
#1495=LINE('',#3791,#1840);
#1496=LINE('',#3793,#1841);
#1497=LINE('',#3795,#1842);
#1498=LINE('',#3797,#1843);
#1499=LINE('',#3799,#1844);
#1500=LINE('',#3801,#1845);
#1501=LINE('',#3803,#1846);
#1502=LINE('',#3806,#1847);
#1503=LINE('',#3808,#1848);
#1504=LINE('',#3810,#1849);
#1505=LINE('',#3812,#1850);
#1506=LINE('',#3814,#1851);
#1507=LINE('',#3816,#1852);
#1508=LINE('',#3818,#1853);
#1509=LINE('',#3820,#1854);
#1510=LINE('',#3822,#1855);
#1511=LINE('',#3824,#1856);
#1512=LINE('',#3827,#1857);
#1513=LINE('',#3829,#1858);
#1514=LINE('',#3831,#1859);
#1515=LINE('',#3833,#1860);
#1516=LINE('',#3835,#1861);
#1517=LINE('',#3837,#1862);
#1518=LINE('',#3839,#1863);
#1519=LINE('',#3841,#1864);
#1520=LINE('',#3843,#1865);
#1521=LINE('',#3845,#1866);
#1522=LINE('',#3848,#1867);
#1523=LINE('',#3850,#1868);
#1524=LINE('',#3852,#1869);
#1525=LINE('',#3854,#1870);
#1526=LINE('',#3856,#1871);
#1527=LINE('',#3858,#1872);
#1528=LINE('',#3860,#1873);
#1529=LINE('',#3862,#1874);
#1530=LINE('',#3864,#1875);
#1531=LINE('',#3866,#1876);
#1532=LINE('',#3869,#1877);
#1533=LINE('',#3871,#1878);
#1534=LINE('',#3873,#1879);
#1535=LINE('',#3875,#1880);
#1536=LINE('',#3877,#1881);
#1537=LINE('',#3879,#1882);
#1538=LINE('',#3881,#1883);
#1539=LINE('',#3883,#1884);
#1540=LINE('',#3885,#1885);
#1541=LINE('',#3887,#1886);
#1542=LINE('',#3890,#1887);
#1543=LINE('',#3892,#1888);
#1544=LINE('',#3894,#1889);
#1545=LINE('',#3896,#1890);
#1546=LINE('',#3898,#1891);
#1547=LINE('',#3900,#1892);
#1548=LINE('',#3902,#1893);
#1549=LINE('',#3904,#1894);
#1550=LINE('',#3906,#1895);
#1551=LINE('',#3908,#1896);
#1552=LINE('',#3911,#1897);
#1553=LINE('',#3913,#1898);
#1554=LINE('',#3915,#1899);
#1555=LINE('',#3917,#1900);
#1556=LINE('',#3919,#1901);
#1557=LINE('',#3921,#1902);
#1558=LINE('',#3923,#1903);
#1559=LINE('',#3925,#1904);
#1560=LINE('',#3927,#1905);
#1561=LINE('',#3929,#1906);
#1562=LINE('',#3932,#1907);
#1563=LINE('',#3934,#1908);
#1564=LINE('',#3936,#1909);
#1565=LINE('',#3938,#1910);
#1566=LINE('',#3940,#1911);
#1567=LINE('',#3942,#1912);
#1568=LINE('',#3944,#1913);
#1569=LINE('',#3946,#1914);
#1570=LINE('',#3948,#1915);
#1571=LINE('',#3950,#1916);
#1572=LINE('',#3953,#1917);
#1573=LINE('',#3955,#1918);
#1574=LINE('',#3957,#1919);
#1575=LINE('',#3959,#1920);
#1576=LINE('',#3961,#1921);
#1577=LINE('',#3963,#1922);
#1578=LINE('',#3965,#1923);
#1579=LINE('',#3967,#1924);
#1580=LINE('',#3969,#1925);
#1581=LINE('',#3971,#1926);
#1582=LINE('',#3974,#1927);
#1583=LINE('',#3976,#1928);
#1584=LINE('',#3978,#1929);
#1585=LINE('',#3980,#1930);
#1586=LINE('',#3982,#1931);
#1587=LINE('',#3984,#1932);
#1588=LINE('',#3986,#1933);
#1589=LINE('',#3988,#1934);
#1590=LINE('',#3990,#1935);
#1591=LINE('',#3992,#1936);
#1592=LINE('',#3995,#1937);
#1593=LINE('',#3997,#1938);
#1594=LINE('',#3999,#1939);
#1595=LINE('',#4001,#1940);
#1596=LINE('',#4003,#1941);
#1597=LINE('',#4005,#1942);
#1598=LINE('',#4007,#1943);
#1599=LINE('',#4009,#1944);
#1600=LINE('',#4011,#1945);
#1601=LINE('',#4013,#1946);
#1602=LINE('',#4016,#1947);
#1603=LINE('',#4018,#1948);
#1604=LINE('',#4020,#1949);
#1605=LINE('',#4022,#1950);
#1606=LINE('',#4024,#1951);
#1607=LINE('',#4026,#1952);
#1608=LINE('',#4028,#1953);
#1609=LINE('',#4030,#1954);
#1610=LINE('',#4032,#1955);
#1611=LINE('',#4034,#1956);
#1612=LINE('',#4037,#1957);
#1613=LINE('',#4039,#1958);
#1614=LINE('',#4041,#1959);
#1615=LINE('',#4043,#1960);
#1616=LINE('',#4045,#1961);
#1617=LINE('',#4047,#1962);
#1618=LINE('',#4051,#1963);
#1619=LINE('',#4055,#1964);
#1620=LINE('',#4057,#1965);
#1621=LINE('',#4059,#1966);
#1622=LINE('',#4061,#1967);
#1623=LINE('',#4063,#1968);
#1624=LINE('',#4065,#1969);
#1625=LINE('',#4069,#1970);
#1626=LINE('',#4073,#1971);
#1627=LINE('',#4075,#1972);
#1628=LINE('',#4077,#1973);
#1629=LINE('',#4081,#1974);
#1630=LINE('',#4085,#1975);
#1631=LINE('',#4087,#1976);
#1632=LINE('',#4089,#1977);
#1633=LINE('',#4091,#1978);
#1634=LINE('',#4092,#1979);
#1635=LINE('',#4094,#1980);
#1636=LINE('',#4095,#1981);
#1637=LINE('',#4097,#1982);
#1638=LINE('',#4098,#1983);
#1639=LINE('',#4100,#1984);
#1640=LINE('',#4101,#1985);
#1641=LINE('',#4113,#1986);
#1642=LINE('',#4114,#1987);
#1643=LINE('',#4116,#1988);
#1644=LINE('',#4117,#1989);
#1645=LINE('',#4119,#1990);
#1646=LINE('',#4120,#1991);
#1647=LINE('',#4122,#1992);
#1648=LINE('',#4123,#1993);
#1649=LINE('',#4125,#1994);
#1650=LINE('',#4126,#1995);
#1651=LINE('',#4128,#1996);
#1652=LINE('',#4129,#1997);
#1653=LINE('',#4131,#1998);
#1654=LINE('',#4132,#1999);
#1655=LINE('',#4134,#2000);
#1656=LINE('',#4135,#2001);
#1657=LINE('',#4137,#2002);
#1658=LINE('',#4138,#2003);
#1659=LINE('',#4140,#2004);
#1660=LINE('',#4141,#2005);
#1661=LINE('',#4143,#2006);
#1662=LINE('',#4144,#2007);
#1663=LINE('',#4146,#2008);
#1664=LINE('',#4147,#2009);
#1665=LINE('',#4157,#2010);
#1666=LINE('',#4158,#2011);
#1667=LINE('',#4168,#2012);
#1668=LINE('',#4171,#2013);
#1669=LINE('',#4173,#2014);
#1670=LINE('',#4175,#2015);
#1671=LINE('',#4177,#2016);
#1672=LINE('',#4179,#2017);
#1673=LINE('',#4181,#2018);
#1674=LINE('',#4183,#2019);
#1675=LINE('',#4185,#2020);
#1676=LINE('',#4187,#2021);
#1677=LINE('',#4189,#2022);
#1678=LINE('',#4190,#2023);
#1679=LINE('',#4203,#2024);
#1680=LINE('',#4206,#2025);
#1681=LINE('',#4208,#2026);
#1682=LINE('',#4210,#2027);
#1683=LINE('',#4212,#2028);
#1684=LINE('',#4214,#2029);
#1685=LINE('',#4216,#2030);
#1686=LINE('',#4218,#2031);
#1687=LINE('',#4220,#2032);
#1688=LINE('',#4224,#2033);
#1689=LINE('',#4228,#2034);
#1690=LINE('',#4230,#2035);
#1691=LINE('',#4232,#2036);
#1692=LINE('',#4234,#2037);
#1693=LINE('',#4236,#2038);
#1694=LINE('',#4238,#2039);
#1695=LINE('',#4240,#2040);
#1696=LINE('',#4242,#2041);
#1697=LINE('',#4244,#2042);
#1698=LINE('',#4246,#2043);
#1699=LINE('',#4248,#2044);
#1700=LINE('',#4250,#2045);
#1701=LINE('',#4252,#2046);
#1702=LINE('',#4254,#2047);
#1703=LINE('',#4257,#2048);
#1704=LINE('',#4259,#2049);
#1705=LINE('',#4261,#2050);
#1706=LINE('',#4263,#2051);
#1707=LINE('',#4266,#2052);
#1708=LINE('',#4267,#2053);
#1709=LINE('',#4269,#2054);
#1710=LINE('',#4272,#2055);
#1711=LINE('',#4273,#2056);
#1712=LINE('',#4275,#2057);
#1713=LINE('',#4277,#2058);
#1714=LINE('',#4278,#2059);
#1715=LINE('',#4280,#2060);
#1716=LINE('',#4281,#2061);
#1717=LINE('',#4283,#2062);
#1718=LINE('',#4285,#2063);
#1719=LINE('',#4287,#2064);
#1720=LINE('',#4289,#2065);
#1721=LINE('',#4291,#2066);
#1722=LINE('',#4293,#2067);
#1723=LINE('',#4295,#2068);
#1724=LINE('',#4297,#2069);
#1725=LINE('',#4300,#2070);
#1726=LINE('',#4301,#2071);
#1727=LINE('',#4302,#2072);
#1728=LINE('',#4304,#2073);
#1729=LINE('',#4307,#2074);
#1730=LINE('',#4308,#2075);
#1731=LINE('',#4310,#2076);
#1732=LINE('',#4313,#2077);
#1733=LINE('',#4314,#2078);
#1734=LINE('',#4316,#2079);
#1735=LINE('',#4319,#2080);
#1736=LINE('',#4320,#2081);
#1737=LINE('',#4322,#2082);
#1738=LINE('',#4323,#2083);
#1739=LINE('',#4326,#2084);
#1740=LINE('',#4328,#2085);
#1741=LINE('',#4330,#2086);
#1742=LINE('',#4331,#2087);
#1743=LINE('',#4333,#2088);
#1744=LINE('',#4335,#2089);
#1745=LINE('',#4337,#2090);
#1746=LINE('',#4339,#2091);
#1747=LINE('',#4341,#2092);
#1748=LINE('',#4343,#2093);
#1749=LINE('',#4345,#2094);
#1750=LINE('',#4347,#2095);
#1751=LINE('',#4349,#2096);
#1752=LINE('',#4351,#2097);
#1753=LINE('',#4353,#2098);
#1754=LINE('',#4355,#2099);
#1755=LINE('',#4357,#2100);
#1756=LINE('',#4359,#2101);
#1757=LINE('',#4362,#2102);
#1758=LINE('',#4381,#2103);
#1759=LINE('',#4383,#2104);
#1760=LINE('',#4385,#2105);
#1761=LINE('',#4387,#2106);
#1762=LINE('',#4389,#2107);
#1763=LINE('',#4391,#2108);
#1764=LINE('',#4394,#2109);
#1765=LINE('',#4395,#2110);
#1766=LINE('',#4397,#2111);
#1767=LINE('',#4399,#2112);
#1768=LINE('',#4401,#2113);
#1769=LINE('',#4405,#2114);
#1770=LINE('',#4407,#2115);
#1771=LINE('',#4411,#2116);
#1772=LINE('',#4414,#2117);
#1773=LINE('',#4415,#2118);
#1774=LINE('',#4417,#2119);
#1775=LINE('',#4419,#2120);
#1776=LINE('',#4421,#2121);
#1777=LINE('',#4423,#2122);
#1778=LINE('',#4425,#2123);
#1779=LINE('',#4427,#2124);
#1780=LINE('',#4429,#2125);
#1781=LINE('',#4431,#2126);
#1782=LINE('',#4433,#2127);
#1783=LINE('',#4435,#2128);
#1784=LINE('',#4438,#2129);
#1785=LINE('',#4440,#2130);
#1786=VECTOR('',#2992,1000.);
#1787=VECTOR('',#2993,1000.);
#1788=VECTOR('',#2994,1000.);
#1789=VECTOR('',#2995,1000.);
#1790=VECTOR('',#2998,1000.);
#1791=VECTOR('',#2999,1000.);
#1792=VECTOR('',#3000,1000.);
#1793=VECTOR('',#3003,1000.);
#1794=VECTOR('',#3004,1000.);
#1795=VECTOR('',#3005,1000.);
#1796=VECTOR('',#3008,1000.);
#1797=VECTOR('',#3009,1000.);
#1798=VECTOR('',#3010,1000.);
#1799=VECTOR('',#3011,1000.);
#1800=VECTOR('',#3014,1000.);
#1801=VECTOR('',#3015,1000.);
#1802=VECTOR('',#3016,1000.);
#1803=VECTOR('',#3019,1000.);
#1804=VECTOR('',#3020,1000.);
#1805=VECTOR('',#3021,1000.);
#1806=VECTOR('',#3024,1000.);
#1807=VECTOR('',#3025,1000.);
#1808=VECTOR('',#3026,1000.);
#1809=VECTOR('',#3027,1000.);
#1810=VECTOR('',#3030,1000.);
#1811=VECTOR('',#3031,1000.);
#1812=VECTOR('',#3032,1000.);
#1813=VECTOR('',#3035,1000.);
#1814=VECTOR('',#3036,1000.);
#1815=VECTOR('',#3037,1000.);
#1816=VECTOR('',#3040,1000.);
#1817=VECTOR('',#3041,1000.);
#1818=VECTOR('',#3042,1000.);
#1819=VECTOR('',#3043,1000.);
#1820=VECTOR('',#3046,1000.);
#1821=VECTOR('',#3047,1000.);
#1822=VECTOR('',#3048,1000.);
#1823=VECTOR('',#3051,1000.);
#1824=VECTOR('',#3052,1000.);
#1825=VECTOR('',#3053,1000.);
#1826=VECTOR('',#3056,1000.);
#1827=VECTOR('',#3057,1000.);
#1828=VECTOR('',#3058,1000.);
#1829=VECTOR('',#3059,1000.);
#1830=VECTOR('',#3062,1000.);
#1831=VECTOR('',#3063,1000.);
#1832=VECTOR('',#3064,1000.);
#1833=VECTOR('',#3067,1000.);
#1834=VECTOR('',#3068,1000.);
#1835=VECTOR('',#3069,1000.);
#1836=VECTOR('',#3072,1000.);
#1837=VECTOR('',#3073,1000.);
#1838=VECTOR('',#3074,1000.);
#1839=VECTOR('',#3075,1000.);
#1840=VECTOR('',#3078,1000.);
#1841=VECTOR('',#3079,1000.);
#1842=VECTOR('',#3080,1000.);
#1843=VECTOR('',#3083,1000.);
#1844=VECTOR('',#3084,1000.);
#1845=VECTOR('',#3085,1000.);
#1846=VECTOR('',#3088,1000.);
#1847=VECTOR('',#3089,1000.);
#1848=VECTOR('',#3090,1000.);
#1849=VECTOR('',#3091,1000.);
#1850=VECTOR('',#3094,1000.);
#1851=VECTOR('',#3095,1000.);
#1852=VECTOR('',#3096,1000.);
#1853=VECTOR('',#3099,1000.);
#1854=VECTOR('',#3100,1000.);
#1855=VECTOR('',#3101,1000.);
#1856=VECTOR('',#3104,1000.);
#1857=VECTOR('',#3105,1000.);
#1858=VECTOR('',#3106,1000.);
#1859=VECTOR('',#3107,1000.);
#1860=VECTOR('',#3110,1000.);
#1861=VECTOR('',#3111,1000.);
#1862=VECTOR('',#3112,1000.);
#1863=VECTOR('',#3115,1000.);
#1864=VECTOR('',#3116,1000.);
#1865=VECTOR('',#3117,1000.);
#1866=VECTOR('',#3120,1000.);
#1867=VECTOR('',#3121,1000.);
#1868=VECTOR('',#3122,1000.);
#1869=VECTOR('',#3123,1000.);
#1870=VECTOR('',#3126,1000.);
#1871=VECTOR('',#3127,1000.);
#1872=VECTOR('',#3128,1000.);
#1873=VECTOR('',#3131,1000.);
#1874=VECTOR('',#3132,1000.);
#1875=VECTOR('',#3133,1000.);
#1876=VECTOR('',#3136,1000.);
#1877=VECTOR('',#3137,1000.);
#1878=VECTOR('',#3138,1000.);
#1879=VECTOR('',#3139,1000.);
#1880=VECTOR('',#3142,1000.);
#1881=VECTOR('',#3143,1000.);
#1882=VECTOR('',#3144,1000.);
#1883=VECTOR('',#3147,1000.);
#1884=VECTOR('',#3148,1000.);
#1885=VECTOR('',#3149,1000.);
#1886=VECTOR('',#3152,1000.);
#1887=VECTOR('',#3153,1000.);
#1888=VECTOR('',#3154,1000.);
#1889=VECTOR('',#3155,1000.);
#1890=VECTOR('',#3158,1000.);
#1891=VECTOR('',#3159,1000.);
#1892=VECTOR('',#3160,1000.);
#1893=VECTOR('',#3163,1000.);
#1894=VECTOR('',#3164,1000.);
#1895=VECTOR('',#3165,1000.);
#1896=VECTOR('',#3168,1000.);
#1897=VECTOR('',#3169,1000.);
#1898=VECTOR('',#3170,1000.);
#1899=VECTOR('',#3171,1000.);
#1900=VECTOR('',#3174,1000.);
#1901=VECTOR('',#3175,1000.);
#1902=VECTOR('',#3176,1000.);
#1903=VECTOR('',#3179,1000.);
#1904=VECTOR('',#3180,1000.);
#1905=VECTOR('',#3181,1000.);
#1906=VECTOR('',#3184,1000.);
#1907=VECTOR('',#3185,1000.);
#1908=VECTOR('',#3186,1000.);
#1909=VECTOR('',#3187,1000.);
#1910=VECTOR('',#3190,1000.);
#1911=VECTOR('',#3191,1000.);
#1912=VECTOR('',#3192,1000.);
#1913=VECTOR('',#3195,1000.);
#1914=VECTOR('',#3196,1000.);
#1915=VECTOR('',#3197,1000.);
#1916=VECTOR('',#3200,1000.);
#1917=VECTOR('',#3201,1000.);
#1918=VECTOR('',#3202,1000.);
#1919=VECTOR('',#3203,1000.);
#1920=VECTOR('',#3206,1000.);
#1921=VECTOR('',#3207,1000.);
#1922=VECTOR('',#3208,1000.);
#1923=VECTOR('',#3211,1000.);
#1924=VECTOR('',#3212,1000.);
#1925=VECTOR('',#3213,1000.);
#1926=VECTOR('',#3216,1000.);
#1927=VECTOR('',#3217,1000.);
#1928=VECTOR('',#3218,1000.);
#1929=VECTOR('',#3219,1000.);
#1930=VECTOR('',#3222,1000.);
#1931=VECTOR('',#3223,1000.);
#1932=VECTOR('',#3224,1000.);
#1933=VECTOR('',#3227,1000.);
#1934=VECTOR('',#3228,1000.);
#1935=VECTOR('',#3229,1000.);
#1936=VECTOR('',#3232,1000.);
#1937=VECTOR('',#3233,1000.);
#1938=VECTOR('',#3234,1000.);
#1939=VECTOR('',#3235,1000.);
#1940=VECTOR('',#3238,1000.);
#1941=VECTOR('',#3239,1000.);
#1942=VECTOR('',#3240,1000.);
#1943=VECTOR('',#3243,1000.);
#1944=VECTOR('',#3244,1000.);
#1945=VECTOR('',#3245,1000.);
#1946=VECTOR('',#3248,1000.);
#1947=VECTOR('',#3249,1000.);
#1948=VECTOR('',#3250,1000.);
#1949=VECTOR('',#3251,1000.);
#1950=VECTOR('',#3254,1000.);
#1951=VECTOR('',#3255,1000.);
#1952=VECTOR('',#3256,1000.);
#1953=VECTOR('',#3259,1000.);
#1954=VECTOR('',#3260,1000.);
#1955=VECTOR('',#3261,1000.);
#1956=VECTOR('',#3264,1000.);
#1957=VECTOR('',#3265,1000.);
#1958=VECTOR('',#3266,1000.);
#1959=VECTOR('',#3267,1000.);
#1960=VECTOR('',#3270,1000.);
#1961=VECTOR('',#3271,1000.);
#1962=VECTOR('',#3272,1000.);
#1963=VECTOR('',#3277,1000.);
#1964=VECTOR('',#3282,1000.);
#1965=VECTOR('',#3283,1000.);
#1966=VECTOR('',#3284,1000.);
#1967=VECTOR('',#3287,1000.);
#1968=VECTOR('',#3288,1000.);
#1969=VECTOR('',#3289,1000.);
#1970=VECTOR('',#3294,1000.);
#1971=VECTOR('',#3299,1000.);
#1972=VECTOR('',#3300,1000.);
#1973=VECTOR('',#3301,1000.);
#1974=VECTOR('',#3306,1000.);
#1975=VECTOR('',#3311,1000.);
#1976=VECTOR('',#3312,1000.);
#1977=VECTOR('',#3313,1000.);
#1978=VECTOR('',#3316,1000.);
#1979=VECTOR('',#3317,1000.);
#1980=VECTOR('',#3320,1000.);
#1981=VECTOR('',#3321,1000.);
#1982=VECTOR('',#3324,1000.);
#1983=VECTOR('',#3325,1000.);
#1984=VECTOR('',#3328,1000.);
#1985=VECTOR('',#3329,1000.);
#1986=VECTOR('',#3344,1000.);
#1987=VECTOR('',#3345,1000.);
#1988=VECTOR('',#3348,1000.);
#1989=VECTOR('',#3349,1000.);
#1990=VECTOR('',#3352,1000.);
#1991=VECTOR('',#3353,1000.);
#1992=VECTOR('',#3356,1000.);
#1993=VECTOR('',#3357,1000.);
#1994=VECTOR('',#3360,1000.);
#1995=VECTOR('',#3361,1000.);
#1996=VECTOR('',#3364,1000.);
#1997=VECTOR('',#3365,1000.);
#1998=VECTOR('',#3368,1000.);
#1999=VECTOR('',#3369,1000.);
#2000=VECTOR('',#3372,1000.);
#2001=VECTOR('',#3373,1000.);
#2002=VECTOR('',#3376,1000.);
#2003=VECTOR('',#3377,1000.);
#2004=VECTOR('',#3380,1000.);
#2005=VECTOR('',#3381,1000.);
#2006=VECTOR('',#3384,1000.);
#2007=VECTOR('',#3385,1000.);
#2008=VECTOR('',#3388,1000.);
#2009=VECTOR('',#3389,1000.);
#2010=VECTOR('',#3404,1000.);
#2011=VECTOR('',#3405,1000.);
#2012=VECTOR('',#3420,1000.);
#2013=VECTOR('',#3421,1000.);
#2014=VECTOR('',#3422,1000.);
#2015=VECTOR('',#3423,1000.);
#2016=VECTOR('',#3426,1000.);
#2017=VECTOR('',#3427,1000.);
#2018=VECTOR('',#3428,1000.);
#2019=VECTOR('',#3431,1000.);
#2020=VECTOR('',#3432,1000.);
#2021=VECTOR('',#3433,1000.);
#2022=VECTOR('',#3436,1000.);
#2023=VECTOR('',#3437,1000.);
#2024=VECTOR('',#3454,1000.);
#2025=VECTOR('',#3455,1000.);
#2026=VECTOR('',#3456,1000.);
#2027=VECTOR('',#3457,1000.);
#2028=VECTOR('',#3458,1000.);
#2029=VECTOR('',#3459,1000.);
#2030=VECTOR('',#3460,1000.);
#2031=VECTOR('',#3461,1000.);
#2032=VECTOR('',#3462,1000.);
#2033=VECTOR('',#3465,1000.);
#2034=VECTOR('',#3468,1000.);
#2035=VECTOR('',#3469,1000.);
#2036=VECTOR('',#3470,1000.);
#2037=VECTOR('',#3471,1000.);
#2038=VECTOR('',#3472,1000.);
#2039=VECTOR('',#3473,1000.);
#2040=VECTOR('',#3474,1000.);
#2041=VECTOR('',#3475,1000.);
#2042=VECTOR('',#3476,1000.);
#2043=VECTOR('',#3477,1000.);
#2044=VECTOR('',#3478,1000.);
#2045=VECTOR('',#3479,1000.);
#2046=VECTOR('',#3480,1000.);
#2047=VECTOR('',#3483,1000.);
#2048=VECTOR('',#3484,1000.);
#2049=VECTOR('',#3485,1000.);
#2050=VECTOR('',#3486,1000.);
#2051=VECTOR('',#3489,1000.);
#2052=VECTOR('',#3490,1000.);
#2053=VECTOR('',#3491,1000.);
#2054=VECTOR('',#3494,1000.);
#2055=VECTOR('',#3495,1000.);
#2056=VECTOR('',#3496,1000.);
#2057=VECTOR('',#3499,1000.);
#2058=VECTOR('',#3500,1000.);
#2059=VECTOR('',#3501,1000.);
#2060=VECTOR('',#3502,1000.);
#2061=VECTOR('',#3503,1000.);
#2062=VECTOR('',#3504,1000.);
#2063=VECTOR('',#3507,1000.);
#2064=VECTOR('',#3508,1000.);
#2065=VECTOR('',#3509,1000.);
#2066=VECTOR('',#3512,1000.);
#2067=VECTOR('',#3513,1000.);
#2068=VECTOR('',#3514,1000.);
#2069=VECTOR('',#3517,1000.);
#2070=VECTOR('',#3518,1000.);
#2071=VECTOR('',#3519,1000.);
#2072=VECTOR('',#3520,1000.);
#2073=VECTOR('',#3523,1000.);
#2074=VECTOR('',#3524,1000.);
#2075=VECTOR('',#3525,1000.);
#2076=VECTOR('',#3528,1000.);
#2077=VECTOR('',#3529,1000.);
#2078=VECTOR('',#3530,1000.);
#2079=VECTOR('',#3533,1000.);
#2080=VECTOR('',#3534,1000.);
#2081=VECTOR('',#3535,1000.);
#2082=VECTOR('',#3538,1000.);
#2083=VECTOR('',#3539,1000.);
#2084=VECTOR('',#3544,1000.);
#2085=VECTOR('',#3545,1000.);
#2086=VECTOR('',#3546,1000.);
#2087=VECTOR('',#3547,1000.);
#2088=VECTOR('',#3548,1000.);
#2089=VECTOR('',#3549,1000.);
#2090=VECTOR('',#3552,1000.);
#2091=VECTOR('',#3553,1000.);
#2092=VECTOR('',#3556,1000.);
#2093=VECTOR('',#3557,1000.);
#2094=VECTOR('',#3560,1000.);
#2095=VECTOR('',#3561,1000.);
#2096=VECTOR('',#3564,1000.);
#2097=VECTOR('',#3565,1000.);
#2098=VECTOR('',#3568,1000.);
#2099=VECTOR('',#3569,1000.);
#2100=VECTOR('',#3572,1000.);
#2101=VECTOR('',#3573,1000.);
#2102=VECTOR('',#3578,1000.);
#2103=VECTOR('',#3607,1000.);
#2104=VECTOR('',#3608,1000.);
#2105=VECTOR('',#3609,1000.);
#2106=VECTOR('',#3612,1000.);
#2107=VECTOR('',#3613,1000.);
#2108=VECTOR('',#3616,1000.);
#2109=VECTOR('',#3617,1000.);
#2110=VECTOR('',#3618,1000.);
#2111=VECTOR('',#3621,1000.);
#2112=VECTOR('',#3622,1000.);
#2113=VECTOR('',#3625,1000.);
#2114=VECTOR('',#3630,1000.);
#2115=VECTOR('',#3631,1000.);
#2116=VECTOR('',#3638,1000.);
#2117=VECTOR('',#3639,1000.);
#2118=VECTOR('',#3640,1000.);
#2119=VECTOR('',#3641,1000.);
#2120=VECTOR('',#3642,1000.);
#2121=VECTOR('',#3643,1000.);
#2122=VECTOR('',#3644,1000.);
#2123=VECTOR('',#3647,1000.);
#2124=VECTOR('',#3650,1000.);
#2125=VECTOR('',#3653,1000.);
#2126=VECTOR('',#3656,1000.);
#2127=VECTOR('',#3659,1000.);
#2128=VECTOR('',#3662,1000.);
#2129=VECTOR('',#3667,1000.);
#2130=VECTOR('',#3670,1000.);
#2131=EDGE_LOOP('',(#70,#71,#72,#73));
#2132=EDGE_LOOP('',(#74,#75,#76,#77));
#2133=EDGE_LOOP('',(#78,#79,#80,#81));
#2134=EDGE_LOOP('',(#82,#83,#84,#85));
#2135=EDGE_LOOP('',(#86,#87,#88,#89));
#2136=EDGE_LOOP('',(#90,#91,#92,#93));
#2137=EDGE_LOOP('',(#94,#95,#96,#97));
#2138=EDGE_LOOP('',(#98,#99,#100,#101));
#2139=EDGE_LOOP('',(#102,#103,#104,#105));
#2140=EDGE_LOOP('',(#106,#107,#108,#109));
#2141=EDGE_LOOP('',(#110,#111,#112,#113));
#2142=EDGE_LOOP('',(#114,#115,#116,#117));
#2143=EDGE_LOOP('',(#118,#119,#120,#121));
#2144=EDGE_LOOP('',(#122,#123,#124,#125));
#2145=EDGE_LOOP('',(#126,#127,#128,#129));
#2146=EDGE_LOOP('',(#130,#131,#132,#133));
#2147=EDGE_LOOP('',(#134,#135,#136,#137));
#2148=EDGE_LOOP('',(#138,#139,#140,#141));
#2149=EDGE_LOOP('',(#142,#143,#144,#145));
#2150=EDGE_LOOP('',(#146,#147,#148,#149));
#2151=EDGE_LOOP('',(#150,#151,#152,#153));
#2152=EDGE_LOOP('',(#154,#155,#156,#157));
#2153=EDGE_LOOP('',(#158,#159,#160,#161));
#2154=EDGE_LOOP('',(#162,#163,#164,#165));
#2155=EDGE_LOOP('',(#166,#167,#168,#169));
#2156=EDGE_LOOP('',(#170,#171,#172,#173));
#2157=EDGE_LOOP('',(#174,#175,#176,#177));
#2158=EDGE_LOOP('',(#178,#179,#180,#181));
#2159=EDGE_LOOP('',(#182,#183,#184,#185));
#2160=EDGE_LOOP('',(#186,#187,#188,#189));
#2161=EDGE_LOOP('',(#190,#191,#192,#193));
#2162=EDGE_LOOP('',(#194,#195,#196,#197));
#2163=EDGE_LOOP('',(#198,#199,#200,#201));
#2164=EDGE_LOOP('',(#202,#203,#204,#205));
#2165=EDGE_LOOP('',(#206,#207,#208,#209));
#2166=EDGE_LOOP('',(#210,#211,#212,#213));
#2167=EDGE_LOOP('',(#214,#215,#216,#217));
#2168=EDGE_LOOP('',(#218,#219,#220,#221));
#2169=EDGE_LOOP('',(#222,#223,#224,#225));
#2170=EDGE_LOOP('',(#226,#227,#228,#229));
#2171=EDGE_LOOP('',(#230,#231,#232,#233));
#2172=EDGE_LOOP('',(#234,#235,#236,#237));
#2173=EDGE_LOOP('',(#238,#239,#240,#241));
#2174=EDGE_LOOP('',(#242,#243,#244,#245));
#2175=EDGE_LOOP('',(#246,#247,#248,#249));
#2176=EDGE_LOOP('',(#250,#251,#252,#253));
#2177=EDGE_LOOP('',(#254,#255,#256,#257));
#2178=EDGE_LOOP('',(#258,#259,#260,#261));
#2179=EDGE_LOOP('',(#262,#263,#264,#265));
#2180=EDGE_LOOP('',(#266,#267,#268,#269));
#2181=EDGE_LOOP('',(#270,#271,#272,#273));
#2182=EDGE_LOOP('',(#274,#275,#276,#277));
#2183=EDGE_LOOP('',(#278,#279,#280,#281));
#2184=EDGE_LOOP('',(#282,#283,#284,#285));
#2185=EDGE_LOOP('',(#286,#287,#288,#289));
#2186=EDGE_LOOP('',(#290,#291,#292,#293));
#2187=EDGE_LOOP('',(#294,#295,#296,#297));
#2188=EDGE_LOOP('',(#298,#299,#300,#301));
#2189=EDGE_LOOP('',(#302,#303,#304,#305));
#2190=EDGE_LOOP('',(#306,#307,#308,#309));
#2191=EDGE_LOOP('',(#310,#311,#312,#313));
#2192=EDGE_LOOP('',(#314,#315,#316,#317));
#2193=EDGE_LOOP('',(#318,#319,#320,#321));
#2194=EDGE_LOOP('',(#322,#323,#324,#325));
#2195=EDGE_LOOP('',(#326));
#2196=EDGE_LOOP('',(#327));
#2197=EDGE_LOOP('',(#328));
#2198=EDGE_LOOP('',(#329));
#2199=EDGE_LOOP('',(#330,#331,#332,#333));
#2200=EDGE_LOOP('',(#334,#335,#336,#337));
#2201=EDGE_LOOP('',(#338,#339,#340,#341));
#2202=EDGE_LOOP('',(#342,#343,#344,#345));
#2203=EDGE_LOOP('',(#346,#347,#348,#349));
#2204=EDGE_LOOP('',(#350,#351,#352,#353));
#2205=EDGE_LOOP('',(#354,#355,#356,#357));
#2206=EDGE_LOOP('',(#358,#359,#360,#361));
#2207=EDGE_LOOP('',(#362,#363,#364,#365));
#2208=EDGE_LOOP('',(#366,#367,#368,#369));
#2209=EDGE_LOOP('',(#370,#371,#372,#373));
#2210=EDGE_LOOP('',(#374,#375,#376,#377));
#2211=EDGE_LOOP('',(#378));
#2212=EDGE_LOOP('',(#379));
#2213=EDGE_LOOP('',(#380,#381,#382,#383));
#2214=EDGE_LOOP('',(#384,#385,#386,#387));
#2215=EDGE_LOOP('',(#388));
#2216=EDGE_LOOP('',(#389,#390,#391,#392,#393,#394,#395,#396,#397,#398));
#2217=EDGE_LOOP('',(#399));
#2218=EDGE_LOOP('',(#400,#401,#402,#403));
#2219=EDGE_LOOP('',(#404,#405,#406,#407));
#2220=EDGE_LOOP('',(#408,#409,#410,#411));
#2221=EDGE_LOOP('',(#412,#413,#414,#415));
#2222=EDGE_LOOP('',(#416,#417,#418,#419));
#2223=EDGE_LOOP('',(#420,#421,#422,#423));
#2224=EDGE_LOOP('',(#424,#425,#426,#427));
#2225=EDGE_LOOP('',(#428,#429,#430,#431));
#2226=EDGE_LOOP('',(#432,#433,#434,#435));
#2227=EDGE_LOOP('',(#436,#437,#438,#439));
#2228=EDGE_LOOP('',(#440,#441,#442,#443));
#2229=EDGE_LOOP('',(#444,#445,#446,#447));
#2230=EDGE_LOOP('',(#448));
#2231=EDGE_LOOP('',(#449));
#2232=EDGE_LOOP('',(#450,#451,#452,#453));
#2233=EDGE_LOOP('',(#454,#455,#456,#457));
#2234=EDGE_LOOP('',(#458,#459,#460,#461));
#2235=EDGE_LOOP('',(#462,#463,#464,#465));
#2236=EDGE_LOOP('',(#466,#467,#468,#469));
#2237=EDGE_LOOP('',(#470));
#2238=EDGE_LOOP('',(#471,#472,#473,#474,#475,#476,#477,#478,#479,#480));
#2239=EDGE_LOOP('',(#481));
#2240=EDGE_LOOP('',(#482,#483,#484,#485));
#2241=EDGE_LOOP('',(#486,#487,#488,#489));
#2242=EDGE_LOOP('',(#490,#491,#492,#493));
#2243=EDGE_LOOP('',(#494,#495,#496,#497));
#2244=EDGE_LOOP('',(#498,#499,#500,#501));
#2245=EDGE_LOOP('',(#502,#503,#504,#505));
#2246=EDGE_LOOP('',(#506,#507,#508,#509));
#2247=EDGE_LOOP('',(#510,#511,#512,#513));
#2248=EDGE_LOOP('',(#514,#515,#516,#517));
#2249=EDGE_LOOP('',(#518,#519,#520,#521));
#2250=EDGE_LOOP('',(#522,#523,#524,#525));
#2251=EDGE_LOOP('',(#526,#527,#528,#529));
#2252=EDGE_LOOP('',(#530));
#2253=EDGE_LOOP('',(#531));
#2254=EDGE_LOOP('',(#532,#533,#534,#535));
#2255=EDGE_LOOP('',(#536,#537,#538,#539));
#2256=EDGE_LOOP('',(#540,#541,#542,#543));
#2257=EDGE_LOOP('',(#544,#545,#546,#547));
#2258=EDGE_LOOP('',(#548,#549,#550,#551));
#2259=EDGE_LOOP('',(#552));
#2260=EDGE_LOOP('',(#553));
#2261=EDGE_LOOP('',(#554,#555,#556,#557));
#2262=EDGE_LOOP('',(#558,#559,#560,#561));
#2263=EDGE_LOOP('',(#562,#563,#564,#565));
#2264=EDGE_LOOP('',(#566,#567,#568,#569));
#2265=EDGE_LOOP('',(#570,#571,#572,#573));
#2266=EDGE_LOOP('',(#574,#575,#576,#577));
#2267=EDGE_LOOP('',(#578));
#2268=EDGE_LOOP('',(#579));
#2269=EDGE_LOOP('',(#580));
#2270=EDGE_LOOP('',(#581));
#2271=EDGE_LOOP('',(#582,#583,#584,#585,#586,#587,#588,#589,#590,#591,#592,
#593,#594,#595,#596,#597,#598,#599,#600,#601,#602,#603,#604,#605,#606));
#2272=EDGE_LOOP('',(#607,#608,#609,#610));
#2273=EDGE_LOOP('',(#611,#612,#613,#614));
#2274=EDGE_LOOP('',(#615,#616,#617,#618));
#2275=EDGE_LOOP('',(#619,#620,#621,#622,#623,#624,#625,#626,#627));
#2276=EDGE_LOOP('',(#628,#629,#630,#631,#632));
#2277=EDGE_LOOP('',(#633,#634,#635,#636));
#2278=EDGE_LOOP('',(#637,#638,#639,#640,#641,#642));
#2279=EDGE_LOOP('',(#643,#644,#645,#646));
#2280=EDGE_LOOP('',(#647,#648,#649,#650));
#2281=EDGE_LOOP('',(#651,#652,#653,#654));
#2282=EDGE_LOOP('',(#655,#656,#657,#658));
#2283=EDGE_LOOP('',(#659,#660,#661,#662,#663,#664,#665,#666,#667,#668,#669));
#2284=EDGE_LOOP('',(#670,#671,#672,#673,#674,#675,#676,#677));
#2285=EDGE_LOOP('',(#678,#679,#680,#681));
#2286=EDGE_LOOP('',(#682,#683,#684,#685));
#2287=EDGE_LOOP('',(#686,#687,#688,#689));
#2288=EDGE_LOOP('',(#690,#691,#692,#693));
#2289=EDGE_LOOP('',(#694,#695,#696,#697));
#2290=EDGE_LOOP('',(#698,#699,#700,#701));
#2291=EDGE_LOOP('',(#702,#703,#704,#705));
#2292=EDGE_LOOP('',(#706,#707,#708,#709));
#2293=EDGE_LOOP('',(#710,#711,#712,#713,#714,#715,#716,#717));
#2294=EDGE_LOOP('',(#718));
#2295=EDGE_LOOP('',(#719));
#2296=EDGE_LOOP('',(#720));
#2297=EDGE_LOOP('',(#721));
#2298=EDGE_LOOP('',(#722));
#2299=EDGE_LOOP('',(#723));
#2300=EDGE_LOOP('',(#724));
#2301=EDGE_LOOP('',(#725));
#2302=EDGE_LOOP('',(#726));
#2303=EDGE_LOOP('',(#727));
#2304=EDGE_LOOP('',(#728));
#2305=EDGE_LOOP('',(#729));
#2306=EDGE_LOOP('',(#730,#731,#732,#733));
#2307=EDGE_LOOP('',(#734,#735,#736,#737));
#2308=EDGE_LOOP('',(#738,#739,#740,#741));
#2309=EDGE_LOOP('',(#742,#743,#744,#745));
#2310=EDGE_LOOP('',(#746,#747,#748,#749));
#2311=EDGE_LOOP('',(#750,#751,#752,#753));
#2312=EDGE_LOOP('',(#754,#755,#756,#757));
#2313=EDGE_LOOP('',(#758,#759,#760,#761,#762,#763,#764,#765,#766,#767,#768,
#769,#770,#771));
#2314=EDGE_LOOP('',(#772,#773,#774,#775,#776,#777));
#2315=EDGE_LOOP('',(#778,#779,#780,#781));
#2316=EDGE_LOOP('',(#782,#783,#784,#785));
#2317=EDGE_LOOP('',(#786,#787,#788,#789));
#2318=EDGE_LOOP('',(#790,#791,#792,#793));
#2319=EDGE_LOOP('',(#794,#795,#796,#797));
#2320=EDGE_LOOP('',(#798,#799,#800,#801,#802,#803));
#2321=EDGE_LOOP('',(#804,#805,#806,#807));
#2322=EDGE_LOOP('',(#808,#809,#810,#811));
#2323=EDGE_LOOP('',(#812,#813,#814,#815));
#2324=FACE_BOUND('',#2131,.T.);
#2325=FACE_BOUND('',#2132,.T.);
#2326=FACE_BOUND('',#2133,.T.);
#2327=FACE_BOUND('',#2134,.T.);
#2328=FACE_BOUND('',#2135,.T.);
#2329=FACE_BOUND('',#2136,.T.);
#2330=FACE_BOUND('',#2137,.T.);
#2331=FACE_BOUND('',#2138,.T.);
#2332=FACE_BOUND('',#2139,.T.);
#2333=FACE_BOUND('',#2140,.T.);
#2334=FACE_BOUND('',#2141,.T.);
#2335=FACE_BOUND('',#2142,.T.);
#2336=FACE_BOUND('',#2143,.T.);
#2337=FACE_BOUND('',#2144,.T.);
#2338=FACE_BOUND('',#2145,.T.);
#2339=FACE_BOUND('',#2146,.T.);
#2340=FACE_BOUND('',#2147,.T.);
#2341=FACE_BOUND('',#2148,.T.);
#2342=FACE_BOUND('',#2149,.T.);
#2343=FACE_BOUND('',#2150,.T.);
#2344=FACE_BOUND('',#2151,.T.);
#2345=FACE_BOUND('',#2152,.T.);
#2346=FACE_BOUND('',#2153,.T.);
#2347=FACE_BOUND('',#2154,.T.);
#2348=FACE_BOUND('',#2155,.T.);
#2349=FACE_BOUND('',#2156,.T.);
#2350=FACE_BOUND('',#2157,.T.);
#2351=FACE_BOUND('',#2158,.T.);
#2352=FACE_BOUND('',#2159,.T.);
#2353=FACE_BOUND('',#2160,.T.);
#2354=FACE_BOUND('',#2161,.T.);
#2355=FACE_BOUND('',#2162,.T.);
#2356=FACE_BOUND('',#2163,.T.);
#2357=FACE_BOUND('',#2164,.T.);
#2358=FACE_BOUND('',#2165,.T.);
#2359=FACE_BOUND('',#2166,.T.);
#2360=FACE_BOUND('',#2167,.T.);
#2361=FACE_BOUND('',#2168,.T.);
#2362=FACE_BOUND('',#2169,.T.);
#2363=FACE_BOUND('',#2170,.T.);
#2364=FACE_BOUND('',#2171,.T.);
#2365=FACE_BOUND('',#2172,.T.);
#2366=FACE_BOUND('',#2173,.T.);
#2367=FACE_BOUND('',#2174,.T.);
#2368=FACE_BOUND('',#2175,.T.);
#2369=FACE_BOUND('',#2176,.T.);
#2370=FACE_BOUND('',#2177,.T.);
#2371=FACE_BOUND('',#2178,.T.);
#2372=FACE_BOUND('',#2179,.T.);
#2373=FACE_BOUND('',#2180,.T.);
#2374=FACE_BOUND('',#2181,.T.);
#2375=FACE_BOUND('',#2182,.T.);
#2376=FACE_BOUND('',#2183,.T.);
#2377=FACE_BOUND('',#2184,.T.);
#2378=FACE_BOUND('',#2185,.T.);
#2379=FACE_BOUND('',#2186,.T.);
#2380=FACE_BOUND('',#2187,.T.);
#2381=FACE_BOUND('',#2188,.T.);
#2382=FACE_BOUND('',#2189,.T.);
#2383=FACE_BOUND('',#2190,.T.);
#2384=FACE_BOUND('',#2191,.T.);
#2385=FACE_BOUND('',#2192,.T.);
#2386=FACE_BOUND('',#2193,.T.);
#2387=FACE_BOUND('',#2194,.T.);
#2388=FACE_BOUND('',#2195,.T.);
#2389=FACE_BOUND('',#2196,.T.);
#2390=FACE_BOUND('',#2197,.T.);
#2391=FACE_BOUND('',#2198,.T.);
#2392=FACE_BOUND('',#2199,.T.);
#2393=FACE_BOUND('',#2200,.T.);
#2394=FACE_BOUND('',#2201,.T.);
#2395=FACE_BOUND('',#2202,.T.);
#2396=FACE_BOUND('',#2203,.T.);
#2397=FACE_BOUND('',#2204,.T.);
#2398=FACE_BOUND('',#2205,.T.);
#2399=FACE_BOUND('',#2206,.T.);
#2400=FACE_BOUND('',#2207,.T.);
#2401=FACE_BOUND('',#2208,.T.);
#2402=FACE_BOUND('',#2209,.T.);
#2403=FACE_BOUND('',#2210,.T.);
#2404=FACE_BOUND('',#2211,.T.);
#2405=FACE_BOUND('',#2212,.T.);
#2406=FACE_BOUND('',#2213,.T.);
#2407=FACE_BOUND('',#2214,.T.);
#2408=FACE_BOUND('',#2215,.T.);
#2409=FACE_BOUND('',#2216,.T.);
#2410=FACE_BOUND('',#2217,.T.);
#2411=FACE_BOUND('',#2218,.T.);
#2412=FACE_BOUND('',#2219,.T.);
#2413=FACE_BOUND('',#2220,.T.);
#2414=FACE_BOUND('',#2221,.T.);
#2415=FACE_BOUND('',#2222,.T.);
#2416=FACE_BOUND('',#2223,.T.);
#2417=FACE_BOUND('',#2224,.T.);
#2418=FACE_BOUND('',#2225,.T.);
#2419=FACE_BOUND('',#2226,.T.);
#2420=FACE_BOUND('',#2227,.T.);
#2421=FACE_BOUND('',#2228,.T.);
#2422=FACE_BOUND('',#2229,.T.);
#2423=FACE_BOUND('',#2230,.T.);
#2424=FACE_BOUND('',#2231,.T.);
#2425=FACE_BOUND('',#2232,.T.);
#2426=FACE_BOUND('',#2233,.T.);
#2427=FACE_BOUND('',#2234,.T.);
#2428=FACE_BOUND('',#2235,.T.);
#2429=FACE_BOUND('',#2236,.T.);
#2430=FACE_BOUND('',#2237,.T.);
#2431=FACE_BOUND('',#2238,.T.);
#2432=FACE_BOUND('',#2239,.T.);
#2433=FACE_BOUND('',#2240,.T.);
#2434=FACE_BOUND('',#2241,.T.);
#2435=FACE_BOUND('',#2242,.T.);
#2436=FACE_BOUND('',#2243,.T.);
#2437=FACE_BOUND('',#2244,.T.);
#2438=FACE_BOUND('',#2245,.T.);
#2439=FACE_BOUND('',#2246,.T.);
#2440=FACE_BOUND('',#2247,.T.);
#2441=FACE_BOUND('',#2248,.T.);
#2442=FACE_BOUND('',#2249,.T.);
#2443=FACE_BOUND('',#2250,.T.);
#2444=FACE_BOUND('',#2251,.T.);
#2445=FACE_BOUND('',#2252,.T.);
#2446=FACE_BOUND('',#2253,.T.);
#2447=FACE_BOUND('',#2254,.T.);
#2448=FACE_BOUND('',#2255,.T.);
#2449=FACE_BOUND('',#2256,.T.);
#2450=FACE_BOUND('',#2257,.T.);
#2451=FACE_BOUND('',#2258,.T.);
#2452=FACE_BOUND('',#2259,.T.);
#2453=FACE_BOUND('',#2260,.T.);
#2454=FACE_BOUND('',#2261,.T.);
#2455=FACE_BOUND('',#2262,.T.);
#2456=FACE_BOUND('',#2263,.T.);
#2457=FACE_BOUND('',#2264,.T.);
#2458=FACE_BOUND('',#2265,.T.);
#2459=FACE_BOUND('',#2266,.T.);
#2460=FACE_BOUND('',#2267,.T.);
#2461=FACE_BOUND('',#2268,.T.);
#2462=FACE_BOUND('',#2269,.T.);
#2463=FACE_BOUND('',#2270,.T.);
#2464=FACE_BOUND('',#2271,.T.);
#2465=FACE_BOUND('',#2272,.T.);
#2466=FACE_BOUND('',#2273,.T.);
#2467=FACE_BOUND('',#2274,.T.);
#2468=FACE_BOUND('',#2275,.T.);
#2469=FACE_BOUND('',#2276,.T.);
#2470=FACE_BOUND('',#2277,.T.);
#2471=FACE_BOUND('',#2278,.T.);
#2472=FACE_BOUND('',#2279,.T.);
#2473=FACE_BOUND('',#2280,.T.);
#2474=FACE_BOUND('',#2281,.T.);
#2475=FACE_BOUND('',#2282,.T.);
#2476=FACE_BOUND('',#2283,.T.);
#2477=FACE_BOUND('',#2284,.T.);
#2478=FACE_BOUND('',#2285,.T.);
#2479=FACE_BOUND('',#2286,.T.);
#2480=FACE_BOUND('',#2287,.T.);
#2481=FACE_BOUND('',#2288,.T.);
#2482=FACE_BOUND('',#2289,.T.);
#2483=FACE_BOUND('',#2290,.T.);
#2484=FACE_BOUND('',#2291,.T.);
#2485=FACE_BOUND('',#2292,.T.);
#2486=FACE_BOUND('',#2293,.T.);
#2487=FACE_BOUND('',#2294,.T.);
#2488=FACE_BOUND('',#2295,.T.);
#2489=FACE_BOUND('',#2296,.T.);
#2490=FACE_BOUND('',#2297,.T.);
#2491=FACE_BOUND('',#2298,.T.);
#2492=FACE_BOUND('',#2299,.T.);
#2493=FACE_BOUND('',#2300,.T.);
#2494=FACE_BOUND('',#2301,.T.);
#2495=FACE_BOUND('',#2302,.T.);
#2496=FACE_BOUND('',#2303,.T.);
#2497=FACE_BOUND('',#2304,.T.);
#2498=FACE_BOUND('',#2305,.T.);
#2499=FACE_BOUND('',#2306,.T.);
#2500=FACE_BOUND('',#2307,.T.);
#2501=FACE_BOUND('',#2308,.T.);
#2502=FACE_BOUND('',#2309,.T.);
#2503=FACE_BOUND('',#2310,.T.);
#2504=FACE_BOUND('',#2311,.T.);
#2505=FACE_BOUND('',#2312,.T.);
#2506=FACE_BOUND('',#2313,.T.);
#2507=FACE_BOUND('',#2314,.T.);
#2508=FACE_BOUND('',#2315,.T.);
#2509=FACE_BOUND('',#2316,.T.);
#2510=FACE_BOUND('',#2317,.T.);
#2511=FACE_BOUND('',#2318,.T.);
#2512=FACE_BOUND('',#2319,.T.);
#2513=FACE_BOUND('',#2320,.T.);
#2514=FACE_BOUND('',#2321,.T.);
#2515=FACE_BOUND('',#2322,.T.);
#2516=FACE_BOUND('',#2323,.T.);
#2517=PLANE('',#2818);
#2518=PLANE('',#2819);
#2519=PLANE('',#2820);
#2520=PLANE('',#2821);
#2521=PLANE('',#2822);
#2522=PLANE('',#2823);
#2523=PLANE('',#2824);
#2524=PLANE('',#2825);
#2525=PLANE('',#2826);
#2526=PLANE('',#2827);
#2527=PLANE('',#2828);
#2528=PLANE('',#2829);
#2529=PLANE('',#2830);
#2530=PLANE('',#2831);
#2531=PLANE('',#2832);
#2532=PLANE('',#2833);
#2533=PLANE('',#2834);
#2534=PLANE('',#2835);
#2535=PLANE('',#2836);
#2536=PLANE('',#2837);
#2537=PLANE('',#2838);
#2538=PLANE('',#2839);
#2539=PLANE('',#2840);
#2540=PLANE('',#2841);
#2541=PLANE('',#2842);
#2542=PLANE('',#2843);
#2543=PLANE('',#2844);
#2544=PLANE('',#2845);
#2545=PLANE('',#2846);
#2546=PLANE('',#2847);
#2547=PLANE('',#2848);
#2548=PLANE('',#2849);
#2549=PLANE('',#2850);
#2550=PLANE('',#2851);
#2551=PLANE('',#2852);
#2552=PLANE('',#2853);
#2553=PLANE('',#2854);
#2554=PLANE('',#2855);
#2555=PLANE('',#2856);
#2556=PLANE('',#2857);
#2557=PLANE('',#2858);
#2558=PLANE('',#2859);
#2559=PLANE('',#2860);
#2560=PLANE('',#2861);
#2561=PLANE('',#2862);
#2562=PLANE('',#2863);
#2563=PLANE('',#2864);
#2564=PLANE('',#2865);
#2565=PLANE('',#2866);
#2566=PLANE('',#2867);
#2567=PLANE('',#2868);
#2568=PLANE('',#2869);
#2569=PLANE('',#2870);
#2570=PLANE('',#2874);
#2571=PLANE('',#2875);
#2572=PLANE('',#2879);
#2573=PLANE('',#2883);
#2574=PLANE('',#2884);
#2575=PLANE('',#2885);
#2576=PLANE('',#2886);
#2577=PLANE('',#2887);
#2578=PLANE('',#2894);
#2579=PLANE('',#2895);
#2580=PLANE('',#2896);
#2581=PLANE('',#2897);
#2582=PLANE('',#2898);
#2583=PLANE('',#2899);
#2584=PLANE('',#2900);
#2585=PLANE('',#2901);
#2586=PLANE('',#2902);
#2587=PLANE('',#2903);
#2588=PLANE('',#2904);
#2589=PLANE('',#2905);
#2590=PLANE('',#2912);
#2591=PLANE('',#2913);
#2592=PLANE('',#2915);
#2593=PLANE('',#2919);
#2594=PLANE('',#2920);
#2595=PLANE('',#2921);
#2596=PLANE('',#2922);
#2597=PLANE('',#2923);
#2598=PLANE('',#2924);
#2599=PLANE('',#2926);
#2600=PLANE('',#2933);
#2601=PLANE('',#2934);
#2602=PLANE('',#2935);
#2603=PLANE('',#2936);
#2604=PLANE('',#2937);
#2605=PLANE('',#2938);
#2606=PLANE('',#2939);
#2607=PLANE('',#2940);
#2608=PLANE('',#2941);
#2609=PLANE('',#2942);
#2610=PLANE('',#2943);
#2611=PLANE('',#2944);
#2612=PLANE('',#2945);
#2613=PLANE('',#2946);
#2614=PLANE('',#2947);
#2615=PLANE('',#2948);
#2616=PLANE('',#2949);
#2617=PLANE('',#2950);
#2618=PLANE('',#2951);
#2619=PLANE('',#2952);
#2620=PLANE('',#2953);
#2621=PLANE('',#2954);
#2622=PLANE('',#2955);
#2623=PLANE('',#2958);
#2624=PLANE('',#2961);
#2625=PLANE('',#2964);
#2626=PLANE('',#2967);
#2627=PLANE('',#2968);
#2628=PLANE('',#2969);
#2629=PLANE('',#2970);
#2630=PLANE('',#2973);
#2631=PLANE('',#2976);
#2632=PLANE('',#2977);
#2633=PLANE('',#2978);
#2634=PLANE('',#2979);
#2635=PLANE('',#2980);
#2636=PLANE('',#2981);
#2637=PLANE('',#2982);
#2638=PLANE('',#2983);
#2639=PLANE('',#2984);
#2640=PLANE('',#2985);
#2641=PLANE('',#2986);
#2642=ADVANCED_FACE('',(#2324),#2517,.F.);
#2643=ADVANCED_FACE('',(#2325),#2518,.F.);
#2644=ADVANCED_FACE('',(#2326),#2519,.T.);
#2645=ADVANCED_FACE('',(#2327),#2520,.T.);
#2646=ADVANCED_FACE('',(#2328),#2521,.F.);
#2647=ADVANCED_FACE('',(#2329),#2522,.F.);
#2648=ADVANCED_FACE('',(#2330),#2523,.T.);
#2649=ADVANCED_FACE('',(#2331),#2524,.T.);
#2650=ADVANCED_FACE('',(#2332),#2525,.F.);
#2651=ADVANCED_FACE('',(#2333),#2526,.T.);
#2652=ADVANCED_FACE('',(#2334),#2527,.T.);
#2653=ADVANCED_FACE('',(#2335),#2528,.F.);
#2654=ADVANCED_FACE('',(#2336),#2529,.T.);
#2655=ADVANCED_FACE('',(#2337),#2530,.T.);
#2656=ADVANCED_FACE('',(#2338),#2531,.F.);
#2657=ADVANCED_FACE('',(#2339),#2532,.F.);
#2658=ADVANCED_FACE('',(#2340),#2533,.T.);
#2659=ADVANCED_FACE('',(#2341),#2534,.T.);
#2660=ADVANCED_FACE('',(#2342),#2535,.T.);
#2661=ADVANCED_FACE('',(#2343),#2536,.T.);
#2662=ADVANCED_FACE('',(#2344),#2537,.F.);
#2663=ADVANCED_FACE('',(#2345),#2538,.F.);
#2664=ADVANCED_FACE('',(#2346),#2539,.T.);
#2665=ADVANCED_FACE('',(#2347),#2540,.T.);
#2666=ADVANCED_FACE('',(#2348),#2541,.T.);
#2667=ADVANCED_FACE('',(#2349),#2542,.F.);
#2668=ADVANCED_FACE('',(#2350),#2543,.F.);
#2669=ADVANCED_FACE('',(#2351),#2544,.F.);
#2670=ADVANCED_FACE('',(#2352),#2545,.F.);
#2671=ADVANCED_FACE('',(#2353),#2546,.T.);
#2672=ADVANCED_FACE('',(#2354),#2547,.T.);
#2673=ADVANCED_FACE('',(#2355),#2548,.T.);
#2674=ADVANCED_FACE('',(#2356),#2549,.F.);
#2675=ADVANCED_FACE('',(#2357),#2550,.F.);
#2676=ADVANCED_FACE('',(#2358),#2551,.F.);
#2677=ADVANCED_FACE('',(#2359),#2552,.T.);
#2678=ADVANCED_FACE('',(#2360),#2553,.T.);
#2679=ADVANCED_FACE('',(#2361),#2554,.F.);
#2680=ADVANCED_FACE('',(#2362),#2555,.F.);
#2681=ADVANCED_FACE('',(#2363),#2556,.F.);
#2682=ADVANCED_FACE('',(#2364),#2557,.F.);
#2683=ADVANCED_FACE('',(#2365),#2558,.F.);
#2684=ADVANCED_FACE('',(#2366),#2559,.T.);
#2685=ADVANCED_FACE('',(#2367),#2560,.F.);
#2686=ADVANCED_FACE('',(#2368),#2561,.T.);
#2687=ADVANCED_FACE('',(#2369),#2562,.T.);
#2688=ADVANCED_FACE('',(#2370),#2563,.F.);
#2689=ADVANCED_FACE('',(#2371),#2564,.F.);
#2690=ADVANCED_FACE('',(#2372),#2565,.T.);
#2691=ADVANCED_FACE('',(#2373),#2566,.F.);
#2692=ADVANCED_FACE('',(#2374),#2567,.F.);
#2693=ADVANCED_FACE('',(#2375),#2568,.T.);
#2694=ADVANCED_FACE('',(#2376),#2569,.T.);
#2695=ADVANCED_FACE('',(#2377),#56,.T.);
#2696=ADVANCED_FACE('',(#2378),#2570,.F.);
#2697=ADVANCED_FACE('',(#2379),#2571,.T.);
#2698=ADVANCED_FACE('',(#2380),#57,.T.);
#2699=ADVANCED_FACE('',(#2381),#2572,.F.);
#2700=ADVANCED_FACE('',(#2382),#58,.T.);
#2701=ADVANCED_FACE('',(#2383),#2573,.F.);
#2702=ADVANCED_FACE('',(#2384),#2574,.T.);
#2703=ADVANCED_FACE('',(#2385),#2575,.F.);
#2704=ADVANCED_FACE('',(#2386),#2576,.F.);
#2705=ADVANCED_FACE('',(#2387),#2577,.F.);
#2706=ADVANCED_FACE('',(#2388,#2389),#59,.F.);
#2707=ADVANCED_FACE('',(#2390,#2391),#60,.F.);
#2708=ADVANCED_FACE('',(#2392),#2578,.F.);
#2709=ADVANCED_FACE('',(#2393),#2579,.F.);
#2710=ADVANCED_FACE('',(#2394),#2580,.F.);
#2711=ADVANCED_FACE('',(#2395),#2581,.T.);
#2712=ADVANCED_FACE('',(#2396),#2582,.T.);
#2713=ADVANCED_FACE('',(#2397),#2583,.F.);
#2714=ADVANCED_FACE('',(#2398),#2584,.T.);
#2715=ADVANCED_FACE('',(#2399),#2585,.T.);
#2716=ADVANCED_FACE('',(#2400),#2586,.F.);
#2717=ADVANCED_FACE('',(#2401),#2587,.T.);
#2718=ADVANCED_FACE('',(#2402),#2588,.F.);
#2719=ADVANCED_FACE('',(#2403),#2589,.T.);
#2720=ADVANCED_FACE('',(#2404,#2405),#61,.F.);
#2721=ADVANCED_FACE('',(#2406),#62,.T.);
#2722=ADVANCED_FACE('',(#2407),#2590,.T.);
#2723=ADVANCED_FACE('',(#2408,#2409,#2410,#2411,#2412,#2413,#2414,#2415,
#2416,#2417,#2418,#2419,#2420,#2421,#2422,#2423,#2424,#2425,#2426,#2427,
#2428,#2429),#2591,.T.);
#2724=ADVANCED_FACE('',(#2430,#2431,#2432,#2433,#2434,#2435,#2436,#2437,
#2438,#2439,#2440,#2441,#2442,#2443,#2444,#2445,#2446,#2447,#2448,#2449,
#2450,#2451),#2592,.F.);
#2725=ADVANCED_FACE('',(#2452,#2453),#63,.F.);
#2726=ADVANCED_FACE('',(#2454),#2593,.T.);
#2727=ADVANCED_FACE('',(#2455),#2594,.F.);
#2728=ADVANCED_FACE('',(#2456),#2595,.F.);
#2729=ADVANCED_FACE('',(#2457),#2596,.T.);
#2730=ADVANCED_FACE('',(#2458),#2597,.T.);
#2731=ADVANCED_FACE('',(#2459),#2598,.F.);
#2732=ADVANCED_FACE('',(#2460,#2461,#2462,#2463,#2464),#2599,.T.);
#2733=ADVANCED_FACE('',(#2465),#2600,.T.);
#2734=ADVANCED_FACE('',(#2466),#2601,.F.);
#2735=ADVANCED_FACE('',(#2467),#2602,.F.);
#2736=ADVANCED_FACE('',(#2468),#2603,.T.);
#2737=ADVANCED_FACE('',(#2469),#2604,.F.);
#2738=ADVANCED_FACE('',(#2470),#2605,.T.);
#2739=ADVANCED_FACE('',(#2471),#2606,.F.);
#2740=ADVANCED_FACE('',(#2472),#2607,.F.);
#2741=ADVANCED_FACE('',(#2473),#2608,.T.);
#2742=ADVANCED_FACE('',(#2474),#2609,.T.);
#2743=ADVANCED_FACE('',(#2475),#2610,.T.);
#2744=ADVANCED_FACE('',(#2476),#2611,.F.);
#2745=ADVANCED_FACE('',(#2477),#2612,.T.);
#2746=ADVANCED_FACE('',(#2478),#2613,.F.);
#2747=ADVANCED_FACE('',(#2479),#2614,.T.);
#2748=ADVANCED_FACE('',(#2480),#2615,.F.);
#2749=ADVANCED_FACE('',(#2481),#2616,.T.);
#2750=ADVANCED_FACE('',(#2482),#2617,.T.);
#2751=ADVANCED_FACE('',(#2483),#2618,.F.);
#2752=ADVANCED_FACE('',(#2484),#2619,.F.);
#2753=ADVANCED_FACE('',(#2485),#2620,.F.);
#2754=ADVANCED_FACE('',(#2486),#2621,.T.);
#2755=ADVANCED_FACE('',(#2487),#2622,.T.);
#2756=ADVANCED_FACE('',(#2488,#2489),#64,.F.);
#2757=ADVANCED_FACE('',(#2490),#2623,.T.);
#2758=ADVANCED_FACE('',(#2491,#2492),#65,.F.);
#2759=ADVANCED_FACE('',(#2493),#2624,.T.);
#2760=ADVANCED_FACE('',(#2494,#2495),#66,.F.);
#2761=ADVANCED_FACE('',(#2496),#2625,.T.);
#2762=ADVANCED_FACE('',(#2497,#2498),#67,.F.);
#2763=ADVANCED_FACE('',(#2499),#2626,.T.);
#2764=ADVANCED_FACE('',(#2500),#2627,.F.);
#2765=ADVANCED_FACE('',(#2501),#2628,.T.);
#2766=ADVANCED_FACE('',(#2502),#2629,.F.);
#2767=ADVANCED_FACE('',(#2503),#68,.F.);
#2768=ADVANCED_FACE('',(#2504),#2630,.T.);
#2769=ADVANCED_FACE('',(#2505),#69,.F.);
#2770=ADVANCED_FACE('',(#2506),#2631,.T.);
#2771=ADVANCED_FACE('',(#2507),#2632,.T.);
#2772=ADVANCED_FACE('',(#2508),#2633,.F.);
#2773=ADVANCED_FACE('',(#2509),#2634,.F.);
#2774=ADVANCED_FACE('',(#2510),#2635,.F.);
#2775=ADVANCED_FACE('',(#2511),#2636,.F.);
#2776=ADVANCED_FACE('',(#2512),#2637,.T.);
#2777=ADVANCED_FACE('',(#2513),#2638,.T.);
#2778=ADVANCED_FACE('',(#2514),#2639,.F.);
#2779=ADVANCED_FACE('',(#2515),#2640,.F.);
#2780=ADVANCED_FACE('',(#2516),#2641,.T.);
#2781=CLOSED_SHELL('',(#2642,#2643,#2644,#2645,#2646,#2647,#2648,#2649,
#2650,#2651,#2652,#2653,#2654,#2655,#2656,#2657,#2658,#2659,#2660,#2661,
#2662,#2663,#2664,#2665,#2666,#2667,#2668,#2669,#2670,#2671,#2672,#2673,
#2674,#2675,#2676,#2677,#2678,#2679,#2680,#2681,#2682,#2683,#2684,#2685,
#2686,#2687,#2688,#2689,#2690,#2691,#2692,#2693,#2694,#2695,#2696,#2697,
#2698,#2699,#2700,#2701,#2702,#2703,#2704,#2705,#2706,#2707,#2708,#2709,
#2710,#2711,#2712,#2713,#2714,#2715,#2716,#2717,#2718,#2719,#2720,#2721,
#2722,#2723,#2724,#2725));
#2782=CLOSED_SHELL('',(#2726,#2727,#2728,#2729,#2730,#2731));
#2783=CLOSED_SHELL('',(#2732,#2733,#2734,#2735,#2736,#2737,#2738,#2739,
#2740,#2741,#2742,#2743,#2744,#2745,#2746,#2747,#2748,#2749,#2750,#2751,
#2752,#2753,#2754,#2755,#2756,#2757,#2758,#2759,#2760,#2761,#2762,#2763,
#2764,#2765,#2766,#2767,#2768,#2769,#2770,#2771,#2772,#2773,#2774,#2775,
#2776,#2777,#2778,#2779,#2780));
#2784=STYLED_ITEM('',(#2787),#2806);
#2785=STYLED_ITEM('',(#2788),#2807);
#2786=STYLED_ITEM('',(#2789),#2808);
#2787=PRESENTATION_STYLE_ASSIGNMENT((#2790));
#2788=PRESENTATION_STYLE_ASSIGNMENT((#2791));
#2789=PRESENTATION_STYLE_ASSIGNMENT((#2792));
#2790=SURFACE_STYLE_USAGE(.BOTH.,#2793);
#2791=SURFACE_STYLE_USAGE(.BOTH.,#2794);
#2792=SURFACE_STYLE_USAGE(.BOTH.,#2795);
#2793=SURFACE_SIDE_STYLE('',(#2796));
#2794=SURFACE_SIDE_STYLE('',(#2797));
#2795=SURFACE_SIDE_STYLE('',(#2798));
#2796=SURFACE_STYLE_FILL_AREA(#2799);
#2797=SURFACE_STYLE_FILL_AREA(#2800);
#2798=SURFACE_STYLE_FILL_AREA(#2801);
#2799=FILL_AREA_STYLE('',(#2802));
#2800=FILL_AREA_STYLE('',(#2803));
#2801=FILL_AREA_STYLE('',(#2804));
#2802=FILL_AREA_STYLE_COLOUR('',#2805);
#2803=FILL_AREA_STYLE_COLOUR('',#2805);
#2804=FILL_AREA_STYLE_COLOUR('',#2805);
#2805=COLOUR_RGB('',0.615686274509804,0.811764705882353,0.929411764705882);
#2806=MANIFOLD_SOLID_BREP('plate',#2781);
#2807=MANIFOLD_SOLID_BREP('pcb',#2782);
#2808=MANIFOLD_SOLID_BREP('case',#2783);
#2809=SHAPE_DEFINITION_REPRESENTATION(#4455,#2813);
#2810=SHAPE_DEFINITION_REPRESENTATION(#4456,#2814);
#2811=SHAPE_DEFINITION_REPRESENTATION(#4458,#2815);
#2812=SHAPE_DEFINITION_REPRESENTATION(#4460,#2816);
#2813=SHAPE_REPRESENTATION('hackpad',(#2817,#2918,#2925,#2987),#4444);
#2814=SHAPE_REPRESENTATION('plate',(#2817),#4445);
#2815=SHAPE_REPRESENTATION('pcb',(#2817),#4446);
#2816=SHAPE_REPRESENTATION('case',(#2817),#4447);
#2817=AXIS2_PLACEMENT_3D('',#3675,#2988,#2989);
#2818=AXIS2_PLACEMENT_3D('',#3676,#2990,#2991);
#2819=AXIS2_PLACEMENT_3D('',#3685,#2996,#2997);
#2820=AXIS2_PLACEMENT_3D('',#3691,#3001,#3002);
#2821=AXIS2_PLACEMENT_3D('',#3697,#3006,#3007);
#2822=AXIS2_PLACEMENT_3D('',#3706,#3012,#3013);
#2823=AXIS2_PLACEMENT_3D('',#3712,#3017,#3018);
#2824=AXIS2_PLACEMENT_3D('',#3718,#3022,#3023);
#2825=AXIS2_PLACEMENT_3D('',#3727,#3028,#3029);
#2826=AXIS2_PLACEMENT_3D('',#3733,#3033,#3034);
#2827=AXIS2_PLACEMENT_3D('',#3739,#3038,#3039);
#2828=AXIS2_PLACEMENT_3D('',#3748,#3044,#3045);
#2829=AXIS2_PLACEMENT_3D('',#3754,#3049,#3050);
#2830=AXIS2_PLACEMENT_3D('',#3760,#3054,#3055);
#2831=AXIS2_PLACEMENT_3D('',#3769,#3060,#3061);
#2832=AXIS2_PLACEMENT_3D('',#3775,#3065,#3066);
#2833=AXIS2_PLACEMENT_3D('',#3781,#3070,#3071);
#2834=AXIS2_PLACEMENT_3D('',#3790,#3076,#3077);
#2835=AXIS2_PLACEMENT_3D('',#3796,#3081,#3082);
#2836=AXIS2_PLACEMENT_3D('',#3802,#3086,#3087);
#2837=AXIS2_PLACEMENT_3D('',#3811,#3092,#3093);
#2838=AXIS2_PLACEMENT_3D('',#3817,#3097,#3098);
#2839=AXIS2_PLACEMENT_3D('',#3823,#3102,#3103);
#2840=AXIS2_PLACEMENT_3D('',#3832,#3108,#3109);
#2841=AXIS2_PLACEMENT_3D('',#3838,#3113,#3114);
#2842=AXIS2_PLACEMENT_3D('',#3844,#3118,#3119);
#2843=AXIS2_PLACEMENT_3D('',#3853,#3124,#3125);
#2844=AXIS2_PLACEMENT_3D('',#3859,#3129,#3130);
#2845=AXIS2_PLACEMENT_3D('',#3865,#3134,#3135);
#2846=AXIS2_PLACEMENT_3D('',#3874,#3140,#3141);
#2847=AXIS2_PLACEMENT_3D('',#3880,#3145,#3146);
#2848=AXIS2_PLACEMENT_3D('',#3886,#3150,#3151);
#2849=AXIS2_PLACEMENT_3D('',#3895,#3156,#3157);
#2850=AXIS2_PLACEMENT_3D('',#3901,#3161,#3162);
#2851=AXIS2_PLACEMENT_3D('',#3907,#3166,#3167);
#2852=AXIS2_PLACEMENT_3D('',#3916,#3172,#3173);
#2853=AXIS2_PLACEMENT_3D('',#3922,#3177,#3178);
#2854=AXIS2_PLACEMENT_3D('',#3928,#3182,#3183);
#2855=AXIS2_PLACEMENT_3D('',#3937,#3188,#3189);
#2856=AXIS2_PLACEMENT_3D('',#3943,#3193,#3194);
#2857=AXIS2_PLACEMENT_3D('',#3949,#3198,#3199);
#2858=AXIS2_PLACEMENT_3D('',#3958,#3204,#3205);
#2859=AXIS2_PLACEMENT_3D('',#3964,#3209,#3210);
#2860=AXIS2_PLACEMENT_3D('',#3970,#3214,#3215);
#2861=AXIS2_PLACEMENT_3D('',#3979,#3220,#3221);
#2862=AXIS2_PLACEMENT_3D('',#3985,#3225,#3226);
#2863=AXIS2_PLACEMENT_3D('',#3991,#3230,#3231);
#2864=AXIS2_PLACEMENT_3D('',#4000,#3236,#3237);
#2865=AXIS2_PLACEMENT_3D('',#4006,#3241,#3242);
#2866=AXIS2_PLACEMENT_3D('',#4012,#3246,#3247);
#2867=AXIS2_PLACEMENT_3D('',#4021,#3252,#3253);
#2868=AXIS2_PLACEMENT_3D('',#4027,#3257,#3258);
#2869=AXIS2_PLACEMENT_3D('',#4033,#3262,#3263);
#2870=AXIS2_PLACEMENT_3D('',#4042,#3268,#3269);
#2871=AXIS2_PLACEMENT_3D('',#4048,#3273,#3274);
#2872=AXIS2_PLACEMENT_3D('',#4049,#3275,#3276);
#2873=AXIS2_PLACEMENT_3D('',#4053,#3278,#3279);
#2874=AXIS2_PLACEMENT_3D('',#4054,#3280,#3281);
#2875=AXIS2_PLACEMENT_3D('',#4060,#3285,#3286);
#2876=AXIS2_PLACEMENT_3D('',#4066,#3290,#3291);
#2877=AXIS2_PLACEMENT_3D('',#4067,#3292,#3293);
#2878=AXIS2_PLACEMENT_3D('',#4071,#3295,#3296);
#2879=AXIS2_PLACEMENT_3D('',#4072,#3297,#3298);
#2880=AXIS2_PLACEMENT_3D('',#4078,#3302,#3303);
#2881=AXIS2_PLACEMENT_3D('',#4079,#3304,#3305);
#2882=AXIS2_PLACEMENT_3D('',#4083,#3307,#3308);
#2883=AXIS2_PLACEMENT_3D('',#4084,#3309,#3310);
#2884=AXIS2_PLACEMENT_3D('',#4090,#3314,#3315);
#2885=AXIS2_PLACEMENT_3D('',#4093,#3318,#3319);
#2886=AXIS2_PLACEMENT_3D('',#4096,#3322,#3323);
#2887=AXIS2_PLACEMENT_3D('',#4099,#3326,#3327);
#2888=AXIS2_PLACEMENT_3D('',#4102,#3330,#3331);
#2889=AXIS2_PLACEMENT_3D('',#4103,#3332,#3333);
#2890=AXIS2_PLACEMENT_3D('',#4105,#3334,#3335);
#2891=AXIS2_PLACEMENT_3D('',#4107,#3336,#3337);
#2892=AXIS2_PLACEMENT_3D('',#4108,#3338,#3339);
#2893=AXIS2_PLACEMENT_3D('',#4110,#3340,#3341);
#2894=AXIS2_PLACEMENT_3D('',#4112,#3342,#3343);
#2895=AXIS2_PLACEMENT_3D('',#4115,#3346,#3347);
#2896=AXIS2_PLACEMENT_3D('',#4118,#3350,#3351);
#2897=AXIS2_PLACEMENT_3D('',#4121,#3354,#3355);
#2898=AXIS2_PLACEMENT_3D('',#4124,#3358,#3359);
#2899=AXIS2_PLACEMENT_3D('',#4127,#3362,#3363);
#2900=AXIS2_PLACEMENT_3D('',#4130,#3366,#3367);
#2901=AXIS2_PLACEMENT_3D('',#4133,#3370,#3371);
#2902=AXIS2_PLACEMENT_3D('',#4136,#3374,#3375);
#2903=AXIS2_PLACEMENT_3D('',#4139,#3378,#3379);
#2904=AXIS2_PLACEMENT_3D('',#4142,#3382,#3383);
#2905=AXIS2_PLACEMENT_3D('',#4145,#3386,#3387);
#2906=AXIS2_PLACEMENT_3D('',#4148,#3390,#3391);
#2907=AXIS2_PLACEMENT_3D('',#4149,#3392,#3393);
#2908=AXIS2_PLACEMENT_3D('',#4151,#3394,#3395);
#2909=AXIS2_PLACEMENT_3D('',#4153,#3396,#3397);
#2910=AXIS2_PLACEMENT_3D('',#4154,#3398,#3399);
#2911=AXIS2_PLACEMENT_3D('',#4155,#3400,#3401);
#2912=AXIS2_PLACEMENT_3D('',#4156,#3402,#3403);
#2913=AXIS2_PLACEMENT_3D('',#4159,#3406,#3407);
#2914=AXIS2_PLACEMENT_3D('',#4160,#3408,#3409);
#2915=AXIS2_PLACEMENT_3D('',#4162,#3410,#3411);
#2916=AXIS2_PLACEMENT_3D('',#4163,#3412,#3413);
#2917=AXIS2_PLACEMENT_3D('',#4165,#3414,#3415);
#2918=AXIS2_PLACEMENT_3D('',#4166,#3416,#3417);
#2919=AXIS2_PLACEMENT_3D('',#4167,#3418,#3419);
#2920=AXIS2_PLACEMENT_3D('',#4176,#3424,#3425);
#2921=AXIS2_PLACEMENT_3D('',#4182,#3429,#3430);
#2922=AXIS2_PLACEMENT_3D('',#4188,#3434,#3435);
#2923=AXIS2_PLACEMENT_3D('',#4191,#3438,#3439);
#2924=AXIS2_PLACEMENT_3D('',#4192,#3440,#3441);
#2925=AXIS2_PLACEMENT_3D('',#4193,#3442,#3443);
#2926=AXIS2_PLACEMENT_3D('',#4194,#3444,#3445);
#2927=AXIS2_PLACEMENT_3D('',#4195,#3446,#3447);
#2928=AXIS2_PLACEMENT_3D('',#4197,#3448,#3449);
#2929=AXIS2_PLACEMENT_3D('',#4199,#3450,#3451);
#2930=AXIS2_PLACEMENT_3D('',#4201,#3452,#3453);
#2931=AXIS2_PLACEMENT_3D('',#4222,#3463,#3464);
#2932=AXIS2_PLACEMENT_3D('',#4226,#3466,#3467);
#2933=AXIS2_PLACEMENT_3D('',#4253,#3481,#3482);
#2934=AXIS2_PLACEMENT_3D('',#4262,#3487,#3488);
#2935=AXIS2_PLACEMENT_3D('',#4268,#3492,#3493);
#2936=AXIS2_PLACEMENT_3D('',#4274,#3497,#3498);
#2937=AXIS2_PLACEMENT_3D('',#4284,#3505,#3506);
#2938=AXIS2_PLACEMENT_3D('',#4290,#3510,#3511);
#2939=AXIS2_PLACEMENT_3D('',#4296,#3515,#3516);
#2940=AXIS2_PLACEMENT_3D('',#4303,#3521,#3522);
#2941=AXIS2_PLACEMENT_3D('',#4309,#3526,#3527);
#2942=AXIS2_PLACEMENT_3D('',#4315,#3531,#3532);
#2943=AXIS2_PLACEMENT_3D('',#4321,#3536,#3537);
#2944=AXIS2_PLACEMENT_3D('',#4324,#3540,#3541);
#2945=AXIS2_PLACEMENT_3D('',#4325,#3542,#3543);
#2946=AXIS2_PLACEMENT_3D('',#4336,#3550,#3551);
#2947=AXIS2_PLACEMENT_3D('',#4340,#3554,#3555);
#2948=AXIS2_PLACEMENT_3D('',#4344,#3558,#3559);
#2949=AXIS2_PLACEMENT_3D('',#4348,#3562,#3563);
#2950=AXIS2_PLACEMENT_3D('',#4352,#3566,#3567);
#2951=AXIS2_PLACEMENT_3D('',#4356,#3570,#3571);
#2952=AXIS2_PLACEMENT_3D('',#4360,#3574,#3575);
#2953=AXIS2_PLACEMENT_3D('',#4361,#3576,#3577);
#2954=AXIS2_PLACEMENT_3D('',#4363,#3579,#3580);
#2955=AXIS2_PLACEMENT_3D('',#4364,#3581,#3582);
#2956=AXIS2_PLACEMENT_3D('',#4365,#3583,#3584);
#2957=AXIS2_PLACEMENT_3D('',#4367,#3585,#3586);
#2958=AXIS2_PLACEMENT_3D('',#4368,#3587,#3588);
#2959=AXIS2_PLACEMENT_3D('',#4369,#3589,#3590);
#2960=AXIS2_PLACEMENT_3D('',#4371,#3591,#3592);
#2961=AXIS2_PLACEMENT_3D('',#4372,#3593,#3594);
#2962=AXIS2_PLACEMENT_3D('',#4373,#3595,#3596);
#2963=AXIS2_PLACEMENT_3D('',#4375,#3597,#3598);
#2964=AXIS2_PLACEMENT_3D('',#4376,#3599,#3600);
#2965=AXIS2_PLACEMENT_3D('',#4377,#3601,#3602);
#2966=AXIS2_PLACEMENT_3D('',#4379,#3603,#3604);
#2967=AXIS2_PLACEMENT_3D('',#4380,#3605,#3606);
#2968=AXIS2_PLACEMENT_3D('',#4386,#3610,#3611);
#2969=AXIS2_PLACEMENT_3D('',#4390,#3614,#3615);
#2970=AXIS2_PLACEMENT_3D('',#4396,#3619,#3620);
#2971=AXIS2_PLACEMENT_3D('',#4400,#3623,#3624);
#2972=AXIS2_PLACEMENT_3D('',#4403,#3626,#3627);
#2973=AXIS2_PLACEMENT_3D('',#4404,#3628,#3629);
#2974=AXIS2_PLACEMENT_3D('',#4408,#3632,#3633);
#2975=AXIS2_PLACEMENT_3D('',#4409,#3634,#3635);
#2976=AXIS2_PLACEMENT_3D('',#4410,#3636,#3637);
#2977=AXIS2_PLACEMENT_3D('',#4424,#3645,#3646);
#2978=AXIS2_PLACEMENT_3D('',#4426,#3648,#3649);
#2979=AXIS2_PLACEMENT_3D('',#4428,#3651,#3652);
#2980=AXIS2_PLACEMENT_3D('',#4430,#3654,#3655);
#2981=AXIS2_PLACEMENT_3D('',#4432,#3657,#3658);
#2982=AXIS2_PLACEMENT_3D('',#4434,#3660,#3661);
#2983=AXIS2_PLACEMENT_3D('',#4436,#3663,#3664);
#2984=AXIS2_PLACEMENT_3D('',#4437,#3665,#3666);
#2985=AXIS2_PLACEMENT_3D('',#4439,#3668,#3669);
#2986=AXIS2_PLACEMENT_3D('',#4441,#3671,#3672);
#2987=AXIS2_PLACEMENT_3D('',#4442,#3673,#3674);
#2988=DIRECTION('',(0.,0.,1.));
#2989=DIRECTION('',(1.,0.,0.));
#2990=DIRECTION('',(0.,0.,-1.));
#2991=DIRECTION('',(0.,1.,0.));
#2992=DIRECTION('',(1.,0.,0.));
#2993=DIRECTION('',(0.,-1.,0.));
#2994=DIRECTION('',(1.,0.,0.));
#2995=DIRECTION('',(0.,-1.,0.));
#2996=DIRECTION('',(1.,0.,-2.47817639425258E-16));
#2997=DIRECTION('',(-2.47817639425258E-16,0.,-1.));
#2998=DIRECTION('',(2.47817639425258E-16,0.,1.));
#2999=DIRECTION('',(0.,-1.,0.));
#3000=DIRECTION('',(2.47817639425258E-16,0.,1.));
#3001=DIRECTION('',(0.,0.,-1.));
#3002=DIRECTION('',(0.,1.,0.));
#3003=DIRECTION('',(1.,0.,0.));
#3004=DIRECTION('',(0.,-1.,0.));
#3005=DIRECTION('',(1.,0.,0.));
#3006=DIRECTION('',(1.,0.,0.));
#3007=DIRECTION('',(0.,-1.,0.));
#3008=DIRECTION('',(0.,0.,1.));
#3009=DIRECTION('',(0.,-1.,0.));
#3010=DIRECTION('',(0.,0.,1.));
#3011=DIRECTION('',(0.,-1.,0.));
#3012=DIRECTION('',(0.,0.,-1.));
#3013=DIRECTION('',(0.,1.,0.));
#3014=DIRECTION('',(1.,0.,0.));
#3015=DIRECTION('',(0.,-1.,0.));
#3016=DIRECTION('',(1.,0.,0.));
#3017=DIRECTION('',(1.,0.,-4.95635278850516E-16));
#3018=DIRECTION('',(-4.95635278850517E-16,0.,-1.));
#3019=DIRECTION('',(4.95635278850516E-16,0.,1.));
#3020=DIRECTION('',(0.,-1.,0.));
#3021=DIRECTION('',(4.95635278850516E-16,0.,1.));
#3022=DIRECTION('',(0.,0.,-1.));
#3023=DIRECTION('',(0.,1.,0.));
#3024=DIRECTION('',(1.,0.,0.));
#3025=DIRECTION('',(0.,-1.,0.));
#3026=DIRECTION('',(1.,0.,0.));
#3027=DIRECTION('',(0.,-1.,0.));
#3028=DIRECTION('',(1.,0.,0.));
#3029=DIRECTION('',(0.,-1.,0.));
#3030=DIRECTION('',(0.,0.,1.));
#3031=DIRECTION('',(0.,-1.,0.));
#3032=DIRECTION('',(0.,0.,1.));
#3033=DIRECTION('',(0.,0.,-1.));
#3034=DIRECTION('',(0.,1.,0.));
#3035=DIRECTION('',(1.,0.,0.));
#3036=DIRECTION('',(0.,-1.,0.));
#3037=DIRECTION('',(1.,0.,0.));
#3038=DIRECTION('',(0.,0.,-1.));
#3039=DIRECTION('',(0.,1.,0.));
#3040=DIRECTION('',(1.,0.,0.));
#3041=DIRECTION('',(0.,-1.,0.));
#3042=DIRECTION('',(1.,0.,0.));
#3043=DIRECTION('',(0.,-1.,0.));
#3044=DIRECTION('',(1.,0.,0.));
#3045=DIRECTION('',(0.,-1.,0.));
#3046=DIRECTION('',(0.,0.,1.));
#3047=DIRECTION('',(0.,-1.,0.));
#3048=DIRECTION('',(0.,0.,1.));
#3049=DIRECTION('',(0.,0.,-1.));
#3050=DIRECTION('',(0.,1.,0.));
#3051=DIRECTION('',(1.,0.,0.));
#3052=DIRECTION('',(0.,-1.,0.));
#3053=DIRECTION('',(1.,0.,0.));
#3054=DIRECTION('',(0.,0.,-1.));
#3055=DIRECTION('',(0.,1.,0.));
#3056=DIRECTION('',(1.,0.,0.));
#3057=DIRECTION('',(0.,-1.,0.));
#3058=DIRECTION('',(1.,0.,0.));
#3059=DIRECTION('',(0.,-1.,0.));
#3060=DIRECTION('',(1.,0.,0.));
#3061=DIRECTION('',(0.,-1.,0.));
#3062=DIRECTION('',(0.,0.,1.));
#3063=DIRECTION('',(0.,-1.,0.));
#3064=DIRECTION('',(0.,0.,1.));
#3065=DIRECTION('',(-4.95635278850516E-16,0.,-1.));
#3066=DIRECTION('',(-1.,0.,4.95635278850517E-16));
#3067=DIRECTION('',(1.,0.,-4.95635278850516E-16));
#3068=DIRECTION('',(0.,-1.,0.));
#3069=DIRECTION('',(1.,0.,-4.95635278850516E-16));
#3070=DIRECTION('',(1.,0.,0.));
#3071=DIRECTION('',(0.,-1.,0.));
#3072=DIRECTION('',(0.,0.,1.));
#3073=DIRECTION('',(0.,-1.,0.));
#3074=DIRECTION('',(0.,0.,1.));
#3075=DIRECTION('',(0.,-1.,0.));
#3076=DIRECTION('',(-2.47817639425258E-16,0.,-1.));
#3077=DIRECTION('',(-1.,0.,2.47817639425259E-16));
#3078=DIRECTION('',(1.,0.,-2.47817639425258E-16));
#3079=DIRECTION('',(0.,-1.,0.));
#3080=DIRECTION('',(1.,0.,-2.47817639425258E-16));
#3081=DIRECTION('',(1.,0.,0.));
#3082=DIRECTION('',(0.,-1.,0.));
#3083=DIRECTION('',(0.,0.,1.));
#3084=DIRECTION('',(0.,-1.,0.));
#3085=DIRECTION('',(0.,0.,1.));
#3086=DIRECTION('',(-4.95635278850516E-16,0.,-1.));
#3087=DIRECTION('',(-1.,0.,4.95635278850516E-16));
#3088=DIRECTION('',(1.,0.,-4.95635278850516E-16));
#3089=DIRECTION('',(0.,-1.,0.));
#3090=DIRECTION('',(1.,0.,-4.95635278850516E-16));
#3091=DIRECTION('',(0.,-1.,0.));
#3092=DIRECTION('',(1.,0.,0.));
#3093=DIRECTION('',(0.,-1.,0.));
#3094=DIRECTION('',(0.,0.,1.));
#3095=DIRECTION('',(0.,-1.,0.));
#3096=DIRECTION('',(0.,0.,1.));
#3097=DIRECTION('',(-4.95635278850516E-16,0.,-1.));
#3098=DIRECTION('',(-1.,0.,4.95635278850516E-16));
#3099=DIRECTION('',(1.,0.,-4.95635278850516E-16));
#3100=DIRECTION('',(0.,-1.,0.));
#3101=DIRECTION('',(1.,0.,-4.95635278850516E-16));
#3102=DIRECTION('',(1.,0.,-2.47817639425258E-16));
#3103=DIRECTION('',(-2.47817639425258E-16,0.,-1.));
#3104=DIRECTION('',(2.47817639425258E-16,0.,1.));
#3105=DIRECTION('',(0.,-1.,0.));
#3106=DIRECTION('',(2.47817639425258E-16,0.,1.));
#3107=DIRECTION('',(0.,-1.,0.));
#3108=DIRECTION('',(-4.8053281883014E-16,0.,-1.));
#3109=DIRECTION('',(-1.,0.,4.8053281883014E-16));
#3110=DIRECTION('',(1.,0.,-4.8053281883014E-16));
#3111=DIRECTION('',(0.,-1.,0.));
#3112=DIRECTION('',(1.,0.,-4.8053281883014E-16));
#3113=DIRECTION('',(1.,0.,0.));
#3114=DIRECTION('',(0.,-1.,0.));
#3115=DIRECTION('',(0.,0.,1.));
#3116=DIRECTION('',(0.,-1.,0.));
#3117=DIRECTION('',(0.,0.,1.));
#3118=DIRECTION('',(-1.,0.,0.));
#3119=DIRECTION('',(0.,1.,0.));
#3120=DIRECTION('',(0.,0.,-1.));
#3121=DIRECTION('',(0.,-1.,0.));
#3122=DIRECTION('',(0.,0.,-1.));
#3123=DIRECTION('',(0.,-1.,0.));
#3124=DIRECTION('',(1.3043033653961E-16,0.,1.));
#3125=DIRECTION('',(1.,0.,-1.3043033653961E-16));
#3126=DIRECTION('',(-1.,0.,1.3043033653961E-16));
#3127=DIRECTION('',(0.,-1.,0.));
#3128=DIRECTION('',(-1.,0.,1.3043033653961E-16));
#3129=DIRECTION('',(-1.,0.,0.));
#3130=DIRECTION('',(0.,1.,0.));
#3131=DIRECTION('',(0.,0.,-1.));
#3132=DIRECTION('',(0.,-1.,0.));
#3133=DIRECTION('',(0.,0.,-1.));
#3134=DIRECTION('',(0.,0.,-1.));
#3135=DIRECTION('',(0.,1.,0.));
#3136=DIRECTION('',(1.,0.,0.));
#3137=DIRECTION('',(0.,-1.,0.));
#3138=DIRECTION('',(1.,0.,0.));
#3139=DIRECTION('',(0.,-1.,0.));
#3140=DIRECTION('',(1.,0.,-4.95635278850516E-16));
#3141=DIRECTION('',(-4.95635278850517E-16,0.,-1.));
#3142=DIRECTION('',(4.95635278850516E-16,0.,1.));
#3143=DIRECTION('',(0.,-1.,0.));
#3144=DIRECTION('',(4.95635278850516E-16,0.,1.));
#3145=DIRECTION('',(0.,0.,-1.));
#3146=DIRECTION('',(0.,1.,0.));
#3147=DIRECTION('',(1.,0.,0.));
#3148=DIRECTION('',(0.,-1.,0.));
#3149=DIRECTION('',(1.,0.,0.));
#3150=DIRECTION('',(0.,0.,-1.));
#3151=DIRECTION('',(0.,1.,0.));
#3152=DIRECTION('',(1.,0.,0.));
#3153=DIRECTION('',(0.,-1.,0.));
#3154=DIRECTION('',(1.,0.,0.));
#3155=DIRECTION('',(0.,-1.,0.));
#3156=DIRECTION('',(1.,0.,0.));
#3157=DIRECTION('',(0.,-1.,0.));
#3158=DIRECTION('',(0.,0.,1.));
#3159=DIRECTION('',(0.,-1.,0.));
#3160=DIRECTION('',(0.,0.,1.));
#3161=DIRECTION('',(0.,0.,-1.));
#3162=DIRECTION('',(0.,1.,0.));
#3163=DIRECTION('',(1.,0.,0.));
#3164=DIRECTION('',(0.,-1.,0.));
#3165=DIRECTION('',(1.,0.,0.));
#3166=DIRECTION('',(0.,0.,-1.));
#3167=DIRECTION('',(0.,1.,0.));
#3168=DIRECTION('',(1.,0.,0.));
#3169=DIRECTION('',(0.,-1.,0.));
#3170=DIRECTION('',(1.,0.,0.));
#3171=DIRECTION('',(0.,-1.,0.));
#3172=DIRECTION('',(1.,0.,0.));
#3173=DIRECTION('',(0.,-1.,0.));
#3174=DIRECTION('',(0.,0.,1.));
#3175=DIRECTION('',(0.,-1.,0.));
#3176=DIRECTION('',(0.,0.,1.));
#3177=DIRECTION('',(0.,0.,-1.));
#3178=DIRECTION('',(0.,1.,0.));
#3179=DIRECTION('',(1.,0.,0.));
#3180=DIRECTION('',(0.,-1.,0.));
#3181=DIRECTION('',(1.,0.,0.));
#3182=DIRECTION('',(1.,0.,0.));
#3183=DIRECTION('',(0.,-1.,0.));
#3184=DIRECTION('',(0.,0.,1.));
#3185=DIRECTION('',(0.,-1.,0.));
#3186=DIRECTION('',(0.,0.,1.));
#3187=DIRECTION('',(0.,-1.,0.));
#3188=DIRECTION('',(-4.95635278850517E-16,0.,-1.));
#3189=DIRECTION('',(-1.,0.,4.95635278850517E-16));
#3190=DIRECTION('',(1.,0.,-4.95635278850517E-16));
#3191=DIRECTION('',(0.,-1.,0.));
#3192=DIRECTION('',(1.,0.,-4.95635278850517E-16));
#3193=DIRECTION('',(1.,0.,0.));
#3194=DIRECTION('',(0.,-1.,0.));
#3195=DIRECTION('',(0.,0.,1.));
#3196=DIRECTION('',(0.,-1.,0.));
#3197=DIRECTION('',(0.,0.,1.));
#3198=DIRECTION('',(0.,0.,-1.));
#3199=DIRECTION('',(0.,1.,0.));
#3200=DIRECTION('',(1.,0.,0.));
#3201=DIRECTION('',(0.,-1.,0.));
#3202=DIRECTION('',(1.,0.,0.));
#3203=DIRECTION('',(0.,-1.,0.));
#3204=DIRECTION('',(1.,0.,0.));
#3205=DIRECTION('',(0.,-1.,0.));
#3206=DIRECTION('',(0.,0.,1.));
#3207=DIRECTION('',(0.,-1.,0.));
#3208=DIRECTION('',(0.,0.,1.));
#3209=DIRECTION('',(0.,0.,1.));
#3210=DIRECTION('',(0.,-1.,0.));
#3211=DIRECTION('',(-1.,0.,0.));
#3212=DIRECTION('',(0.,-1.,0.));
#3213=DIRECTION('',(-1.,0.,0.));
#3214=DIRECTION('',(1.,0.,0.));
#3215=DIRECTION('',(0.,-1.,0.));
#3216=DIRECTION('',(0.,0.,1.));
#3217=DIRECTION('',(0.,-1.,0.));
#3218=DIRECTION('',(0.,0.,1.));
#3219=DIRECTION('',(0.,-1.,0.));
#3220=DIRECTION('',(0.,0.,-1.));
#3221=DIRECTION('',(0.,1.,0.));
#3222=DIRECTION('',(1.,0.,0.));
#3223=DIRECTION('',(0.,-1.,0.));
#3224=DIRECTION('',(1.,0.,0.));
#3225=DIRECTION('',(-1.,0.,0.));
#3226=DIRECTION('',(0.,1.,0.));
#3227=DIRECTION('',(0.,0.,-1.));
#3228=DIRECTION('',(0.,-1.,0.));
#3229=DIRECTION('',(0.,0.,-1.));
#3230=DIRECTION('',(1.,0.,0.));
#3231=DIRECTION('',(0.,-1.,0.));
#3232=DIRECTION('',(0.,0.,1.));
#3233=DIRECTION('',(0.,-1.,0.));
#3234=DIRECTION('',(0.,0.,1.));
#3235=DIRECTION('',(0.,-1.,0.));
#3236=DIRECTION('',(0.,0.,-1.));
#3237=DIRECTION('',(0.,1.,0.));
#3238=DIRECTION('',(1.,0.,0.));
#3239=DIRECTION('',(0.,-1.,0.));
#3240=DIRECTION('',(1.,0.,0.));
#3241=DIRECTION('',(1.,0.,-4.95635278850516E-16));
#3242=DIRECTION('',(-4.95635278850517E-16,0.,-1.));
#3243=DIRECTION('',(4.95635278850516E-16,0.,1.));
#3244=DIRECTION('',(0.,-1.,0.));
#3245=DIRECTION('',(4.95635278850516E-16,0.,1.));
#3246=DIRECTION('',(1.,0.,0.));
#3247=DIRECTION('',(0.,-1.,0.));
#3248=DIRECTION('',(0.,0.,1.));
#3249=DIRECTION('',(0.,-1.,0.));
#3250=DIRECTION('',(0.,0.,1.));
#3251=DIRECTION('',(0.,-1.,0.));
#3252=DIRECTION('',(0.,0.,-1.));
#3253=DIRECTION('',(0.,1.,0.));
#3254=DIRECTION('',(1.,0.,0.));
#3255=DIRECTION('',(0.,-1.,0.));
#3256=DIRECTION('',(1.,0.,0.));
#3257=DIRECTION('',(1.,0.,0.));
#3258=DIRECTION('',(0.,-1.,0.));
#3259=DIRECTION('',(0.,0.,1.));
#3260=DIRECTION('',(0.,-1.,0.));
#3261=DIRECTION('',(0.,0.,1.));
#3262=DIRECTION('',(-1.,0.,0.));
#3263=DIRECTION('',(0.,1.,0.));
#3264=DIRECTION('',(0.,0.,-1.));
#3265=DIRECTION('',(0.,-1.,0.));
#3266=DIRECTION('',(0.,0.,-1.));
#3267=DIRECTION('',(0.,-1.,0.));
#3268=DIRECTION('',(-0.994801804142461,0.,0.101830105935843));
#3269=DIRECTION('',(0.101830105935843,0.,0.994801804142461));
#3270=DIRECTION('',(-0.101830105935843,0.,-0.994801804142461));
#3271=DIRECTION('',(0.,-1.,0.));
#3272=DIRECTION('',(-0.101830105935843,0.,-0.994801804142461));
#3273=DIRECTION('',(0.,-1.,0.));
#3274=DIRECTION('',(-1.,0.,0.));
#3275=DIRECTION('',(0.,1.,0.));
#3276=DIRECTION('',(1.,0.,0.));
#3277=DIRECTION('',(0.,-1.,0.));
#3278=DIRECTION('',(0.,1.,0.));
#3279=DIRECTION('',(1.,0.,0.));
#3280=DIRECTION('',(0.101830105935842,0.,-0.994801804142461));
#3281=DIRECTION('',(-0.994801804142461,0.,-0.101830105935842));
#3282=DIRECTION('',(0.994801804142461,0.,0.101830105935842));
#3283=DIRECTION('',(0.,-1.,0.));
#3284=DIRECTION('',(0.994801804142461,0.,0.101830105935842));
#3285=DIRECTION('',(2.0779748722621E-16,0.,1.));
#3286=DIRECTION('',(1.,0.,-2.0779748722621E-16));
#3287=DIRECTION('',(-1.,0.,2.0779748722621E-16));
#3288=DIRECTION('',(0.,-1.,0.));
#3289=DIRECTION('',(-1.,0.,2.0779748722621E-16));
#3290=DIRECTION('',(0.,-1.,0.));
#3291=DIRECTION('',(-1.,0.,0.));
#3292=DIRECTION('',(0.,1.,0.));
#3293=DIRECTION('',(1.,0.,0.));
#3294=DIRECTION('',(0.,-1.,0.));
#3295=DIRECTION('',(0.,1.,0.));
#3296=DIRECTION('',(1.,0.,0.));
#3297=DIRECTION('',(-1.,0.,1.85863229568943E-16));
#3298=DIRECTION('',(1.85863229568943E-16,0.,1.));
#3299=DIRECTION('',(-1.85863229568943E-16,0.,-1.));
#3300=DIRECTION('',(0.,-1.,0.));
#3301=DIRECTION('',(-1.85863229568943E-16,0.,-1.));
#3302=DIRECTION('',(0.,-1.,0.));
#3303=DIRECTION('',(-1.,0.,0.));
#3304=DIRECTION('',(0.,-1.,0.));
#3305=DIRECTION('',(1.,0.,0.));
#3306=DIRECTION('',(0.,-1.,0.));
#3307=DIRECTION('',(0.,-1.,0.));
#3308=DIRECTION('',(1.,0.,0.));
#3309=DIRECTION('',(2.77584646167195E-16,0.,1.));
#3310=DIRECTION('',(1.,0.,-2.77584646167196E-16));
#3311=DIRECTION('',(-1.,0.,2.77584646167196E-16));
#3312=DIRECTION('',(0.,-1.,0.));
#3313=DIRECTION('',(-1.,0.,2.77584646167196E-16));
#3314=DIRECTION('',(0.,0.,-1.));
#3315=DIRECTION('',(0.,1.,0.));
#3316=DIRECTION('',(1.,0.,0.));
#3317=DIRECTION('',(1.,0.,0.));
#3318=DIRECTION('',(1.,0.,0.));
#3319=DIRECTION('',(0.,-1.,0.));
#3320=DIRECTION('',(0.,0.,1.));
#3321=DIRECTION('',(0.,0.,1.));
#3322=DIRECTION('',(1.,0.,-4.95635278850516E-16));
#3323=DIRECTION('',(-4.95635278850516E-16,0.,-1.));
#3324=DIRECTION('',(4.95635278850516E-16,0.,1.));
#3325=DIRECTION('',(4.95635278850516E-16,0.,1.));
#3326=DIRECTION('',(1.,0.,0.));
#3327=DIRECTION('',(0.,-1.,0.));
#3328=DIRECTION('',(0.,0.,1.));
#3329=DIRECTION('',(0.,0.,1.));
#3330=DIRECTION('',(0.,-1.,0.));
#3331=DIRECTION('',(-1.,0.,0.));
#3332=DIRECTION('',(0.,1.,0.));
#3333=DIRECTION('',(1.,0.,0.));
#3334=DIRECTION('',(0.,1.,0.));
#3335=DIRECTION('',(1.,0.,0.));
#3336=DIRECTION('',(0.,-1.,0.));
#3337=DIRECTION('',(-1.,0.,0.));
#3338=DIRECTION('',(0.,1.,0.));
#3339=DIRECTION('',(1.,0.,0.));
#3340=DIRECTION('',(0.,1.,0.));
#3341=DIRECTION('',(1.,0.,0.));
#3342=DIRECTION('',(-4.95635278850516E-16,0.,-1.));
#3343=DIRECTION('',(-1.,0.,4.95635278850517E-16));
#3344=DIRECTION('',(1.,0.,-4.95635278850516E-16));
#3345=DIRECTION('',(1.,0.,-4.95635278850516E-16));
#3346=DIRECTION('',(1.,0.,0.));
#3347=DIRECTION('',(0.,-1.,0.));
#3348=DIRECTION('',(0.,0.,1.));
#3349=DIRECTION('',(0.,0.,1.));
#3350=DIRECTION('',(0.,0.,-1.));
#3351=DIRECTION('',(0.,1.,0.));
#3352=DIRECTION('',(1.,0.,0.));
#3353=DIRECTION('',(1.,0.,0.));
#3354=DIRECTION('',(0.,0.,1.));
#3355=DIRECTION('',(0.,-1.,0.));
#3356=DIRECTION('',(-1.,0.,0.));
#3357=DIRECTION('',(-1.,0.,0.));
#3358=DIRECTION('',(1.,0.,0.));
#3359=DIRECTION('',(0.,-1.,0.));
#3360=DIRECTION('',(0.,0.,1.));
#3361=DIRECTION('',(0.,0.,1.));
#3362=DIRECTION('',(1.,0.,0.));
#3363=DIRECTION('',(0.,-1.,0.));
#3364=DIRECTION('',(0.,0.,1.));
#3365=DIRECTION('',(0.,0.,1.));
#3366=DIRECTION('',(1.,0.,0.));
#3367=DIRECTION('',(0.,-1.,0.));
#3368=DIRECTION('',(0.,0.,1.));
#3369=DIRECTION('',(0.,0.,1.));
#3370=DIRECTION('',(-2.47817639425259E-16,0.,-1.));
#3371=DIRECTION('',(-1.,0.,2.47817639425259E-16));
#3372=DIRECTION('',(1.,0.,-2.47817639425259E-16));
#3373=DIRECTION('',(1.,0.,-2.47817639425259E-16));
#3374=DIRECTION('',(-1.,0.,0.));
#3375=DIRECTION('',(0.,1.,0.));
#3376=DIRECTION('',(0.,0.,-1.));
#3377=DIRECTION('',(0.,0.,-1.));
#3378=DIRECTION('',(0.,0.,-1.));
#3379=DIRECTION('',(0.,1.,0.));
#3380=DIRECTION('',(1.,0.,0.));
#3381=DIRECTION('',(1.,0.,0.));
#3382=DIRECTION('',(0.,0.,1.));
#3383=DIRECTION('',(0.,-1.,0.));
#3384=DIRECTION('',(-1.,0.,0.));
#3385=DIRECTION('',(-1.,0.,0.));
#3386=DIRECTION('',(0.,0.,-1.));
#3387=DIRECTION('',(0.,1.,0.));
#3388=DIRECTION('',(1.,0.,0.));
#3389=DIRECTION('',(1.,0.,0.));
#3390=DIRECTION('',(0.,-1.,0.));
#3391=DIRECTION('',(-1.,0.,0.));
#3392=DIRECTION('',(0.,1.,0.));
#3393=DIRECTION('',(1.,0.,0.));
#3394=DIRECTION('',(0.,1.,0.));
#3395=DIRECTION('',(1.,0.,0.));
#3396=DIRECTION('',(0.,-1.,0.));
#3397=DIRECTION('',(-1.,0.,0.));
#3398=DIRECTION('',(0.,-1.,0.));
#3399=DIRECTION('',(1.,0.,0.));
#3400=DIRECTION('',(0.,-1.,0.));
#3401=DIRECTION('',(1.,0.,0.));
#3402=DIRECTION('',(1.,0.,0.));
#3403=DIRECTION('',(0.,-1.,0.));
#3404=DIRECTION('',(0.,0.,1.));
#3405=DIRECTION('',(0.,0.,1.));
#3406=DIRECTION('',(0.,1.,0.));
#3407=DIRECTION('',(1.,0.,0.));
#3408=DIRECTION('',(0.,-1.,0.));
#3409=DIRECTION('',(-1.,0.,0.));
#3410=DIRECTION('',(0.,1.,0.));
#3411=DIRECTION('',(1.,0.,0.));
#3412=DIRECTION('',(0.,1.,0.));
#3413=DIRECTION('',(1.,0.,0.));
#3414=DIRECTION('',(0.,-1.,0.));
#3415=DIRECTION('',(-1.,0.,0.));
#3416=DIRECTION('',(0.,0.,1.));
#3417=DIRECTION('',(1.,0.,0.));
#3418=DIRECTION('',(0.,-1.,0.));
#3419=DIRECTION('',(-1.,0.,0.));
#3420=DIRECTION('',(-1.,0.,0.));
#3421=DIRECTION('',(0.,0.,-1.));
#3422=DIRECTION('',(-1.,0.,0.));
#3423=DIRECTION('',(0.,0.,-1.));
#3424=DIRECTION('',(-1.,0.,0.));
#3425=DIRECTION('',(0.,1.,0.));
#3426=DIRECTION('',(0.,1.,0.));
#3427=DIRECTION('',(0.,0.,-1.));
#3428=DIRECTION('',(0.,1.,0.));
#3429=DIRECTION('',(0.,-1.,0.));
#3430=DIRECTION('',(-1.,0.,0.));
#3431=DIRECTION('',(-1.,0.,0.));
#3432=DIRECTION('',(0.,0.,-1.));
#3433=DIRECTION('',(-1.,0.,0.));
#3434=DIRECTION('',(-1.,-2.77555756156289E-16,0.));
#3435=DIRECTION('',(-2.77555756156289E-16,1.,0.));
#3436=DIRECTION('',(-2.77555756156289E-16,1.,0.));
#3437=DIRECTION('',(-2.77555756156289E-16,1.,0.));
#3438=DIRECTION('',(0.,0.,1.));
#3439=DIRECTION('',(1.,0.,0.));
#3440=DIRECTION('',(0.,0.,1.));
#3441=DIRECTION('',(1.,0.,0.));
#3442=DIRECTION('',(-7.27014210251685E-27,-1.,7.27014210251685E-27));
#3443=DIRECTION('',(-1.45402842050337E-26,-7.27014210251685E-27,-1.));
#3444=DIRECTION('',(0.,1.,0.));
#3445=DIRECTION('',(1.,0.,0.));
#3446=DIRECTION('',(0.,-1.,0.));
#3447=DIRECTION('',(-1.,0.,0.));
#3448=DIRECTION('',(0.,-1.,0.));
#3449=DIRECTION('',(-1.,0.,0.));
#3450=DIRECTION('',(0.,-1.,0.));
#3451=DIRECTION('',(-1.,0.,0.));
#3452=DIRECTION('',(0.,-1.,0.));
#3453=DIRECTION('',(-1.,0.,0.));
#3454=DIRECTION('',(0.,0.,1.));
#3455=DIRECTION('',(-1.,0.,0.));
#3456=DIRECTION('',(0.,0.,-1.));
#3457=DIRECTION('',(0.287347885566346,0.,0.957826285221151));
#3458=DIRECTION('',(0.980588215690195,0.,0.196078431372549));
#3459=DIRECTION('',(1.,0.,-6.93889390390723E-17));
#3460=DIRECTION('',(0.707106781186548,0.,-0.707106781186548));
#3461=DIRECTION('',(0.0196502676865768,0.,0.999806914848985));
#3462=DIRECTION('',(-1.90819582357449E-16,0.,-1.));
#3463=DIRECTION('',(0.,-1.,0.));
#3464=DIRECTION('',(1.,0.,0.));
#3465=DIRECTION('',(-1.,0.,2.77584646167195E-16));
#3466=DIRECTION('',(0.,-1.,0.));
#3467=DIRECTION('',(1.,0.,0.));
#3468=DIRECTION('',(0.,0.,-1.));
#3469=DIRECTION('',(0.101830105935862,0.,0.994801804142459));
#3470=DIRECTION('',(0.505787547055815,0.,0.862658076669582));
#3471=DIRECTION('',(0.,0.,-1.));
#3472=DIRECTION('',(-1.,0.,0.));
#3473=DIRECTION('',(0.,0.,1.));
#3474=DIRECTION('',(0.707106781186548,0.,-0.707106781186548));
#3475=DIRECTION('',(-1.,0.,0.));
#3476=DIRECTION('',(0.707106781186549,0.,0.707106781186547));
#3477=DIRECTION('',(0.,0.,-1.));
#3478=DIRECTION('',(0.707106781186544,0.,-0.707106781186552));
#3479=DIRECTION('',(-1.,0.,0.));
#3480=DIRECTION('',(-0.707106781186537,0.,-0.707106781186559));
#3481=DIRECTION('',(-0.707106781186548,0.,-0.707106781186547));
#3482=DIRECTION('',(-0.707106781186547,0.,0.707106781186548));
#3483=DIRECTION('',(0.,-1.,0.));
#3484=DIRECTION('',(0.707106781186547,0.,-0.707106781186548));
#3485=DIRECTION('',(0.,-1.,0.));
#3486=DIRECTION('',(0.707106781186547,0.,-0.707106781186548));
#3487=DIRECTION('',(1.,0.,0.));
#3488=DIRECTION('',(0.,-1.,0.));
#3489=DIRECTION('',(0.,-1.,0.));
#3490=DIRECTION('',(0.,0.,-1.));
#3491=DIRECTION('',(0.,0.,1.));
#3492=DIRECTION('',(0.862658076669582,0.,-0.505787547055815));
#3493=DIRECTION('',(-0.505787547055815,0.,-0.862658076669582));
#3494=DIRECTION('',(0.,-1.,0.));
#3495=DIRECTION('',(-0.505787547055815,0.,-0.862658076669582));
#3496=DIRECTION('',(0.505787547055815,0.,0.862658076669582));
#3497=DIRECTION('',(-1.,0.,0.));
#3498=DIRECTION('',(0.,1.,0.));
#3499=DIRECTION('',(0.,-1.,0.));
#3500=DIRECTION('',(0.,-0.451340446776987,0.892351837059324));
#3501=DIRECTION('',(0.,0.,-1.));
#3502=DIRECTION('',(0.,-1.,0.));
#3503=DIRECTION('',(0.,-1.,0.));
#3504=DIRECTION('',(0.,0.,1.));
#3505=DIRECTION('',(0.957826285221151,0.,-0.287347885566346));
#3506=DIRECTION('',(-0.287347885566346,0.,-0.957826285221151));
#3507=DIRECTION('',(0.287347885566346,0.,0.957826285221151));
#3508=DIRECTION('',(0.,-1.,0.));
#3509=DIRECTION('',(0.,-1.,0.));
#3510=DIRECTION('',(-0.196116135138184,0.,0.98058067569092));
#3511=DIRECTION('',(0.98058067569092,0.,0.196116135138184));
#3512=DIRECTION('',(-0.98058067569092,0.,-0.196116135138184));
#3513=DIRECTION('',(0.,-1.,0.));
#3514=DIRECTION('',(-0.98058067569092,0.,-0.196116135138184));
#3515=DIRECTION('',(-6.93889390390723E-17,0.,-1.));
#3516=DIRECTION('',(-1.,0.,6.93889390390723E-17));
#3517=DIRECTION('',(0.,-1.,0.));
#3518=DIRECTION('',(-0.816496580927726,0.577350269189625,5.6655831479605E-17));
#3519=DIRECTION('',(0.,-1.,0.));
#3520=DIRECTION('',(1.,0.,-6.93889390390723E-17));
#3521=DIRECTION('',(-0.707106781186548,0.,-0.707106781186548));
#3522=DIRECTION('',(-0.707106781186548,0.,0.707106781186548));
#3523=DIRECTION('',(0.,-1.,0.));
#3524=DIRECTION('',(-0.707106781186548,0.,0.707106781186548));
#3525=DIRECTION('',(0.707106781186548,0.,-0.707106781186548));
#3526=DIRECTION('',(1.,0.,0.));
#3527=DIRECTION('',(0.,-1.,0.));
#3528=DIRECTION('',(0.,-1.,0.));
#3529=DIRECTION('',(0.,0.,1.));
#3530=DIRECTION('',(0.,0.,1.));
#3531=DIRECTION('',(0.707106781186547,0.,-0.707106781186548));
#3532=DIRECTION('',(-0.707106781186548,0.,-0.707106781186547));
#3533=DIRECTION('',(0.,-1.,0.));
#3534=DIRECTION('',(0.707106781186548,0.,0.707106781186547));
#3535=DIRECTION('',(0.707106781186548,0.,0.707106781186547));
#3536=DIRECTION('',(0.,0.,-1.));
#3537=DIRECTION('',(0.,1.,0.));
#3538=DIRECTION('',(1.,0.,0.));
#3539=DIRECTION('',(1.,0.,0.));
#3540=DIRECTION('',(0.,1.,0.));
#3541=DIRECTION('',(1.,0.,0.));
#3542=DIRECTION('',(1.,0.,0.));
#3543=DIRECTION('',(0.,-1.,0.));
#3544=DIRECTION('',(0.,1.,0.));
#3545=DIRECTION('',(0.,0.,-1.));
#3546=DIRECTION('',(0.,1.,0.));
#3547=DIRECTION('',(0.,-1.,0.));
#3548=DIRECTION('',(0.,0.,1.));
#3549=DIRECTION('',(0.,-1.,0.));
#3550=DIRECTION('',(-0.707106781186548,0.,-0.707106781186548));
#3551=DIRECTION('',(-0.707106781186548,0.,0.707106781186548));
#3552=DIRECTION('',(0.707106781186548,0.,-0.707106781186548));
#3553=DIRECTION('',(0.,-1.,0.));
#3554=DIRECTION('',(0.,0.,1.));
#3555=DIRECTION('',(0.,-1.,0.));
#3556=DIRECTION('',(-1.,0.,0.));
#3557=DIRECTION('',(0.,-1.,0.));
#3558=DIRECTION('',(0.707106781186547,0.,-0.707106781186549));
#3559=DIRECTION('',(-0.707106781186549,0.,-0.707106781186547));
#3560=DIRECTION('',(0.707106781186549,0.,0.707106781186547));
#3561=DIRECTION('',(0.,-1.,0.));
#3562=DIRECTION('',(-1.,0.,0.));
#3563=DIRECTION('',(0.,1.,0.));
#3564=DIRECTION('',(0.,0.,-1.));
#3565=DIRECTION('',(0.,-1.,0.));
#3566=DIRECTION('',(-0.707106781186552,0.,-0.707106781186544));
#3567=DIRECTION('',(-0.707106781186544,0.,0.707106781186552));
#3568=DIRECTION('',(0.707106781186544,0.,-0.707106781186552));
#3569=DIRECTION('',(0.,-1.,0.));
#3570=DIRECTION('',(0.,0.,1.));
#3571=DIRECTION('',(0.,-1.,0.));
#3572=DIRECTION('',(-1.,0.,0.));
#3573=DIRECTION('',(0.,-1.,0.));
#3574=DIRECTION('',(0.196078431372549,0.,-0.980588215690195));
#3575=DIRECTION('',(-0.980588215690195,0.,-0.196078431372549));
#3576=DIRECTION('',(-0.707106781186559,0.,0.707106781186537));
#3577=DIRECTION('',(0.707106781186537,0.,0.707106781186559));
#3578=DIRECTION('',(-0.707106781186537,0.,-0.707106781186559));
#3579=DIRECTION('',(0.,1.,0.));
#3580=DIRECTION('',(1.,0.,0.));
#3581=DIRECTION('',(0.,1.,0.));
#3582=DIRECTION('',(1.,0.,0.));
#3583=DIRECTION('',(0.,-1.,0.));
#3584=DIRECTION('',(-1.,0.,0.));
#3585=DIRECTION('',(0.,-1.,0.));
#3586=DIRECTION('',(-1.,0.,0.));
#3587=DIRECTION('',(0.,1.,0.));
#3588=DIRECTION('',(1.,0.,0.));
#3589=DIRECTION('',(0.,-1.,0.));
#3590=DIRECTION('',(-1.,0.,0.));
#3591=DIRECTION('',(0.,-1.,0.));
#3592=DIRECTION('',(-1.,0.,0.));
#3593=DIRECTION('',(0.,1.,0.));
#3594=DIRECTION('',(1.,0.,0.));
#3595=DIRECTION('',(0.,-1.,0.));
#3596=DIRECTION('',(-1.,0.,0.));
#3597=DIRECTION('',(0.,-1.,0.));
#3598=DIRECTION('',(-1.,0.,0.));
#3599=DIRECTION('',(0.,1.,0.));
#3600=DIRECTION('',(1.,0.,0.));
#3601=DIRECTION('',(0.,-1.,0.));
#3602=DIRECTION('',(-1.,0.,0.));
#3603=DIRECTION('',(0.,-1.,0.));
#3604=DIRECTION('',(-1.,0.,0.));
#3605=DIRECTION('',(-1.,0.,1.90819582357449E-16));
#3606=DIRECTION('',(1.90819582357449E-16,0.,1.));
#3607=DIRECTION('',(0.,-1.,0.));
#3608=DIRECTION('',(-1.90819582357449E-16,0.,-1.));
#3609=DIRECTION('',(0.,-1.,0.));
#3610=DIRECTION('',(0.999806914848985,0.,-0.0196502676865768));
#3611=DIRECTION('',(-0.0196502676865768,0.,-0.999806914848985));
#3612=DIRECTION('',(-0.015940325582475,0.584766801628772,-0.811044816106472));
#3613=DIRECTION('',(0.0196502676865768,0.,0.999806914848985));
#3614=DIRECTION('',(0.994801804142459,0.,-0.101830105935862));
#3615=DIRECTION('',(-0.101830105935862,0.,-0.994801804142459));
#3616=DIRECTION('',(0.101830105935862,0.,0.994801804142459));
#3617=DIRECTION('',(0.0940421274762564,-0.383550552721329,0.918719245344791));
#3618=DIRECTION('',(0.,-1.,0.));
#3619=DIRECTION('',(-1.,0.,0.));
#3620=DIRECTION('',(0.,1.,0.));
#3621=DIRECTION('',(0.,-1.,0.));
#3622=DIRECTION('',(0.,0.,-1.));
#3623=DIRECTION('',(0.,-1.,0.));
#3624=DIRECTION('',(-1.,0.,0.));
#3625=DIRECTION('',(0.,-1.,0.));
#3626=DIRECTION('',(0.,-1.,0.));
#3627=DIRECTION('',(1.,0.,0.));
#3628=DIRECTION('',(2.77584646167195E-16,0.,1.));
#3629=DIRECTION('',(1.,0.,-2.77584646167195E-16));
#3630=DIRECTION('',(0.,-1.,0.));
#3631=DIRECTION('',(-1.,0.,2.77584646167195E-16));
#3632=DIRECTION('',(0.,-1.,0.));
#3633=DIRECTION('',(-1.,0.,0.));
#3634=DIRECTION('',(0.,-1.,0.));
#3635=DIRECTION('',(1.,0.,0.));
#3636=DIRECTION('',(0.,1.,0.));
#3637=DIRECTION('',(1.,0.,0.));
#3638=DIRECTION('',(0.,0.,1.));
#3639=DIRECTION('',(0.505787547055815,0.,0.862658076669582));
#3640=DIRECTION('',(0.707106781186548,0.,-0.707106781186548));
#3641=DIRECTION('',(0.,0.,-1.));
#3642=DIRECTION('',(-0.707106781186548,0.,-0.707106781186547));
#3643=DIRECTION('',(-1.,0.,0.));
#3644=DIRECTION('',(-0.707106781186547,0.,0.707106781186548));
#3645=DIRECTION('',(0.5,0.707106781186548,0.5));
#3646=DIRECTION('',(-0.707106781186548,0.,0.707106781186548));
#3647=DIRECTION('',(0.678598344545846,-0.678598344545847,0.281084637714822));
#3648=DIRECTION('',(-0.707106781186548,-0.707106781186547,0.));
#3649=DIRECTION('',(0.,0.,1.));
#3650=DIRECTION('',(-0.678598344545846,0.678598344545847,0.281084637714822));
#3651=DIRECTION('',(-0.5,-0.707106781186548,0.5));
#3652=DIRECTION('',(0.707106781186548,0.,0.707106781186547));
#3653=DIRECTION('',(-0.28108463771482,0.678598344545847,0.678598344545847));
#3654=DIRECTION('',(0.,-0.707106781186548,0.707106781186547));
#3655=DIRECTION('',(1.,0.,0.));
#3656=DIRECTION('',(0.28108463771482,0.678598344545847,0.678598344545847));
#3657=DIRECTION('',(0.5,-0.707106781186548,0.5));
#3658=DIRECTION('',(0.707106781186547,0.,-0.707106781186548));
#3659=DIRECTION('',(-0.678598344545847,-0.678598344545847,-0.28108463771482));
#3660=DIRECTION('',(-0.707106781186547,0.707106781186548,0.));
#3661=DIRECTION('',(0.,0.,-1.));
#3662=DIRECTION('',(0.694421945100766,0.694421945100765,-0.188563846813062));
#3663=DIRECTION('',(-0.609991375858407,0.707106781186547,0.357645804362877));
#3664=DIRECTION('',(-0.505787547055815,0.,-0.862658076669582));
#3665=DIRECTION('',(0.,0.,-1.));
#3666=DIRECTION('',(0.,1.,0.));
#3667=DIRECTION('',(-1.,0.,0.));
#3668=DIRECTION('',(0.,-1.,0.));
#3669=DIRECTION('',(-1.,0.,0.));
#3670=DIRECTION('',(-1.,0.,0.));
#3671=DIRECTION('',(0.,0.,-1.));
#3672=DIRECTION('',(0.,1.,0.));
#3673=DIRECTION('',(0.,0.,1.));
#3674=DIRECTION('',(1.,0.,0.));
#3675=CARTESIAN_POINT('',(0.,0.,0.));
#3676=CARTESIAN_POINT('',(-36.11,2.7,-58.48));
#3677=CARTESIAN_POINT('',(-36.11,0.,-58.48));
#3678=CARTESIAN_POINT('',(-39.72,0.,-58.48));
#3679=CARTESIAN_POINT('',(-25.72,0.,-58.48));
#3680=CARTESIAN_POINT('',(-25.72,2.7,-58.48));
#3681=CARTESIAN_POINT('',(-25.72,2.7,-58.48));
#3682=CARTESIAN_POINT('',(-36.11,2.7,-58.48));
#3683=CARTESIAN_POINT('',(-39.72,2.7,-58.48));
#3684=CARTESIAN_POINT('',(-39.72,2.7,-58.48));
#3685=CARTESIAN_POINT('',(-25.72,2.7,-51.48));
#3686=CARTESIAN_POINT('',(-25.72,0.,-51.48));
#3687=CARTESIAN_POINT('',(-25.72,0.,-44.48));
#3688=CARTESIAN_POINT('',(-25.72,2.7,-44.48));
#3689=CARTESIAN_POINT('',(-25.72,2.7,-44.48));
#3690=CARTESIAN_POINT('',(-25.72,2.7,-51.48));
#3691=CARTESIAN_POINT('',(-36.11,2.7,-44.48));
#3692=CARTESIAN_POINT('',(-36.11,0.,-44.48));
#3693=CARTESIAN_POINT('',(-39.72,0.,-44.48));
#3694=CARTESIAN_POINT('',(-39.72,2.7,-44.48));
#3695=CARTESIAN_POINT('',(-39.72,2.7,-44.48));
#3696=CARTESIAN_POINT('',(-36.11,2.7,-44.48));
#3697=CARTESIAN_POINT('',(-58.48,2.7,-70.24));
#3698=CARTESIAN_POINT('',(-58.48,0.,-70.24));
#3699=CARTESIAN_POINT('',(-58.48,0.,-77.24));
#3700=CARTESIAN_POINT('',(-58.48,0.,-63.24));
#3701=CARTESIAN_POINT('',(-58.48,2.7,-77.24));
#3702=CARTESIAN_POINT('',(-58.48,2.7,-77.24));
#3703=CARTESIAN_POINT('',(-58.48,2.7,-70.24));
#3704=CARTESIAN_POINT('',(-58.48,2.7,-63.24));
#3705=CARTESIAN_POINT('',(-58.48,2.7,-63.24));
#3706=CARTESIAN_POINT('',(-51.48,2.7,-77.24));
#3707=CARTESIAN_POINT('',(-51.48,0.,-77.24));
#3708=CARTESIAN_POINT('',(-44.48,0.,-77.24));
#3709=CARTESIAN_POINT('',(-44.48,2.7,-77.24));
#3710=CARTESIAN_POINT('',(-44.48,2.7,-77.24));
#3711=CARTESIAN_POINT('',(-51.48,2.7,-77.24));
#3712=CARTESIAN_POINT('',(-44.48,2.7,-70.24));
#3713=CARTESIAN_POINT('',(-44.48,0.,-70.24));
#3714=CARTESIAN_POINT('',(-44.48,0.,-63.24));
#3715=CARTESIAN_POINT('',(-44.48,2.7,-63.24));
#3716=CARTESIAN_POINT('',(-44.48,2.7,-63.24));
#3717=CARTESIAN_POINT('',(-44.48,2.7,-70.24));
#3718=CARTESIAN_POINT('',(-70.24,2.7,-63.24));
#3719=CARTESIAN_POINT('',(-70.24,0.,-63.24));
#3720=CARTESIAN_POINT('',(-77.24,0.,-63.24));
#3721=CARTESIAN_POINT('',(-63.24,0.,-63.24));
#3722=CARTESIAN_POINT('',(-77.24,2.7,-63.24));
#3723=CARTESIAN_POINT('',(-77.24,2.7,-63.24));
#3724=CARTESIAN_POINT('',(-70.24,2.7,-63.24));
#3725=CARTESIAN_POINT('',(-63.24,2.7,-63.24));
#3726=CARTESIAN_POINT('',(-63.24,2.7,-63.24));
#3727=CARTESIAN_POINT('',(-77.24,2.7,-70.24));
#3728=CARTESIAN_POINT('',(-77.24,0.,-70.24));
#3729=CARTESIAN_POINT('',(-77.24,0.,-77.24));
#3730=CARTESIAN_POINT('',(-77.24,2.7,-77.24));
#3731=CARTESIAN_POINT('',(-77.24,2.7,-77.24));
#3732=CARTESIAN_POINT('',(-77.24,2.7,-70.24));
#3733=CARTESIAN_POINT('',(-70.24,2.7,-77.24));
#3734=CARTESIAN_POINT('',(-70.24,0.,-77.24));
#3735=CARTESIAN_POINT('',(-63.24,0.,-77.24));
#3736=CARTESIAN_POINT('',(-63.24,2.7,-77.24));
#3737=CARTESIAN_POINT('',(-63.24,2.7,-77.24));
#3738=CARTESIAN_POINT('',(-70.24,2.7,-77.24));
#3739=CARTESIAN_POINT('',(-51.48,2.7,-44.48));
#3740=CARTESIAN_POINT('',(-51.48,0.,-44.48));
#3741=CARTESIAN_POINT('',(-58.48,0.,-44.48));
#3742=CARTESIAN_POINT('',(-44.48,0.,-44.48));
#3743=CARTESIAN_POINT('',(-58.48,2.7,-44.48));
#3744=CARTESIAN_POINT('',(-58.48,2.7,-44.48));
#3745=CARTESIAN_POINT('',(-51.48,2.7,-44.48));
#3746=CARTESIAN_POINT('',(-44.48,2.7,-44.48));
#3747=CARTESIAN_POINT('',(-44.48,2.7,-44.48));
#3748=CARTESIAN_POINT('',(-58.48,2.7,-51.48));
#3749=CARTESIAN_POINT('',(-58.48,0.,-51.48));
#3750=CARTESIAN_POINT('',(-58.48,0.,-58.48));
#3751=CARTESIAN_POINT('',(-58.48,2.7,-58.48));
#3752=CARTESIAN_POINT('',(-58.48,2.7,-58.48));
#3753=CARTESIAN_POINT('',(-58.48,2.7,-51.48));
#3754=CARTESIAN_POINT('',(-51.48,2.7,-58.48));
#3755=CARTESIAN_POINT('',(-51.48,0.,-58.48));
#3756=CARTESIAN_POINT('',(-44.48,0.,-58.48));
#3757=CARTESIAN_POINT('',(-44.48,2.7,-58.48));
#3758=CARTESIAN_POINT('',(-44.48,2.7,-58.48));
#3759=CARTESIAN_POINT('',(-51.48,2.7,-58.48));
#3760=CARTESIAN_POINT('',(-70.24,2.7,-44.48));
#3761=CARTESIAN_POINT('',(-70.24,0.,-44.48));
#3762=CARTESIAN_POINT('',(-77.24,0.,-44.48));
#3763=CARTESIAN_POINT('',(-63.24,0.,-44.48));
#3764=CARTESIAN_POINT('',(-77.24,2.7,-44.48));
#3765=CARTESIAN_POINT('',(-77.24,2.7,-44.48));
#3766=CARTESIAN_POINT('',(-70.24,2.7,-44.48));
#3767=CARTESIAN_POINT('',(-63.24,2.7,-44.48));
#3768=CARTESIAN_POINT('',(-63.24,2.7,-44.48));
#3769=CARTESIAN_POINT('',(-77.24,2.7,-51.48));
#3770=CARTESIAN_POINT('',(-77.24,0.,-51.48));
#3771=CARTESIAN_POINT('',(-77.24,0.,-58.48));
#3772=CARTESIAN_POINT('',(-77.24,2.7,-58.48));
#3773=CARTESIAN_POINT('',(-77.24,2.7,-58.48));
#3774=CARTESIAN_POINT('',(-77.24,2.7,-51.48));
#3775=CARTESIAN_POINT('',(-70.24,2.7,-58.48));
#3776=CARTESIAN_POINT('',(-70.24,0.,-58.48));
#3777=CARTESIAN_POINT('',(-63.24,0.,-58.48));
#3778=CARTESIAN_POINT('',(-63.24,2.7,-58.48));
#3779=CARTESIAN_POINT('',(-63.24,2.7,-58.48));
#3780=CARTESIAN_POINT('',(-70.24,2.7,-58.48));
#3781=CARTESIAN_POINT('',(-63.24,2.7,-32.72));
#3782=CARTESIAN_POINT('',(-63.24,0.,-32.72));
#3783=CARTESIAN_POINT('',(-63.24,0.,-39.72));
#3784=CARTESIAN_POINT('',(-63.24,0.,-25.72));
#3785=CARTESIAN_POINT('',(-63.24,2.7,-25.72));
#3786=CARTESIAN_POINT('',(-63.24,2.7,-25.72));
#3787=CARTESIAN_POINT('',(-63.24,2.7,-32.72));
#3788=CARTESIAN_POINT('',(-63.24,2.7,-39.72));
#3789=CARTESIAN_POINT('',(-63.24,2.7,-39.72));
#3790=CARTESIAN_POINT('',(-70.24,2.7,-25.72));
#3791=CARTESIAN_POINT('',(-70.24,0.,-25.72));
#3792=CARTESIAN_POINT('',(-77.24,0.,-25.72));
#3793=CARTESIAN_POINT('',(-77.24,2.7,-25.72));
#3794=CARTESIAN_POINT('',(-77.24,2.7,-25.72));
#3795=CARTESIAN_POINT('',(-70.24,2.7,-25.72));
#3796=CARTESIAN_POINT('',(-77.24,2.7,-32.72));
#3797=CARTESIAN_POINT('',(-77.24,0.,-32.72));
#3798=CARTESIAN_POINT('',(-77.24,0.,-39.72));
#3799=CARTESIAN_POINT('',(-77.24,2.7,-39.72));
#3800=CARTESIAN_POINT('',(-77.24,2.7,-39.72));
#3801=CARTESIAN_POINT('',(-77.24,2.7,-32.72));
#3802=CARTESIAN_POINT('',(-51.48,2.7,-25.72));
#3803=CARTESIAN_POINT('',(-51.48,0.,-25.72));
#3804=CARTESIAN_POINT('',(-58.48,0.,-25.72));
#3805=CARTESIAN_POINT('',(-44.48,0.,-25.72));
#3806=CARTESIAN_POINT('',(-58.48,2.7,-25.72));
#3807=CARTESIAN_POINT('',(-58.48,2.7,-25.72));
#3808=CARTESIAN_POINT('',(-51.48,2.7,-25.72));
#3809=CARTESIAN_POINT('',(-44.48,2.7,-25.72));
#3810=CARTESIAN_POINT('',(-44.48,2.7,-25.72));
#3811=CARTESIAN_POINT('',(-58.48,2.7,-32.72));
#3812=CARTESIAN_POINT('',(-58.48,0.,-32.72));
#3813=CARTESIAN_POINT('',(-58.48,0.,-39.72));
#3814=CARTESIAN_POINT('',(-58.48,2.7,-39.72));
#3815=CARTESIAN_POINT('',(-58.48,2.7,-39.72));
#3816=CARTESIAN_POINT('',(-58.48,2.7,-32.72));
#3817=CARTESIAN_POINT('',(-51.48,2.7,-39.72));
#3818=CARTESIAN_POINT('',(-51.48,0.,-39.72));
#3819=CARTESIAN_POINT('',(-44.48,0.,-39.72));
#3820=CARTESIAN_POINT('',(-44.48,2.7,-39.72));
#3821=CARTESIAN_POINT('',(-44.48,2.7,-39.72));
#3822=CARTESIAN_POINT('',(-51.48,2.7,-39.72));
#3823=CARTESIAN_POINT('',(-25.72,2.7,-32.72));
#3824=CARTESIAN_POINT('',(-25.72,0.,-32.72));
#3825=CARTESIAN_POINT('',(-25.72,0.,-39.72));
#3826=CARTESIAN_POINT('',(-25.72,0.,-25.72));
#3827=CARTESIAN_POINT('',(-25.72,2.7,-25.72));
#3828=CARTESIAN_POINT('',(-25.72,2.7,-25.72));
#3829=CARTESIAN_POINT('',(-25.72,2.7,-32.72));
#3830=CARTESIAN_POINT('',(-25.72,2.7,-39.72));
#3831=CARTESIAN_POINT('',(-25.72,2.7,-39.72));
#3832=CARTESIAN_POINT('',(-36.11,2.7,-25.72));
#3833=CARTESIAN_POINT('',(-36.11,0.,-25.72));
#3834=CARTESIAN_POINT('',(-39.72,0.,-25.72));
#3835=CARTESIAN_POINT('',(-39.72,2.7,-25.72));
#3836=CARTESIAN_POINT('',(-39.72,2.7,-25.72));
#3837=CARTESIAN_POINT('',(-36.11,2.7,-25.72));
#3838=CARTESIAN_POINT('',(-39.72,2.7,-32.72));
#3839=CARTESIAN_POINT('',(-39.72,0.,-32.72));
#3840=CARTESIAN_POINT('',(-39.72,0.,-39.72));
#3841=CARTESIAN_POINT('',(-39.72,2.7,-39.72));
#3842=CARTESIAN_POINT('',(-39.72,2.7,-39.72));
#3843=CARTESIAN_POINT('',(-39.72,2.7,-32.72));
#3844=CARTESIAN_POINT('',(-32.5,2.7,-10.75));
#3845=CARTESIAN_POINT('',(-32.5,0.,-10.75));
#3846=CARTESIAN_POINT('',(-32.5,0.,-5.));
#3847=CARTESIAN_POINT('',(-32.5,0.,-16.5));
#3848=CARTESIAN_POINT('',(-32.5,2.7,-5.));
#3849=CARTESIAN_POINT('',(-32.5,2.7,-5.));
#3850=CARTESIAN_POINT('',(-32.5,2.7,-10.75));
#3851=CARTESIAN_POINT('',(-32.5,2.7,-16.5));
#3852=CARTESIAN_POINT('',(-32.5,2.7,-16.5));
#3853=CARTESIAN_POINT('',(-45.8,2.7,-5.));
#3854=CARTESIAN_POINT('',(-45.8,0.,-5.));
#3855=CARTESIAN_POINT('',(-59.1,0.,-5.));
#3856=CARTESIAN_POINT('',(-59.1,2.7,-5.));
#3857=CARTESIAN_POINT('',(-59.1,2.7,-5.));
#3858=CARTESIAN_POINT('',(-45.8,2.7,-5.));
#3859=CARTESIAN_POINT('',(-59.1,2.7,-10.75));
#3860=CARTESIAN_POINT('',(-59.1,0.,-10.75));
#3861=CARTESIAN_POINT('',(-59.1,0.,-16.5));
#3862=CARTESIAN_POINT('',(-59.1,2.7,-16.5));
#3863=CARTESIAN_POINT('',(-59.1,2.7,-16.5));
#3864=CARTESIAN_POINT('',(-59.1,2.7,-10.75));
#3865=CARTESIAN_POINT('',(-36.11,2.7,-77.24));
#3866=CARTESIAN_POINT('',(-36.11,0.,-77.24));
#3867=CARTESIAN_POINT('',(-39.72,0.,-77.24));
#3868=CARTESIAN_POINT('',(-25.72,0.,-77.24));
#3869=CARTESIAN_POINT('',(-25.72,2.7,-77.24));
#3870=CARTESIAN_POINT('',(-25.72,2.7,-77.24));
#3871=CARTESIAN_POINT('',(-36.11,2.7,-77.24));
#3872=CARTESIAN_POINT('',(-39.72,2.7,-77.24));
#3873=CARTESIAN_POINT('',(-39.72,2.7,-77.24));
#3874=CARTESIAN_POINT('',(-25.72,2.7,-70.24));
#3875=CARTESIAN_POINT('',(-25.72,0.,-70.24));
#3876=CARTESIAN_POINT('',(-25.72,0.,-63.24));
#3877=CARTESIAN_POINT('',(-25.72,2.7,-63.24));
#3878=CARTESIAN_POINT('',(-25.72,2.7,-63.24));
#3879=CARTESIAN_POINT('',(-25.72,2.7,-70.24));
#3880=CARTESIAN_POINT('',(-36.11,2.7,-63.24));
#3881=CARTESIAN_POINT('',(-36.11,0.,-63.24));
#3882=CARTESIAN_POINT('',(-39.72,0.,-63.24));
#3883=CARTESIAN_POINT('',(-39.72,2.7,-63.24));
#3884=CARTESIAN_POINT('',(-39.72,2.7,-63.24));
#3885=CARTESIAN_POINT('',(-36.11,2.7,-63.24));
#3886=CARTESIAN_POINT('',(-89.,2.7,-63.24));
#3887=CARTESIAN_POINT('',(-89.,0.,-63.24));
#3888=CARTESIAN_POINT('',(-96.,0.,-63.24));
#3889=CARTESIAN_POINT('',(-82.,0.,-63.24));
#3890=CARTESIAN_POINT('',(-96.,2.7,-63.24));
#3891=CARTESIAN_POINT('',(-96.,2.7,-63.24));
#3892=CARTESIAN_POINT('',(-89.,2.7,-63.24));
#3893=CARTESIAN_POINT('',(-82.,2.7,-63.24));
#3894=CARTESIAN_POINT('',(-82.,2.7,-63.24));
#3895=CARTESIAN_POINT('',(-96.,2.7,-70.24));
#3896=CARTESIAN_POINT('',(-96.,0.,-70.24));
#3897=CARTESIAN_POINT('',(-96.,0.,-77.24));
#3898=CARTESIAN_POINT('',(-96.,2.7,-77.24));
#3899=CARTESIAN_POINT('',(-96.,2.7,-77.24));
#3900=CARTESIAN_POINT('',(-96.,2.7,-70.24));
#3901=CARTESIAN_POINT('',(-89.,2.7,-77.24));
#3902=CARTESIAN_POINT('',(-89.,0.,-77.24));
#3903=CARTESIAN_POINT('',(-82.,0.,-77.24));
#3904=CARTESIAN_POINT('',(-82.,2.7,-77.24));
#3905=CARTESIAN_POINT('',(-82.,2.7,-77.24));
#3906=CARTESIAN_POINT('',(-89.,2.7,-77.24));
#3907=CARTESIAN_POINT('',(-96.0099979559227,2.7,-58.48));
#3908=CARTESIAN_POINT('',(-96.0099979559227,0.,-58.48));
#3909=CARTESIAN_POINT('',(-96.0199959118454,0.,-58.48));
#3910=CARTESIAN_POINT('',(-82.,0.,-58.48));
#3911=CARTESIAN_POINT('',(-82.,2.7,-58.48));
#3912=CARTESIAN_POINT('',(-82.,2.7,-58.48));
#3913=CARTESIAN_POINT('',(-96.0099979559227,2.7,-58.48));
#3914=CARTESIAN_POINT('',(-96.0199959118454,2.7,-58.48));
#3915=CARTESIAN_POINT('',(-96.0199959118454,2.7,-58.48));
#3916=CARTESIAN_POINT('',(-82.,2.7,-51.48));
#3917=CARTESIAN_POINT('',(-82.,0.,-51.48));
#3918=CARTESIAN_POINT('',(-82.,0.,-44.48));
#3919=CARTESIAN_POINT('',(-82.,2.7,-44.48));
#3920=CARTESIAN_POINT('',(-82.,2.7,-44.48));
#3921=CARTESIAN_POINT('',(-82.,2.7,-51.48));
#3922=CARTESIAN_POINT('',(-96.0099979559227,2.7,-44.48));
#3923=CARTESIAN_POINT('',(-96.0099979559227,0.,-44.48));
#3924=CARTESIAN_POINT('',(-96.0199959118454,0.,-44.48));
#3925=CARTESIAN_POINT('',(-96.0199959118454,2.7,-44.48));
#3926=CARTESIAN_POINT('',(-96.0199959118454,2.7,-44.48));
#3927=CARTESIAN_POINT('',(-96.0099979559227,2.7,-44.48));
#3928=CARTESIAN_POINT('',(-96.,2.7,-32.72));
#3929=CARTESIAN_POINT('',(-96.,0.,-32.72));
#3930=CARTESIAN_POINT('',(-96.,0.,-39.72));
#3931=CARTESIAN_POINT('',(-96.,0.,-25.72));
#3932=CARTESIAN_POINT('',(-96.,2.7,-39.72));
#3933=CARTESIAN_POINT('',(-96.,2.7,-39.72));
#3934=CARTESIAN_POINT('',(-96.,2.7,-32.72));
#3935=CARTESIAN_POINT('',(-96.,2.7,-25.72));
#3936=CARTESIAN_POINT('',(-96.,2.7,-25.72));
#3937=CARTESIAN_POINT('',(-89.,2.7,-39.72));
#3938=CARTESIAN_POINT('',(-89.,0.,-39.72));
#3939=CARTESIAN_POINT('',(-82.,0.,-39.72));
#3940=CARTESIAN_POINT('',(-82.,2.7,-39.72));
#3941=CARTESIAN_POINT('',(-82.,2.7,-39.72));
#3942=CARTESIAN_POINT('',(-89.,2.7,-39.72));
#3943=CARTESIAN_POINT('',(-82.,2.7,-32.72));
#3944=CARTESIAN_POINT('',(-82.,0.,-32.72));
#3945=CARTESIAN_POINT('',(-82.,0.,-25.72));
#3946=CARTESIAN_POINT('',(-82.,2.7,-25.72));
#3947=CARTESIAN_POINT('',(-82.,2.7,-25.72));
#3948=CARTESIAN_POINT('',(-82.,2.7,-32.72));
#3949=CARTESIAN_POINT('',(-51.48,2.7,-96.));
#3950=CARTESIAN_POINT('',(-51.48,0.,-96.));
#3951=CARTESIAN_POINT('',(-58.48,0.,-96.));
#3952=CARTESIAN_POINT('',(-44.48,0.,-96.));
#3953=CARTESIAN_POINT('',(-44.48,2.7,-96.));
#3954=CARTESIAN_POINT('',(-44.48,2.7,-96.));
#3955=CARTESIAN_POINT('',(-51.48,2.7,-96.));
#3956=CARTESIAN_POINT('',(-58.48,2.7,-96.));
#3957=CARTESIAN_POINT('',(-58.48,2.7,-96.));
#3958=CARTESIAN_POINT('',(-44.48,2.7,-89.));
#3959=CARTESIAN_POINT('',(-44.48,0.,-89.));
#3960=CARTESIAN_POINT('',(-44.48,0.,-82.));
#3961=CARTESIAN_POINT('',(-44.48,2.7,-82.));
#3962=CARTESIAN_POINT('',(-44.48,2.7,-82.));
#3963=CARTESIAN_POINT('',(-44.48,2.7,-89.));
#3964=CARTESIAN_POINT('',(-51.48,2.7,-82.));
#3965=CARTESIAN_POINT('',(-51.48,0.,-82.));
#3966=CARTESIAN_POINT('',(-58.48,0.,-82.));
#3967=CARTESIAN_POINT('',(-58.48,2.7,-82.));
#3968=CARTESIAN_POINT('',(-58.48,2.7,-82.));
#3969=CARTESIAN_POINT('',(-51.48,2.7,-82.));
#3970=CARTESIAN_POINT('',(-77.24,2.7,-89.));
#3971=CARTESIAN_POINT('',(-77.24,0.,-89.));
#3972=CARTESIAN_POINT('',(-77.24,0.,-96.));
#3973=CARTESIAN_POINT('',(-77.24,0.,-82.));
#3974=CARTESIAN_POINT('',(-77.24,2.7,-96.));
#3975=CARTESIAN_POINT('',(-77.24,2.7,-96.));
#3976=CARTESIAN_POINT('',(-77.24,2.7,-89.));
#3977=CARTESIAN_POINT('',(-77.24,2.7,-82.));
#3978=CARTESIAN_POINT('',(-77.24,2.7,-82.));
#3979=CARTESIAN_POINT('',(-70.24,2.7,-96.));
#3980=CARTESIAN_POINT('',(-70.24,0.,-96.));
#3981=CARTESIAN_POINT('',(-63.24,0.,-96.));
#3982=CARTESIAN_POINT('',(-63.24,2.7,-96.));
#3983=CARTESIAN_POINT('',(-63.24,2.7,-96.));
#3984=CARTESIAN_POINT('',(-70.24,2.7,-96.));
#3985=CARTESIAN_POINT('',(-63.24,2.7,-89.));
#3986=CARTESIAN_POINT('',(-63.24,0.,-89.));
#3987=CARTESIAN_POINT('',(-63.24,0.,-82.));
#3988=CARTESIAN_POINT('',(-63.24,2.7,-82.));
#3989=CARTESIAN_POINT('',(-63.24,2.7,-82.));
#3990=CARTESIAN_POINT('',(-63.24,2.7,-89.));
#3991=CARTESIAN_POINT('',(-39.72,2.7,-89.));
#3992=CARTESIAN_POINT('',(-39.72,0.,-89.));
#3993=CARTESIAN_POINT('',(-39.72,0.,-96.));
#3994=CARTESIAN_POINT('',(-39.72,0.,-82.));
#3995=CARTESIAN_POINT('',(-39.72,2.7,-96.));
#3996=CARTESIAN_POINT('',(-39.72,2.7,-96.));
#3997=CARTESIAN_POINT('',(-39.72,2.7,-89.));
#3998=CARTESIAN_POINT('',(-39.72,2.7,-82.));
#3999=CARTESIAN_POINT('',(-39.72,2.7,-82.));
#4000=CARTESIAN_POINT('',(-36.11,2.7,-96.));
#4001=CARTESIAN_POINT('',(-36.11,0.,-96.));
#4002=CARTESIAN_POINT('',(-25.72,0.,-96.));
#4003=CARTESIAN_POINT('',(-25.72,2.7,-96.));
#4004=CARTESIAN_POINT('',(-25.72,2.7,-96.));
#4005=CARTESIAN_POINT('',(-36.11,2.7,-96.));
#4006=CARTESIAN_POINT('',(-25.72,2.7,-89.));
#4007=CARTESIAN_POINT('',(-25.72,0.,-89.));
#4008=CARTESIAN_POINT('',(-25.72,0.,-82.));
#4009=CARTESIAN_POINT('',(-25.72,2.7,-82.));
#4010=CARTESIAN_POINT('',(-25.72,2.7,-82.));
#4011=CARTESIAN_POINT('',(-25.72,2.7,-89.));
#4012=CARTESIAN_POINT('',(-96.,2.7,-89.));
#4013=CARTESIAN_POINT('',(-96.,0.,-89.));
#4014=CARTESIAN_POINT('',(-96.,0.,-96.));
#4015=CARTESIAN_POINT('',(-96.,0.,-82.));
#4016=CARTESIAN_POINT('',(-96.,2.7,-96.));
#4017=CARTESIAN_POINT('',(-96.,2.7,-96.));
#4018=CARTESIAN_POINT('',(-96.,2.7,-89.));
#4019=CARTESIAN_POINT('',(-96.,2.7,-82.));
#4020=CARTESIAN_POINT('',(-96.,2.7,-82.));
#4021=CARTESIAN_POINT('',(-89.,2.7,-96.));
#4022=CARTESIAN_POINT('',(-89.,0.,-96.));
#4023=CARTESIAN_POINT('',(-82.,0.,-96.));
#4024=CARTESIAN_POINT('',(-82.,2.7,-96.));
#4025=CARTESIAN_POINT('',(-82.,2.7,-96.));
#4026=CARTESIAN_POINT('',(-89.,2.7,-96.));
#4027=CARTESIAN_POINT('',(-82.,2.7,-89.));
#4028=CARTESIAN_POINT('',(-82.,0.,-89.));
#4029=CARTESIAN_POINT('',(-82.,0.,-82.));
#4030=CARTESIAN_POINT('',(-82.,2.7,-82.));
#4031=CARTESIAN_POINT('',(-82.,2.7,-82.));
#4032=CARTESIAN_POINT('',(-82.,2.7,-89.));
#4033=CARTESIAN_POINT('',(-106.,2.7,-74.9947961799572));
#4034=CARTESIAN_POINT('',(-106.,0.,-74.9947961799572));
#4035=CARTESIAN_POINT('',(-106.,0.,-50.));
#4036=CARTESIAN_POINT('',(-106.,0.,-99.9895923599143));
#4037=CARTESIAN_POINT('',(-106.,2.7,-50.));
#4038=CARTESIAN_POINT('',(-106.,2.7,-50.));
#4039=CARTESIAN_POINT('',(-106.,2.7,-74.9947961799572));
#4040=CARTESIAN_POINT('',(-106.,2.7,-99.9895923599143));
#4041=CARTESIAN_POINT('',(-106.,2.7,-99.9895923599143));
#4042=CARTESIAN_POINT('',(-103.4,2.7,-24.6));
#4043=CARTESIAN_POINT('',(-103.4,0.,-24.6));
#4044=CARTESIAN_POINT('',(-100.8,0.,0.8));
#4045=CARTESIAN_POINT('',(-100.8,2.7,0.8));
#4046=CARTESIAN_POINT('',(-100.8,2.7,0.8));
#4047=CARTESIAN_POINT('',(-103.4,2.7,-24.6));
#4048=CARTESIAN_POINT('',(-92.5908820116285,2.7,1.64030341613256));
#4049=CARTESIAN_POINT('',(-92.5908820116285,0.,1.64030341613256));
#4050=CARTESIAN_POINT('',(-95.4187932973323,0.,9.39263504850983));
#4051=CARTESIAN_POINT('',(-95.4187932973323,2.7,9.39263504850983));
#4052=CARTESIAN_POINT('',(-95.4187932973323,2.7,9.39263504850983));
#4053=CARTESIAN_POINT('',(-92.5908820116285,2.7,1.64030341613256));
#4054=CARTESIAN_POINT('',(-72.9135875727457,2.7,11.6963175242549));
#4055=CARTESIAN_POINT('',(-72.9135875727457,0.,11.6963175242549));
#4056=CARTESIAN_POINT('',(-50.4083818481591,0.,14.));
#4057=CARTESIAN_POINT('',(-50.4083818481591,2.7,14.));
#4058=CARTESIAN_POINT('',(-50.4083818481591,2.7,14.));
#4059=CARTESIAN_POINT('',(-72.9135875727457,2.7,11.6963175242549));
#4060=CARTESIAN_POINT('',(-29.5380202868525,2.7,14.));
#4061=CARTESIAN_POINT('',(-29.5380202868525,0.,14.));
#4062=CARTESIAN_POINT('',(-8.66765872554573,0.,14.));
#4063=CARTESIAN_POINT('',(-8.66765872554573,2.7,14.));
#4064=CARTESIAN_POINT('',(-8.66765872554573,2.7,14.));
#4065=CARTESIAN_POINT('',(-29.5380202868525,2.7,14.));
#4066=CARTESIAN_POINT('',(-10.0605118139449,2.7,-2.));
#4067=CARTESIAN_POINT('',(-10.0605118139449,0.,-2.));
#4068=CARTESIAN_POINT('',(6.,0.,-2.));
#4069=CARTESIAN_POINT('',(6.,2.7,-2.));
#4070=CARTESIAN_POINT('',(6.,2.7,-2.));
#4071=CARTESIAN_POINT('',(-10.0605118139449,2.7,-2.));
#4072=CARTESIAN_POINT('',(6.,2.7,-51.));
#4073=CARTESIAN_POINT('',(6.,0.,-51.));
#4074=CARTESIAN_POINT('',(6.,0.,-100.));
#4075=CARTESIAN_POINT('',(6.,2.7,-100.));
#4076=CARTESIAN_POINT('',(6.,2.7,-100.));
#4077=CARTESIAN_POINT('',(6.,2.7,-51.));
#4078=CARTESIAN_POINT('',(6.86542647133178E-17,2.7,-100.));
#4079=CARTESIAN_POINT('',(6.86542647133178E-17,0.,-100.));
#4080=CARTESIAN_POINT('',(0.,0.,-106.));
#4081=CARTESIAN_POINT('',(0.,2.7,-106.));
#4082=CARTESIAN_POINT('',(0.,2.7,-106.));
#4083=CARTESIAN_POINT('',(6.86542647133178E-17,2.7,-100.));
#4084=CARTESIAN_POINT('',(-49.9947961799572,2.7,-106.));
#4085=CARTESIAN_POINT('',(-49.9947961799572,0.,-106.));
#4086=CARTESIAN_POINT('',(-99.9895923599144,0.,-106.));
#4087=CARTESIAN_POINT('',(-99.9895923599144,2.7,-106.));
#4088=CARTESIAN_POINT('',(-99.9895923599144,2.7,-106.));
#4089=CARTESIAN_POINT('',(-49.9947961799572,2.7,-106.));
#4090=CARTESIAN_POINT('',(-51.48,2.7,-63.24));
#4091=CARTESIAN_POINT('',(-51.48,0.,-63.24));
#4092=CARTESIAN_POINT('',(-51.48,2.7,-63.24));
#4093=CARTESIAN_POINT('',(-63.24,2.7,-70.24));
#4094=CARTESIAN_POINT('',(-63.24,0.,-70.24));
#4095=CARTESIAN_POINT('',(-63.24,2.7,-70.24));
#4096=CARTESIAN_POINT('',(-44.48,2.7,-51.48));
#4097=CARTESIAN_POINT('',(-44.48,0.,-51.48));
#4098=CARTESIAN_POINT('',(-44.48,2.7,-51.48));
#4099=CARTESIAN_POINT('',(-63.24,2.7,-51.48));
#4100=CARTESIAN_POINT('',(-63.24,0.,-51.48));
#4101=CARTESIAN_POINT('',(-63.24,2.7,-51.48));
#4102=CARTESIAN_POINT('',(-1.0842021724855E-16,2.7,3.42));
#4103=CARTESIAN_POINT('',(-1.0842021724855E-16,2.7,3.42));
#4104=CARTESIAN_POINT('',(1.7,2.7,3.42));
#4105=CARTESIAN_POINT('',(-1.0842021724855E-16,0.,3.42));
#4106=CARTESIAN_POINT('',(1.7,0.,3.42));
#4107=CARTESIAN_POINT('',(-1.04094977927525E-16,2.7,-103.4));
#4108=CARTESIAN_POINT('',(-1.04094977927525E-16,2.7,-103.4));
#4109=CARTESIAN_POINT('',(1.7,2.7,-103.4));
#4110=CARTESIAN_POINT('',(-1.04094977927525E-16,0.,-103.4));
#4111=CARTESIAN_POINT('',(1.7,0.,-103.4));
#4112=CARTESIAN_POINT('',(-70.24,2.7,-39.72));
#4113=CARTESIAN_POINT('',(-70.24,0.,-39.72));
#4114=CARTESIAN_POINT('',(-70.24,2.7,-39.72));
#4115=CARTESIAN_POINT('',(-44.48,2.7,-32.72));
#4116=CARTESIAN_POINT('',(-44.48,0.,-32.72));
#4117=CARTESIAN_POINT('',(-44.48,2.7,-32.72));
#4118=CARTESIAN_POINT('',(-36.11,2.7,-39.72));
#4119=CARTESIAN_POINT('',(-36.11,0.,-39.72));
#4120=CARTESIAN_POINT('',(-36.11,2.7,-39.72));
#4121=CARTESIAN_POINT('',(-45.8,2.7,-16.5));
#4122=CARTESIAN_POINT('',(-45.8,0.,-16.5));
#4123=CARTESIAN_POINT('',(-45.8,2.7,-16.5));
#4124=CARTESIAN_POINT('',(-39.72,2.7,-70.24));
#4125=CARTESIAN_POINT('',(-39.72,0.,-70.24));
#4126=CARTESIAN_POINT('',(-39.72,2.7,-70.24));
#4127=CARTESIAN_POINT('',(-82.,2.7,-70.24));
#4128=CARTESIAN_POINT('',(-82.,0.,-70.24));
#4129=CARTESIAN_POINT('',(-82.,2.7,-70.24));
#4130=CARTESIAN_POINT('',(-96.0199959118454,2.7,-51.48));
#4131=CARTESIAN_POINT('',(-96.0199959118454,0.,-51.48));
#4132=CARTESIAN_POINT('',(-96.0199959118454,2.7,-51.48));
#4133=CARTESIAN_POINT('',(-89.,2.7,-25.72));
#4134=CARTESIAN_POINT('',(-89.,0.,-25.72));
#4135=CARTESIAN_POINT('',(-89.,2.7,-25.72));
#4136=CARTESIAN_POINT('',(-58.48,2.7,-89.));
#4137=CARTESIAN_POINT('',(-58.48,0.,-89.));
#4138=CARTESIAN_POINT('',(-58.48,2.7,-89.));
#4139=CARTESIAN_POINT('',(-70.24,2.7,-82.));
#4140=CARTESIAN_POINT('',(-70.24,0.,-82.));
#4141=CARTESIAN_POINT('',(-70.24,2.7,-82.));
#4142=CARTESIAN_POINT('',(-36.11,2.7,-82.));
#4143=CARTESIAN_POINT('',(-36.11,0.,-82.));
#4144=CARTESIAN_POINT('',(-36.11,2.7,-82.));
#4145=CARTESIAN_POINT('',(-89.,2.7,-82.));
#4146=CARTESIAN_POINT('',(-89.,0.,-82.));
#4147=CARTESIAN_POINT('',(-89.,2.7,-82.));
#4148=CARTESIAN_POINT('',(-99.9947961799572,2.7,-103.4));
#4149=CARTESIAN_POINT('',(-99.9947961799572,2.7,-103.4));
#4150=CARTESIAN_POINT('',(-98.2947961799572,2.7,-103.4));
#4151=CARTESIAN_POINT('',(-99.9947961799572,0.,-103.4));
#4152=CARTESIAN_POINT('',(-98.2947961799572,0.,-103.4));
#4153=CARTESIAN_POINT('',(-99.9895923599144,2.7,-99.9895923599143));
#4154=CARTESIAN_POINT('',(-99.9895923599144,0.,-99.9895923599143));
#4155=CARTESIAN_POINT('',(-99.9895923599144,2.7,-99.9895923599143));
#4156=CARTESIAN_POINT('',(-39.72,2.7,-51.48));
#4157=CARTESIAN_POINT('',(-39.72,0.,-51.48));
#4158=CARTESIAN_POINT('',(-39.72,2.7,-51.48));
#4159=CARTESIAN_POINT('',(-49.8284271247462,2.7,-46.));
#4160=CARTESIAN_POINT('',(-96.4342239126106,2.7,5.39472719565446));
#4161=CARTESIAN_POINT('',(-98.1342239126106,2.7,5.39472719565446));
#4162=CARTESIAN_POINT('',(-49.8284271247462,0.,-46.));
#4163=CARTESIAN_POINT('',(-96.4342239126106,0.,5.39472719565446));
#4164=CARTESIAN_POINT('',(-94.7342239126106,0.,5.39472719565446));
#4165=CARTESIAN_POINT('',(-96.4342239126106,2.7,5.39472719565446));
#4166=CARTESIAN_POINT('',(46.6409074776057,25.,52.5989807498521));
#4167=CARTESIAN_POINT('',(-50.,0.,1.6));
#4168=CARTESIAN_POINT('',(-50.,0.,0.));
#4169=CARTESIAN_POINT('',(0.,0.,0.));
#4170=CARTESIAN_POINT('',(-100.,-6.93889390390723E-15,0.));
#4171=CARTESIAN_POINT('',(0.,0.,1.6));
#4172=CARTESIAN_POINT('',(0.,0.,1.6));
#4173=CARTESIAN_POINT('',(-50.,0.,1.6));
#4174=CARTESIAN_POINT('',(-100.,-6.93889390390723E-15,1.6));
#4175=CARTESIAN_POINT('',(-100.,-6.93889390390723E-15,1.6));
#4176=CARTESIAN_POINT('',(0.,50.,1.6));
#4177=CARTESIAN_POINT('',(0.,50.,0.));
#4178=CARTESIAN_POINT('',(0.,100.,0.));
#4179=CARTESIAN_POINT('',(0.,100.,1.6));
#4180=CARTESIAN_POINT('',(0.,100.,1.6));
#4181=CARTESIAN_POINT('',(0.,50.,1.6));
#4182=CARTESIAN_POINT('',(-50.,100.,1.6));
#4183=CARTESIAN_POINT('',(-50.,100.,0.));
#4184=CARTESIAN_POINT('',(-100.,100.,0.));
#4185=CARTESIAN_POINT('',(-100.,100.,1.6));
#4186=CARTESIAN_POINT('',(-100.,100.,1.6));
#4187=CARTESIAN_POINT('',(-50.,100.,1.6));
#4188=CARTESIAN_POINT('',(-100.,50.,1.6));
#4189=CARTESIAN_POINT('',(-100.,50.,0.));
#4190=CARTESIAN_POINT('',(-100.,50.,1.6));
#4191=CARTESIAN_POINT('',(-50.,50.,1.6));
#4192=CARTESIAN_POINT('',(-50.,50.,0.));
#4193=CARTESIAN_POINT('',(-53.3933164350049,22.7,-47.2062920544933));
#4194=CARTESIAN_POINT('',(-50.,25.,-50.));
#4195=CARTESIAN_POINT('',(-96.6,25.,5.39999999999985));
#4196=CARTESIAN_POINT('',(-98.95,25.,5.39999999999985));
#4197=CARTESIAN_POINT('',(2.77555756156289E-14,25.,3.42));
#4198=CARTESIAN_POINT('',(-2.34999999999997,25.,3.42));
#4199=CARTESIAN_POINT('',(2.77555756156289E-14,25.,-103.4));
#4200=CARTESIAN_POINT('',(-2.34999999999997,25.,-103.4));
#4201=CARTESIAN_POINT('',(-99.9947961799572,25.,-103.4));
#4202=CARTESIAN_POINT('',(-102.344796179957,25.,-103.4));
#4203=CARTESIAN_POINT('',(-100.8,25.,-56.945));
#4204=CARTESIAN_POINT('',(-100.8,25.,-5.06218802183867));
#4205=CARTESIAN_POINT('',(-100.8,25.,-1.65340831304039E-14));
#4206=CARTESIAN_POINT('',(-78.,25.,-5.06218802183867));
#4207=CARTESIAN_POINT('',(-103.,25.,-5.06218802183867));
#4208=CARTESIAN_POINT('',(-103.,25.,-9.335));
#4209=CARTESIAN_POINT('',(-103.,25.,-1.17093834628434E-13));
#4210=CARTESIAN_POINT('',(-101.5,25.,5.));
#4211=CARTESIAN_POINT('',(-100.,25.,10.));
#4212=CARTESIAN_POINT('',(-74.9950004999,25.,15.));
#4213=CARTESIAN_POINT('',(-49.9900009998,25.,20.));
#4214=CARTESIAN_POINT('',(-25.,25.,20.));
#4215=CARTESIAN_POINT('',(-1.4142135623731,25.,20.));
#4216=CARTESIAN_POINT('',(9.29289321881345,25.,9.29289321881344));
#4217=CARTESIAN_POINT('',(7.0271736982815,25.,11.5586127393454));
#4218=CARTESIAN_POINT('',(6.92721649222078,25.,6.47278350777924));
#4219=CARTESIAN_POINT('',(6.8,25.,0.));
#4220=CARTESIAN_POINT('',(6.8,25.,-50.));
#4221=CARTESIAN_POINT('',(6.8,25.,-100.));
#4222=CARTESIAN_POINT('',(4.15598846154945E-14,25.,-100.));
#4223=CARTESIAN_POINT('',(4.16333634234433E-14,25.,-106.8));
#4224=CARTESIAN_POINT('',(-49.9947961799571,25.,-106.8));
#4225=CARTESIAN_POINT('',(-99.9895923599143,25.,-106.8));
#4226=CARTESIAN_POINT('',(-99.9895923599143,25.,-99.9895923599143));
#4227=CARTESIAN_POINT('',(-106.8,25.,-99.9895923599143));
#4228=CARTESIAN_POINT('',(-106.8,25.,-74.9743770875438));
#4229=CARTESIAN_POINT('',(-106.8,25.,-49.9591618151733));
#4230=CARTESIAN_POINT('',(-103.939438827732,25.,-22.0136795937961));
#4231=CARTESIAN_POINT('',(-104.258271838388,25.,-25.1284328517423));
#4232=CARTESIAN_POINT('',(-101.229868930359,25.,-19.9632676687942));
#4233=CARTESIAN_POINT('',(-103.,25.,-22.982357151876));
#4234=CARTESIAN_POINT('',(-103.,25.,-9.335));
#4235=CARTESIAN_POINT('',(-103.,25.,-16.3407903164625));
#4236=CARTESIAN_POINT('',(-78.,25.,-16.3407903164625));
#4237=CARTESIAN_POINT('',(-100.8,25.,-16.3407903164625));
#4238=CARTESIAN_POINT('',(-100.8,25.,-56.945));
#4239=CARTESIAN_POINT('',(-100.8,25.,-100.));
#4240=CARTESIAN_POINT('',(-100.4,25.,-100.4));
#4241=CARTESIAN_POINT('',(-100.,25.,-100.8));
#4242=CARTESIAN_POINT('',(-50.,25.,-100.8));
#4243=CARTESIAN_POINT('',(-6.93889390390723E-15,25.,-100.8));
#4244=CARTESIAN_POINT('',(0.399999999999984,25.,-100.4));
#4245=CARTESIAN_POINT('',(0.8,25.,-100.));
#4246=CARTESIAN_POINT('',(0.8,25.,-50.));
#4247=CARTESIAN_POINT('',(0.8,25.,-1.7347234759768E-15));
#4248=CARTESIAN_POINT('',(0.4,25.,0.399999999999995));
#4249=CARTESIAN_POINT('',(5.09575021068187E-15,25.,0.8));
#4250=CARTESIAN_POINT('',(-50.,25.,0.8));
#4251=CARTESIAN_POINT('',(-100.,25.,0.800000000000018));
#4252=CARTESIAN_POINT('',(-100.4,25.,0.4));
#4253=CARTESIAN_POINT('',(-110.,5.,-110.));
#4254=CARTESIAN_POINT('',(-120.,5.,-100.));
#4255=CARTESIAN_POINT('',(-120.,24.,-100.));
#4256=CARTESIAN_POINT('',(-120.,0.,-100.));
#4257=CARTESIAN_POINT('',(-110.,24.,-110.));
#4258=CARTESIAN_POINT('',(-100.,24.,-120.));
#4259=CARTESIAN_POINT('',(-100.,5.,-120.));
#4260=CARTESIAN_POINT('',(-100.,0.,-120.));
#4261=CARTESIAN_POINT('',(-110.,0.,-110.));
#4262=CARTESIAN_POINT('',(-120.,5.,-75.));
#4263=CARTESIAN_POINT('',(-120.,5.,-50.));
#4264=CARTESIAN_POINT('',(-120.,24.,-50.));
#4265=CARTESIAN_POINT('',(-120.,0.,-50.));
#4266=CARTESIAN_POINT('',(-120.,24.,-100.));
#4267=CARTESIAN_POINT('',(-120.,0.,-75.));
#4268=CARTESIAN_POINT('',(-115.,5.,-41.4721301296255));
#4269=CARTESIAN_POINT('',(-103.,5.,-21.005242440727));
#4270=CARTESIAN_POINT('',(-103.,24.,-21.005242440727));
#4271=CARTESIAN_POINT('',(-103.,0.,-21.005242440727));
#4272=CARTESIAN_POINT('',(-120.,24.,-50.));
#4273=CARTESIAN_POINT('',(-115.,0.,-41.4721301296255));
#4274=CARTESIAN_POINT('',(-103.,5.,-9.335));
#4275=CARTESIAN_POINT('',(-103.,21.9291940331459,-16.3407903164625));
#4276=CARTESIAN_POINT('',(-103.,18.8583880662918,-16.3407903164625));
#4277=CARTESIAN_POINT('',(-103.,25.4137137859415,-23.8003167642662));
#4278=CARTESIAN_POINT('',(-103.,0.,-9.335));
#4279=CARTESIAN_POINT('',(-103.,0.,-1.17093834628434E-13));
#4280=CARTESIAN_POINT('',(-103.,5.,-1.17093834628434E-13));
#4281=CARTESIAN_POINT('',(-103.,21.9291940331459,-5.06218802183867));
#4282=CARTESIAN_POINT('',(-103.,18.8583880662918,-5.06218802183867));
#4283=CARTESIAN_POINT('',(-103.,18.8583880662918,-10.7014891691506));
#4284=CARTESIAN_POINT('',(-101.5,5.,5.));
#4285=CARTESIAN_POINT('',(-101.5,0.,5.));
#4286=CARTESIAN_POINT('',(-100.,0.,10.));
#4287=CARTESIAN_POINT('',(-100.,5.,10.));
#4288=CARTESIAN_POINT('',(-100.,5.,10.));
#4289=CARTESIAN_POINT('',(-100.,25.,10.));
#4290=CARTESIAN_POINT('',(-75.,5.,15.));
#4291=CARTESIAN_POINT('',(-75.,0.,15.));
#4292=CARTESIAN_POINT('',(-50.,0.,20.));
#4293=CARTESIAN_POINT('',(-50.,5.,20.));
#4294=CARTESIAN_POINT('',(-49.9950004999,5.,20.));
#4295=CARTESIAN_POINT('',(-75.,5.,15.));
#4296=CARTESIAN_POINT('',(-25.,5.,20.));
#4297=CARTESIAN_POINT('',(0.,5.,20.));
#4298=CARTESIAN_POINT('',(0.,24.,20.));
#4299=CARTESIAN_POINT('',(0.,0.,20.));
#4300=CARTESIAN_POINT('',(1.95262145875635,22.619288125423,20.));
#4301=CARTESIAN_POINT('',(-49.9900009998,25.,20.));
#4302=CARTESIAN_POINT('',(-25.,0.,20.));
#4303=CARTESIAN_POINT('',(10.,5.,10.));
#4304=CARTESIAN_POINT('',(20.,5.,-3.46944695195361E-15));
#4305=CARTESIAN_POINT('',(20.,24.,-3.46944695195361E-15));
#4306=CARTESIAN_POINT('',(20.,0.,-3.46944695195361E-15));
#4307=CARTESIAN_POINT('',(7.05443298444151,24.,12.9455670155585));
#4308=CARTESIAN_POINT('',(10.,0.,10.));
#4309=CARTESIAN_POINT('',(20.,5.,-50.));
#4310=CARTESIAN_POINT('',(20.,5.,-100.));
#4311=CARTESIAN_POINT('',(20.,24.,-100.));
#4312=CARTESIAN_POINT('',(20.,0.,-100.));
#4313=CARTESIAN_POINT('',(20.,24.,-50.));
#4314=CARTESIAN_POINT('',(20.,0.,-50.));
#4315=CARTESIAN_POINT('',(10.,5.,-110.));
#4316=CARTESIAN_POINT('',(-8.67361737988404E-15,5.,-120.));
#4317=CARTESIAN_POINT('',(-8.67361737988404E-15,24.,-120.));
#4318=CARTESIAN_POINT('',(-8.67361737988404E-15,0.,-120.));
#4319=CARTESIAN_POINT('',(10.,24.,-110.));
#4320=CARTESIAN_POINT('',(10.,0.,-110.));
#4321=CARTESIAN_POINT('',(-50.,5.,-120.));
#4322=CARTESIAN_POINT('',(-50.,24.,-120.));
#4323=CARTESIAN_POINT('',(-50.,0.,-120.));
#4324=CARTESIAN_POINT('',(-50.,0.,-50.));
#4325=CARTESIAN_POINT('',(-100.8,25.,-56.945));
#4326=CARTESIAN_POINT('',(-100.8,25.,-16.3407903164625));
#4327=CARTESIAN_POINT('',(-100.8,18.8583880662918,-16.3407903164625));
#4328=CARTESIAN_POINT('',(-100.8,18.8583880662918,-56.945));
#4329=CARTESIAN_POINT('',(-100.8,18.8583880662918,-5.06218802183867));
#4330=CARTESIAN_POINT('',(-100.8,25.,-5.06218802183867));
#4331=CARTESIAN_POINT('',(-100.8,25.,-1.65340831304039E-14));
#4332=CARTESIAN_POINT('',(-100.8,5.,-1.65340831304039E-14));
#4333=CARTESIAN_POINT('',(-100.8,5.,-56.945));
#4334=CARTESIAN_POINT('',(-100.8,5.,-100.));
#4335=CARTESIAN_POINT('',(-100.8,25.,-100.));
#4336=CARTESIAN_POINT('',(-100.4,25.,-100.4));
#4337=CARTESIAN_POINT('',(-100.4,5.,-100.4));
#4338=CARTESIAN_POINT('',(-100.,5.,-100.8));
#4339=CARTESIAN_POINT('',(-100.,25.,-100.8));
#4340=CARTESIAN_POINT('',(-50.,25.,-100.8));
#4341=CARTESIAN_POINT('',(-50.,5.,-100.8));
#4342=CARTESIAN_POINT('',(-6.93889390390723E-15,5.,-100.8));
#4343=CARTESIAN_POINT('',(-6.93889390390723E-15,25.,-100.8));
#4344=CARTESIAN_POINT('',(0.399999999999984,25.,-100.4));
#4345=CARTESIAN_POINT('',(0.399999999999984,5.,-100.4));
#4346=CARTESIAN_POINT('',(0.8,5.,-100.));
#4347=CARTESIAN_POINT('',(0.8,25.,-100.));
#4348=CARTESIAN_POINT('',(0.8,25.,-50.));
#4349=CARTESIAN_POINT('',(0.8,5.,-50.));
#4350=CARTESIAN_POINT('',(0.8,5.,-1.7347234759768E-15));
#4351=CARTESIAN_POINT('',(0.8,25.,-1.7347234759768E-15));
#4352=CARTESIAN_POINT('',(0.4,25.,0.399999999999995));
#4353=CARTESIAN_POINT('',(0.4,5.,0.399999999999995));
#4354=CARTESIAN_POINT('',(5.09575021068187E-15,5.,0.8));
#4355=CARTESIAN_POINT('',(5.09575021068187E-15,25.,0.8));
#4356=CARTESIAN_POINT('',(-50.,25.,0.8));
#4357=CARTESIAN_POINT('',(-50.,5.,0.8));
#4358=CARTESIAN_POINT('',(-100.,5.,0.800000000000018));
#4359=CARTESIAN_POINT('',(-100.,25.,0.800000000000018));
#4360=CARTESIAN_POINT('',(-74.9950004999,25.,15.));
#4361=CARTESIAN_POINT('',(-100.4,25.,0.4));
#4362=CARTESIAN_POINT('',(-100.4,5.,0.4));
#4363=CARTESIAN_POINT('',(-50.,5.,-50.));
#4364=CARTESIAN_POINT('',(-97.6447961799572,21.,-103.4));
#4365=CARTESIAN_POINT('',(-99.9947961799572,21.,-103.4));
#4366=CARTESIAN_POINT('',(-102.344796179957,21.,-103.4));
#4367=CARTESIAN_POINT('',(-99.9947961799572,25.,-103.4));
#4368=CARTESIAN_POINT('',(2.35000000000004,21.,-103.4));
#4369=CARTESIAN_POINT('',(2.77555756156289E-14,21.,-103.4));
#4370=CARTESIAN_POINT('',(-2.34999999999997,21.,-103.4));
#4371=CARTESIAN_POINT('',(2.77555756156289E-14,25.,-103.4));
#4372=CARTESIAN_POINT('',(2.35000000000004,21.,3.42));
#4373=CARTESIAN_POINT('',(2.77555756156289E-14,21.,3.42));
#4374=CARTESIAN_POINT('',(-2.34999999999997,21.,3.42));
#4375=CARTESIAN_POINT('',(2.77555756156289E-14,25.,3.42));
#4376=CARTESIAN_POINT('',(-94.25,21.,5.39999999999985));
#4377=CARTESIAN_POINT('',(-96.6,21.,5.39999999999985));
#4378=CARTESIAN_POINT('',(-98.95,21.,5.39999999999985));
#4379=CARTESIAN_POINT('',(-96.6,25.,5.39999999999985));
#4380=CARTESIAN_POINT('',(6.8,29.,-50.));
#4381=CARTESIAN_POINT('',(6.8,29.,0.));
#4382=CARTESIAN_POINT('',(6.8,29.,0.));
#4383=CARTESIAN_POINT('',(6.8,29.,-50.));
#4384=CARTESIAN_POINT('',(6.8,29.,-100.));
#4385=CARTESIAN_POINT('',(6.8,29.,-100.));
#4386=CARTESIAN_POINT('',(6.92721649222078,29.,6.47278350777924));
#4387=CARTESIAN_POINT('',(6.9238864748729,28.7890655977674,6.30335200567003));
#4388=CARTESIAN_POINT('',(6.91813655364145,29.,6.01079563449307));
#4389=CARTESIAN_POINT('',(6.92721649222078,29.,6.47278350777924));
#4390=CARTESIAN_POINT('',(-103.939438827732,29.,-22.0136795937961));
#4391=CARTESIAN_POINT('',(-103.939438827732,29.,-22.0136795937961));
#4392=CARTESIAN_POINT('',(-106.8,29.,-49.9591618151733));
#4393=CARTESIAN_POINT('',(-105.239025241652,29.,-34.7096391759297));
#4394=CARTESIAN_POINT('',(-104.1306223191,24.4793817941865,-23.8813952402353));
#4395=CARTESIAN_POINT('',(-106.8,29.,-49.9591618151733));
#4396=CARTESIAN_POINT('',(-106.8,29.,-74.9743770875438));
#4397=CARTESIAN_POINT('',(-106.8,29.,-99.9895923599143));
#4398=CARTESIAN_POINT('',(-106.8,29.,-99.9895923599143));
#4399=CARTESIAN_POINT('',(-106.8,29.,-74.9743770875438));
#4400=CARTESIAN_POINT('',(-99.9895923599143,29.,-99.9895923599143));
#4401=CARTESIAN_POINT('',(-99.9895923599143,29.,-106.8));
#4402=CARTESIAN_POINT('',(-99.9895923599143,29.,-106.8));
#4403=CARTESIAN_POINT('',(-99.9895923599143,29.,-99.9895923599143));
#4404=CARTESIAN_POINT('',(-49.9947961799571,29.,-106.8));
#4405=CARTESIAN_POINT('',(4.16333634234433E-14,29.,-106.8));
#4406=CARTESIAN_POINT('',(4.16333634234433E-14,29.,-106.8));
#4407=CARTESIAN_POINT('',(-49.9947961799571,29.,-106.8));
#4408=CARTESIAN_POINT('',(4.15598846154945E-14,29.,-100.));
#4409=CARTESIAN_POINT('',(4.15598846154945E-14,29.,-100.));
#4410=CARTESIAN_POINT('',(-50.,29.,-50.));
#4411=CARTESIAN_POINT('',(-115.,29.,-50.));
#4412=CARTESIAN_POINT('',(-115.,29.,-97.9289321881345));
#4413=CARTESIAN_POINT('',(-115.,29.,-51.3577036853703));
#4414=CARTESIAN_POINT('',(-99.6997931042247,29.,-25.2620690059746));
#4415=CARTESIAN_POINT('',(16.4644660940673,29.,-3.53553390593274));
#4416=CARTESIAN_POINT('',(15.,29.,-2.07106781186549));
#4417=CARTESIAN_POINT('',(15.,29.,-50.));
#4418=CARTESIAN_POINT('',(15.,29.,-97.9289321881345));
#4419=CARTESIAN_POINT('',(6.46446609406723,29.,-106.464466094067));
#4420=CARTESIAN_POINT('',(-2.07106781186548,29.,-115.));
#4421=CARTESIAN_POINT('',(-50.,29.,-115.));
#4422=CARTESIAN_POINT('',(-97.9289321881346,29.,-115.));
#4423=CARTESIAN_POINT('',(-106.464466094067,29.,-106.464466094067));
#4424=CARTESIAN_POINT('',(6.46446609406725,29.,6.46446609406727));
#4425=CARTESIAN_POINT('',(12.6975214338982,31.3024785661018,-3.02478566101822));
#4426=CARTESIAN_POINT('',(20.,24.,-50.));
#4427=CARTESIAN_POINT('',(10.4628215084726,33.5371784915273,-96.0495713220364));
#4428=CARTESIAN_POINT('',(10.,24.,-110.));
#4429=CARTESIAN_POINT('',(-1.11734996271275,26.6975214338982,-117.302478566102));
#4430=CARTESIAN_POINT('',(-50.,24.,-120.));
#4431=CARTESIAN_POINT('',(-96.0495713220365,33.5371784915273,-110.462821508473));
#4432=CARTESIAN_POINT('',(-110.,24.,-110.));
#4433=CARTESIAN_POINT('',(-117.302478566102,26.6975214338982,-98.8826500372873));
#4434=CARTESIAN_POINT('',(-115.,29.,-50.));
#4435=CARTESIAN_POINT('',(-115.177781621625,28.8222183783753,-51.3094287327961));
#4436=CARTESIAN_POINT('',(-97.7792366236804,29.,-21.9864178570174));
#4437=CARTESIAN_POINT('',(-78.,21.9291940331459,-16.3407903164625));
#4438=CARTESIAN_POINT('',(-78.,18.8583880662918,-16.3407903164625));
#4439=CARTESIAN_POINT('',(-78.,18.8583880662918,-10.7014891691506));
#4440=CARTESIAN_POINT('',(-78.,18.8583880662918,-5.06218802183867));
#4441=CARTESIAN_POINT('',(-78.,21.9291940331459,-5.06218802183867));
#4442=CARTESIAN_POINT('',(46.8066835649952,0.,52.5937079455068));
#4443=MECHANICAL_DESIGN_GEOMETRIC_PRESENTATION_REPRESENTATION('',(#2784,
#2785,#2786),#4444);
#4444=(
GEOMETRIC_REPRESENTATION_CONTEXT(3)
GLOBAL_UNCERTAINTY_ASSIGNED_CONTEXT((#4448))
GLOBAL_UNIT_ASSIGNED_CONTEXT((#4454,#4453,#4452))
REPRESENTATION_CONTEXT('hackpad','TOP_LEVEL_ASSEMBLY_PART')
);
#4445=(
GEOMETRIC_REPRESENTATION_CONTEXT(3)
GLOBAL_UNCERTAINTY_ASSIGNED_CONTEXT((#4449))
GLOBAL_UNIT_ASSIGNED_CONTEXT((#4454,#4453,#4452))
REPRESENTATION_CONTEXT('plate','COMPONENT_PART')
);
#4446=(
GEOMETRIC_REPRESENTATION_CONTEXT(3)
GLOBAL_UNCERTAINTY_ASSIGNED_CONTEXT((#4450))
GLOBAL_UNIT_ASSIGNED_CONTEXT((#4454,#4453,#4452))
REPRESENTATION_CONTEXT('pcb','COMPONENT_PART')
);
#4447=(
GEOMETRIC_REPRESENTATION_CONTEXT(3)
GLOBAL_UNCERTAINTY_ASSIGNED_CONTEXT((#4451))
GLOBAL_UNIT_ASSIGNED_CONTEXT((#4454,#4453,#4452))
REPRESENTATION_CONTEXT('case','COMPONENT_PART')
);
#4448=UNCERTAINTY_MEASURE_WITH_UNIT(LENGTH_MEASURE(1.E-5),#4454,
'DISTANCE_ACCURACY_VALUE','Maximum Tolerance applied to model');
#4449=UNCERTAINTY_MEASURE_WITH_UNIT(LENGTH_MEASURE(1.E-5),#4454,
'DISTANCE_ACCURACY_VALUE','Maximum Tolerance applied to model');
#4450=UNCERTAINTY_MEASURE_WITH_UNIT(LENGTH_MEASURE(1.E-5),#4454,
'DISTANCE_ACCURACY_VALUE','Maximum Tolerance applied to model');
#4451=UNCERTAINTY_MEASURE_WITH_UNIT(LENGTH_MEASURE(0.0299990001999817),
#4454,'DISTANCE_ACCURACY_VALUE','Maximum Tolerance applied to model');
#4452=(
NAMED_UNIT(*)
SI_UNIT($,.STERADIAN.)
SOLID_ANGLE_UNIT()
);
#4453=(
NAMED_UNIT(*)
PLANE_ANGLE_UNIT()
SI_UNIT($,.RADIAN.)
);
#4454=(
LENGTH_UNIT()
NAMED_UNIT(*)
SI_UNIT(.MILLI.,.METRE.)
);
#4455=PRODUCT_DEFINITION_SHAPE('','',#4462);
#4456=PRODUCT_DEFINITION_SHAPE('','',#4463);
#4457=PRODUCT_DEFINITION_SHAPE(' ','NAUO PRDDFN',#13);
#4458=PRODUCT_DEFINITION_SHAPE('','',#4464);
#4459=PRODUCT_DEFINITION_SHAPE(' ','NAUO PRDDFN',#14);
#4460=PRODUCT_DEFINITION_SHAPE('','',#4465);
#4461=PRODUCT_DEFINITION_SHAPE(' ','NAUO PRDDFN',#15);
#4462=PRODUCT_DEFINITION('','',#4470,#4466);
#4463=PRODUCT_DEFINITION('','',#4471,#4467);
#4464=PRODUCT_DEFINITION('','',#4472,#4468);
#4465=PRODUCT_DEFINITION('','',#4473,#4469);
#4466=PRODUCT_DEFINITION_CONTEXT('',#4491,'design');
#4467=PRODUCT_DEFINITION_CONTEXT('',#4491,'design');
#4468=PRODUCT_DEFINITION_CONTEXT('',#4491,'design');
#4469=PRODUCT_DEFINITION_CONTEXT('',#4491,'design');
#4470=PRODUCT_DEFINITION_FORMATION_WITH_SPECIFIED_SOURCE('','',#4478,
 .NOT_KNOWN.);
#4471=PRODUCT_DEFINITION_FORMATION_WITH_SPECIFIED_SOURCE('','',#4479,
 .NOT_KNOWN.);
#4472=PRODUCT_DEFINITION_FORMATION_WITH_SPECIFIED_SOURCE('','',#4480,
 .NOT_KNOWN.);
#4473=PRODUCT_DEFINITION_FORMATION_WITH_SPECIFIED_SOURCE('','',#4481,
 .NOT_KNOWN.);
#4474=PRODUCT_RELATED_PRODUCT_CATEGORY('','',(#4478));
#4475=PRODUCT_RELATED_PRODUCT_CATEGORY('','',(#4479));
#4476=PRODUCT_RELATED_PRODUCT_CATEGORY('','',(#4480));
#4477=PRODUCT_RELATED_PRODUCT_CATEGORY('','',(#4481));
#4478=PRODUCT('hackpad','hackpad','hackpad',(#4486));
#4479=PRODUCT('plate','plate','plate',(#4487));
#4480=PRODUCT('pcb','pcb','pcb',(#4488));
#4481=PRODUCT('case','case','case',(#4489));
#4482=PRODUCT_CATEGORY('','');
#4483=PRODUCT_CATEGORY('','');
#4484=PRODUCT_CATEGORY('','');
#4485=PRODUCT_CATEGORY('','');
#4486=PRODUCT_CONTEXT('',#4491,'mechanical');
#4487=PRODUCT_CONTEXT('',#4491,'mechanical');
#4488=PRODUCT_CONTEXT('',#4491,'mechanical');
#4489=PRODUCT_CONTEXT('',#4491,'mechanical');
#4490=APPLICATION_PROTOCOL_DEFINITION('international standard',
'ap242_managed_model_based_3d_engineering',2020,#4491);
#4491=APPLICATION_CONTEXT('managed model based 3d engineering');
ENDSEC;
END-ISO-10303-21;
