ISO-10303-21;
HEADER;
/* Generated by software containing ST-Developer
 * from STEP Tools, Inc. (www.steptools.com) 
 */
/* OPTION: using custom renumber hook */

FILE_DESCRIPTION(
/* description */ ('STEP AP242 Edition 2',
'CAx-IF Rec.Pracs.---Representation and Presentation of Product Manufa
cturing Information (PMI)---4.0---2014-10-13',
'CAx-IF Rec.Pracs.---3D Tessellated Geometry---0.4---2014-09-14','2;1',
'CAx-IF Rec.Pracs.---User Defined Attributes---1.5---2016-08-15'),
/* implementation_level */ '2;1');

FILE_NAME(
/* name */ 'plate',
/* time_stamp */ '2026-09-04T13:03:28Z',
/* author */ (''),
/* organization */ (''),
/* preprocessor_version */ 'ST-DEVELOPER v20',
/* originating_system */ 'ONSHAPE BY PTC INC, 1.220',
/* authorisation */ '  ');

FILE_SCHEMA (('AP242_MANAGED_MODEL_BASED_3D_ENGINEERING_MIM_LF { 1 0 10303 442 3 1 4 }'));
ENDSEC;

DATA;
#10=SHAPE_REPRESENTATION_RELATIONSHIP('','',#1809,#11);
#11=ADVANCED_BREP_SHAPE_REPRESENTATION('',(#1807),#2831);
#12=CIRCLE('',#1865,8.25201357113332);
#13=CIRCLE('',#1866,8.25201357113332);
#14=CIRCLE('',#1870,16.0605118139449);
#15=CIRCLE('',#1871,16.0605118139449);
#16=CIRCLE('',#1874,6.);
#17=CIRCLE('',#1875,6.);
#18=CIRCLE('',#1882,1.7);
#19=CIRCLE('',#1883,1.7);
#20=CIRCLE('',#1885,1.7);
#21=CIRCLE('',#1886,1.7);
#22=CIRCLE('',#1900,1.7);
#23=CIRCLE('',#1901,1.7);
#24=CIRCLE('',#1903,6.01040764008564);
#25=CIRCLE('',#1904,6.01040764008564);
#26=CIRCLE('',#1907,1.7);
#27=CIRCLE('',#1909,1.7);
#28=CYLINDRICAL_SURFACE('',#1864,8.25201357113332);
#29=CYLINDRICAL_SURFACE('',#1869,16.0605118139449);
#30=CYLINDRICAL_SURFACE('',#1873,6.);
#31=CYLINDRICAL_SURFACE('',#1881,1.7);
#32=CYLINDRICAL_SURFACE('',#1884,1.7);
#33=CYLINDRICAL_SURFACE('',#1899,1.7);
#34=CYLINDRICAL_SURFACE('',#1902,6.01040764008564);
#35=CYLINDRICAL_SURFACE('',#1910,1.7);
#36=ORIENTED_EDGE('',*,*,#520,.T.);
#37=ORIENTED_EDGE('',*,*,#521,.F.);
#38=ORIENTED_EDGE('',*,*,#522,.F.);
#39=ORIENTED_EDGE('',*,*,#523,.T.);
#40=ORIENTED_EDGE('',*,*,#524,.T.);
#41=ORIENTED_EDGE('',*,*,#525,.F.);
#42=ORIENTED_EDGE('',*,*,#526,.F.);
#43=ORIENTED_EDGE('',*,*,#521,.T.);
#44=ORIENTED_EDGE('',*,*,#527,.F.);
#45=ORIENTED_EDGE('',*,*,#528,.F.);
#46=ORIENTED_EDGE('',*,*,#529,.T.);
#47=ORIENTED_EDGE('',*,*,#525,.T.);
#48=ORIENTED_EDGE('',*,*,#530,.F.);
#49=ORIENTED_EDGE('',*,*,#531,.F.);
#50=ORIENTED_EDGE('',*,*,#532,.T.);
#51=ORIENTED_EDGE('',*,*,#533,.T.);
#52=ORIENTED_EDGE('',*,*,#534,.T.);
#53=ORIENTED_EDGE('',*,*,#535,.F.);
#54=ORIENTED_EDGE('',*,*,#536,.F.);
#55=ORIENTED_EDGE('',*,*,#531,.T.);
#56=ORIENTED_EDGE('',*,*,#537,.T.);
#57=ORIENTED_EDGE('',*,*,#538,.F.);
#58=ORIENTED_EDGE('',*,*,#539,.F.);
#59=ORIENTED_EDGE('',*,*,#535,.T.);
#60=ORIENTED_EDGE('',*,*,#540,.F.);
#61=ORIENTED_EDGE('',*,*,#541,.F.);
#62=ORIENTED_EDGE('',*,*,#542,.T.);
#63=ORIENTED_EDGE('',*,*,#543,.T.);
#64=ORIENTED_EDGE('',*,*,#544,.F.);
#65=ORIENTED_EDGE('',*,*,#545,.F.);
#66=ORIENTED_EDGE('',*,*,#546,.T.);
#67=ORIENTED_EDGE('',*,*,#541,.T.);
#68=ORIENTED_EDGE('',*,*,#547,.T.);
#69=ORIENTED_EDGE('',*,*,#548,.F.);
#70=ORIENTED_EDGE('',*,*,#549,.F.);
#71=ORIENTED_EDGE('',*,*,#545,.T.);
#72=ORIENTED_EDGE('',*,*,#550,.F.);
#73=ORIENTED_EDGE('',*,*,#551,.F.);
#74=ORIENTED_EDGE('',*,*,#552,.T.);
#75=ORIENTED_EDGE('',*,*,#553,.T.);
#76=ORIENTED_EDGE('',*,*,#554,.F.);
#77=ORIENTED_EDGE('',*,*,#555,.F.);
#78=ORIENTED_EDGE('',*,*,#556,.T.);
#79=ORIENTED_EDGE('',*,*,#551,.T.);
#80=ORIENTED_EDGE('',*,*,#557,.T.);
#81=ORIENTED_EDGE('',*,*,#558,.F.);
#82=ORIENTED_EDGE('',*,*,#559,.F.);
#83=ORIENTED_EDGE('',*,*,#555,.T.);
#84=ORIENTED_EDGE('',*,*,#560,.F.);
#85=ORIENTED_EDGE('',*,*,#561,.F.);
#86=ORIENTED_EDGE('',*,*,#562,.T.);
#87=ORIENTED_EDGE('',*,*,#563,.T.);
#88=ORIENTED_EDGE('',*,*,#564,.F.);
#89=ORIENTED_EDGE('',*,*,#565,.F.);
#90=ORIENTED_EDGE('',*,*,#566,.T.);
#91=ORIENTED_EDGE('',*,*,#561,.T.);
#92=ORIENTED_EDGE('',*,*,#567,.T.);
#93=ORIENTED_EDGE('',*,*,#568,.F.);
#94=ORIENTED_EDGE('',*,*,#569,.F.);
#95=ORIENTED_EDGE('',*,*,#565,.T.);
#96=ORIENTED_EDGE('',*,*,#570,.T.);
#97=ORIENTED_EDGE('',*,*,#571,.F.);
#98=ORIENTED_EDGE('',*,*,#572,.F.);
#99=ORIENTED_EDGE('',*,*,#573,.T.);
#100=ORIENTED_EDGE('',*,*,#574,.F.);
#101=ORIENTED_EDGE('',*,*,#575,.F.);
#102=ORIENTED_EDGE('',*,*,#576,.T.);
#103=ORIENTED_EDGE('',*,*,#571,.T.);
#104=ORIENTED_EDGE('',*,*,#577,.F.);
#105=ORIENTED_EDGE('',*,*,#578,.F.);
#106=ORIENTED_EDGE('',*,*,#579,.T.);
#107=ORIENTED_EDGE('',*,*,#575,.T.);
#108=ORIENTED_EDGE('',*,*,#580,.F.);
#109=ORIENTED_EDGE('',*,*,#581,.F.);
#110=ORIENTED_EDGE('',*,*,#582,.T.);
#111=ORIENTED_EDGE('',*,*,#583,.T.);
#112=ORIENTED_EDGE('',*,*,#584,.F.);
#113=ORIENTED_EDGE('',*,*,#585,.F.);
#114=ORIENTED_EDGE('',*,*,#586,.T.);
#115=ORIENTED_EDGE('',*,*,#581,.T.);
#116=ORIENTED_EDGE('',*,*,#587,.T.);
#117=ORIENTED_EDGE('',*,*,#588,.F.);
#118=ORIENTED_EDGE('',*,*,#589,.F.);
#119=ORIENTED_EDGE('',*,*,#585,.T.);
#120=ORIENTED_EDGE('',*,*,#590,.T.);
#121=ORIENTED_EDGE('',*,*,#591,.F.);
#122=ORIENTED_EDGE('',*,*,#592,.F.);
#123=ORIENTED_EDGE('',*,*,#593,.T.);
#124=ORIENTED_EDGE('',*,*,#594,.F.);
#125=ORIENTED_EDGE('',*,*,#595,.F.);
#126=ORIENTED_EDGE('',*,*,#596,.T.);
#127=ORIENTED_EDGE('',*,*,#591,.T.);
#128=ORIENTED_EDGE('',*,*,#597,.F.);
#129=ORIENTED_EDGE('',*,*,#598,.F.);
#130=ORIENTED_EDGE('',*,*,#599,.T.);
#131=ORIENTED_EDGE('',*,*,#595,.T.);
#132=ORIENTED_EDGE('',*,*,#600,.F.);
#133=ORIENTED_EDGE('',*,*,#601,.F.);
#134=ORIENTED_EDGE('',*,*,#602,.T.);
#135=ORIENTED_EDGE('',*,*,#603,.T.);
#136=ORIENTED_EDGE('',*,*,#604,.T.);
#137=ORIENTED_EDGE('',*,*,#605,.F.);
#138=ORIENTED_EDGE('',*,*,#606,.F.);
#139=ORIENTED_EDGE('',*,*,#601,.T.);
#140=ORIENTED_EDGE('',*,*,#607,.T.);
#141=ORIENTED_EDGE('',*,*,#608,.F.);
#142=ORIENTED_EDGE('',*,*,#609,.F.);
#143=ORIENTED_EDGE('',*,*,#605,.T.);
#144=ORIENTED_EDGE('',*,*,#610,.T.);
#145=ORIENTED_EDGE('',*,*,#611,.F.);
#146=ORIENTED_EDGE('',*,*,#612,.F.);
#147=ORIENTED_EDGE('',*,*,#613,.T.);
#148=ORIENTED_EDGE('',*,*,#614,.T.);
#149=ORIENTED_EDGE('',*,*,#615,.F.);
#150=ORIENTED_EDGE('',*,*,#616,.F.);
#151=ORIENTED_EDGE('',*,*,#611,.T.);
#152=ORIENTED_EDGE('',*,*,#617,.F.);
#153=ORIENTED_EDGE('',*,*,#618,.F.);
#154=ORIENTED_EDGE('',*,*,#619,.T.);
#155=ORIENTED_EDGE('',*,*,#615,.T.);
#156=ORIENTED_EDGE('',*,*,#620,.F.);
#157=ORIENTED_EDGE('',*,*,#621,.F.);
#158=ORIENTED_EDGE('',*,*,#622,.T.);
#159=ORIENTED_EDGE('',*,*,#623,.T.);
#160=ORIENTED_EDGE('',*,*,#624,.F.);
#161=ORIENTED_EDGE('',*,*,#625,.F.);
#162=ORIENTED_EDGE('',*,*,#626,.T.);
#163=ORIENTED_EDGE('',*,*,#621,.T.);
#164=ORIENTED_EDGE('',*,*,#627,.T.);
#165=ORIENTED_EDGE('',*,*,#628,.F.);
#166=ORIENTED_EDGE('',*,*,#629,.F.);
#167=ORIENTED_EDGE('',*,*,#625,.T.);
#168=ORIENTED_EDGE('',*,*,#630,.T.);
#169=ORIENTED_EDGE('',*,*,#631,.F.);
#170=ORIENTED_EDGE('',*,*,#632,.F.);
#171=ORIENTED_EDGE('',*,*,#633,.T.);
#172=ORIENTED_EDGE('',*,*,#634,.T.);
#173=ORIENTED_EDGE('',*,*,#635,.F.);
#174=ORIENTED_EDGE('',*,*,#636,.F.);
#175=ORIENTED_EDGE('',*,*,#631,.T.);
#176=ORIENTED_EDGE('',*,*,#637,.F.);
#177=ORIENTED_EDGE('',*,*,#638,.F.);
#178=ORIENTED_EDGE('',*,*,#639,.T.);
#179=ORIENTED_EDGE('',*,*,#635,.T.);
#180=ORIENTED_EDGE('',*,*,#640,.F.);
#181=ORIENTED_EDGE('',*,*,#641,.F.);
#182=ORIENTED_EDGE('',*,*,#642,.T.);
#183=ORIENTED_EDGE('',*,*,#643,.T.);
#184=ORIENTED_EDGE('',*,*,#644,.T.);
#185=ORIENTED_EDGE('',*,*,#645,.F.);
#186=ORIENTED_EDGE('',*,*,#646,.F.);
#187=ORIENTED_EDGE('',*,*,#641,.T.);
#188=ORIENTED_EDGE('',*,*,#647,.T.);
#189=ORIENTED_EDGE('',*,*,#648,.F.);
#190=ORIENTED_EDGE('',*,*,#649,.F.);
#191=ORIENTED_EDGE('',*,*,#645,.T.);
#192=ORIENTED_EDGE('',*,*,#650,.T.);
#193=ORIENTED_EDGE('',*,*,#651,.F.);
#194=ORIENTED_EDGE('',*,*,#652,.F.);
#195=ORIENTED_EDGE('',*,*,#653,.T.);
#196=ORIENTED_EDGE('',*,*,#654,.T.);
#197=ORIENTED_EDGE('',*,*,#655,.F.);
#198=ORIENTED_EDGE('',*,*,#656,.F.);
#199=ORIENTED_EDGE('',*,*,#651,.T.);
#200=ORIENTED_EDGE('',*,*,#657,.T.);
#201=ORIENTED_EDGE('',*,*,#658,.F.);
#202=ORIENTED_EDGE('',*,*,#659,.F.);
#203=ORIENTED_EDGE('',*,*,#655,.T.);
#204=ORIENTED_EDGE('',*,*,#660,.F.);
#205=ORIENTED_EDGE('',*,*,#661,.F.);
#206=ORIENTED_EDGE('',*,*,#662,.T.);
#207=ORIENTED_EDGE('',*,*,#663,.T.);
#208=ORIENTED_EDGE('',*,*,#664,.T.);
#209=ORIENTED_EDGE('',*,*,#665,.F.);
#210=ORIENTED_EDGE('',*,*,#666,.F.);
#211=ORIENTED_EDGE('',*,*,#661,.T.);
#212=ORIENTED_EDGE('',*,*,#667,.F.);
#213=ORIENTED_EDGE('',*,*,#668,.F.);
#214=ORIENTED_EDGE('',*,*,#669,.T.);
#215=ORIENTED_EDGE('',*,*,#665,.T.);
#216=ORIENTED_EDGE('',*,*,#670,.F.);
#217=ORIENTED_EDGE('',*,*,#671,.F.);
#218=ORIENTED_EDGE('',*,*,#672,.T.);
#219=ORIENTED_EDGE('',*,*,#673,.T.);
#220=ORIENTED_EDGE('',*,*,#674,.T.);
#221=ORIENTED_EDGE('',*,*,#675,.F.);
#222=ORIENTED_EDGE('',*,*,#676,.F.);
#223=ORIENTED_EDGE('',*,*,#671,.T.);
#224=ORIENTED_EDGE('',*,*,#677,.T.);
#225=ORIENTED_EDGE('',*,*,#678,.F.);
#226=ORIENTED_EDGE('',*,*,#679,.F.);
#227=ORIENTED_EDGE('',*,*,#675,.T.);
#228=ORIENTED_EDGE('',*,*,#680,.F.);
#229=ORIENTED_EDGE('',*,*,#681,.F.);
#230=ORIENTED_EDGE('',*,*,#682,.T.);
#231=ORIENTED_EDGE('',*,*,#683,.T.);
#232=ORIENTED_EDGE('',*,*,#684,.T.);
#233=ORIENTED_EDGE('',*,*,#685,.F.);
#234=ORIENTED_EDGE('',*,*,#686,.F.);
#235=ORIENTED_EDGE('',*,*,#681,.T.);
#236=ORIENTED_EDGE('',*,*,#687,.T.);
#237=ORIENTED_EDGE('',*,*,#688,.F.);
#238=ORIENTED_EDGE('',*,*,#689,.F.);
#239=ORIENTED_EDGE('',*,*,#685,.T.);
#240=ORIENTED_EDGE('',*,*,#690,.F.);
#241=ORIENTED_EDGE('',*,*,#691,.F.);
#242=ORIENTED_EDGE('',*,*,#692,.T.);
#243=ORIENTED_EDGE('',*,*,#693,.T.);
#244=ORIENTED_EDGE('',*,*,#694,.F.);
#245=ORIENTED_EDGE('',*,*,#695,.F.);
#246=ORIENTED_EDGE('',*,*,#696,.T.);
#247=ORIENTED_EDGE('',*,*,#691,.T.);
#248=ORIENTED_EDGE('',*,*,#697,.T.);
#249=ORIENTED_EDGE('',*,*,#698,.F.);
#250=ORIENTED_EDGE('',*,*,#699,.F.);
#251=ORIENTED_EDGE('',*,*,#695,.T.);
#252=ORIENTED_EDGE('',*,*,#700,.T.);
#253=ORIENTED_EDGE('',*,*,#701,.F.);
#254=ORIENTED_EDGE('',*,*,#702,.F.);
#255=ORIENTED_EDGE('',*,*,#698,.T.);
#256=ORIENTED_EDGE('',*,*,#703,.F.);
#257=ORIENTED_EDGE('',*,*,#704,.F.);
#258=ORIENTED_EDGE('',*,*,#705,.T.);
#259=ORIENTED_EDGE('',*,*,#701,.T.);
#260=ORIENTED_EDGE('',*,*,#706,.T.);
#261=ORIENTED_EDGE('',*,*,#707,.F.);
#262=ORIENTED_EDGE('',*,*,#708,.F.);
#263=ORIENTED_EDGE('',*,*,#704,.T.);
#264=ORIENTED_EDGE('',*,*,#709,.T.);
#265=ORIENTED_EDGE('',*,*,#710,.F.);
#266=ORIENTED_EDGE('',*,*,#711,.F.);
#267=ORIENTED_EDGE('',*,*,#707,.T.);
#268=ORIENTED_EDGE('',*,*,#712,.F.);
#269=ORIENTED_EDGE('',*,*,#713,.F.);
#270=ORIENTED_EDGE('',*,*,#714,.T.);
#271=ORIENTED_EDGE('',*,*,#710,.T.);
#272=ORIENTED_EDGE('',*,*,#715,.T.);
#273=ORIENTED_EDGE('',*,*,#716,.F.);
#274=ORIENTED_EDGE('',*,*,#717,.F.);
#275=ORIENTED_EDGE('',*,*,#713,.T.);
#276=ORIENTED_EDGE('',*,*,#718,.F.);
#277=ORIENTED_EDGE('',*,*,#533,.F.);
#278=ORIENTED_EDGE('',*,*,#719,.T.);
#279=ORIENTED_EDGE('',*,*,#538,.T.);
#280=ORIENTED_EDGE('',*,*,#720,.T.);
#281=ORIENTED_EDGE('',*,*,#543,.F.);
#282=ORIENTED_EDGE('',*,*,#721,.F.);
#283=ORIENTED_EDGE('',*,*,#548,.T.);
#284=ORIENTED_EDGE('',*,*,#722,.T.);
#285=ORIENTED_EDGE('',*,*,#553,.F.);
#286=ORIENTED_EDGE('',*,*,#723,.F.);
#287=ORIENTED_EDGE('',*,*,#558,.T.);
#288=ORIENTED_EDGE('',*,*,#724,.T.);
#289=ORIENTED_EDGE('',*,*,#563,.F.);
#290=ORIENTED_EDGE('',*,*,#725,.F.);
#291=ORIENTED_EDGE('',*,*,#568,.T.);
#292=ORIENTED_EDGE('',*,*,#726,.T.);
#293=ORIENTED_EDGE('',*,*,#727,.F.);
#294=ORIENTED_EDGE('',*,*,#728,.T.);
#295=ORIENTED_EDGE('',*,*,#729,.F.);
#296=ORIENTED_EDGE('',*,*,#730,.T.);
#297=ORIENTED_EDGE('',*,*,#573,.F.);
#298=ORIENTED_EDGE('',*,*,#731,.F.);
#299=ORIENTED_EDGE('',*,*,#578,.T.);
#300=ORIENTED_EDGE('',*,*,#732,.T.);
#301=ORIENTED_EDGE('',*,*,#583,.F.);
#302=ORIENTED_EDGE('',*,*,#733,.F.);
#303=ORIENTED_EDGE('',*,*,#588,.T.);
#304=ORIENTED_EDGE('',*,*,#734,.T.);
#305=ORIENTED_EDGE('',*,*,#593,.F.);
#306=ORIENTED_EDGE('',*,*,#735,.F.);
#307=ORIENTED_EDGE('',*,*,#598,.T.);
#308=ORIENTED_EDGE('',*,*,#736,.F.);
#309=ORIENTED_EDGE('',*,*,#603,.F.);
#310=ORIENTED_EDGE('',*,*,#737,.T.);
#311=ORIENTED_EDGE('',*,*,#608,.T.);
#312=ORIENTED_EDGE('',*,*,#738,.F.);
#313=ORIENTED_EDGE('',*,*,#613,.F.);
#314=ORIENTED_EDGE('',*,*,#739,.T.);
#315=ORIENTED_EDGE('',*,*,#618,.T.);
#316=ORIENTED_EDGE('',*,*,#740,.T.);
#317=ORIENTED_EDGE('',*,*,#623,.F.);
#318=ORIENTED_EDGE('',*,*,#741,.F.);
#319=ORIENTED_EDGE('',*,*,#628,.T.);
#320=ORIENTED_EDGE('',*,*,#742,.F.);
#321=ORIENTED_EDGE('',*,*,#633,.F.);
#322=ORIENTED_EDGE('',*,*,#743,.T.);
#323=ORIENTED_EDGE('',*,*,#638,.T.);
#324=ORIENTED_EDGE('',*,*,#744,.F.);
#325=ORIENTED_EDGE('',*,*,#643,.F.);
#326=ORIENTED_EDGE('',*,*,#745,.T.);
#327=ORIENTED_EDGE('',*,*,#648,.T.);
#328=ORIENTED_EDGE('',*,*,#746,.T.);
#329=ORIENTED_EDGE('',*,*,#653,.F.);
#330=ORIENTED_EDGE('',*,*,#747,.F.);
#331=ORIENTED_EDGE('',*,*,#658,.T.);
#332=ORIENTED_EDGE('',*,*,#748,.F.);
#333=ORIENTED_EDGE('',*,*,#663,.F.);
#334=ORIENTED_EDGE('',*,*,#749,.T.);
#335=ORIENTED_EDGE('',*,*,#668,.T.);
#336=ORIENTED_EDGE('',*,*,#750,.T.);
#337=ORIENTED_EDGE('',*,*,#673,.F.);
#338=ORIENTED_EDGE('',*,*,#751,.F.);
#339=ORIENTED_EDGE('',*,*,#678,.T.);
#340=ORIENTED_EDGE('',*,*,#752,.F.);
#341=ORIENTED_EDGE('',*,*,#683,.F.);
#342=ORIENTED_EDGE('',*,*,#753,.T.);
#343=ORIENTED_EDGE('',*,*,#688,.T.);
#344=ORIENTED_EDGE('',*,*,#754,.T.);
#345=ORIENTED_EDGE('',*,*,#755,.F.);
#346=ORIENTED_EDGE('',*,*,#756,.F.);
#347=ORIENTED_EDGE('',*,*,#693,.F.);
#348=ORIENTED_EDGE('',*,*,#757,.T.);
#349=ORIENTED_EDGE('',*,*,#716,.T.);
#350=ORIENTED_EDGE('',*,*,#758,.F.);
#351=ORIENTED_EDGE('',*,*,#523,.F.);
#352=ORIENTED_EDGE('',*,*,#759,.T.);
#353=ORIENTED_EDGE('',*,*,#528,.T.);
#354=ORIENTED_EDGE('',*,*,#760,.T.);
#355=ORIENTED_EDGE('',*,*,#692,.F.);
#356=ORIENTED_EDGE('',*,*,#696,.F.);
#357=ORIENTED_EDGE('',*,*,#699,.T.);
#358=ORIENTED_EDGE('',*,*,#702,.T.);
#359=ORIENTED_EDGE('',*,*,#705,.F.);
#360=ORIENTED_EDGE('',*,*,#708,.T.);
#361=ORIENTED_EDGE('',*,*,#711,.T.);
#362=ORIENTED_EDGE('',*,*,#714,.F.);
#363=ORIENTED_EDGE('',*,*,#717,.T.);
#364=ORIENTED_EDGE('',*,*,#757,.F.);
#365=ORIENTED_EDGE('',*,*,#754,.F.);
#366=ORIENTED_EDGE('',*,*,#682,.F.);
#367=ORIENTED_EDGE('',*,*,#686,.T.);
#368=ORIENTED_EDGE('',*,*,#689,.T.);
#369=ORIENTED_EDGE('',*,*,#753,.F.);
#370=ORIENTED_EDGE('',*,*,#672,.F.);
#371=ORIENTED_EDGE('',*,*,#676,.T.);
#372=ORIENTED_EDGE('',*,*,#679,.T.);
#373=ORIENTED_EDGE('',*,*,#751,.T.);
#374=ORIENTED_EDGE('',*,*,#662,.F.);
#375=ORIENTED_EDGE('',*,*,#666,.T.);
#376=ORIENTED_EDGE('',*,*,#669,.F.);
#377=ORIENTED_EDGE('',*,*,#749,.F.);
#378=ORIENTED_EDGE('',*,*,#652,.T.);
#379=ORIENTED_EDGE('',*,*,#656,.T.);
#380=ORIENTED_EDGE('',*,*,#659,.T.);
#381=ORIENTED_EDGE('',*,*,#747,.T.);
#382=ORIENTED_EDGE('',*,*,#642,.F.);
#383=ORIENTED_EDGE('',*,*,#646,.T.);
#384=ORIENTED_EDGE('',*,*,#649,.T.);
#385=ORIENTED_EDGE('',*,*,#745,.F.);
#386=ORIENTED_EDGE('',*,*,#632,.T.);
#387=ORIENTED_EDGE('',*,*,#636,.T.);
#388=ORIENTED_EDGE('',*,*,#639,.F.);
#389=ORIENTED_EDGE('',*,*,#743,.F.);
#390=ORIENTED_EDGE('',*,*,#622,.F.);
#391=ORIENTED_EDGE('',*,*,#626,.F.);
#392=ORIENTED_EDGE('',*,*,#629,.T.);
#393=ORIENTED_EDGE('',*,*,#741,.T.);
#394=ORIENTED_EDGE('',*,*,#612,.T.);
#395=ORIENTED_EDGE('',*,*,#616,.T.);
#396=ORIENTED_EDGE('',*,*,#619,.F.);
#397=ORIENTED_EDGE('',*,*,#739,.F.);
#398=ORIENTED_EDGE('',*,*,#602,.F.);
#399=ORIENTED_EDGE('',*,*,#606,.T.);
#400=ORIENTED_EDGE('',*,*,#609,.T.);
#401=ORIENTED_EDGE('',*,*,#737,.F.);
#402=ORIENTED_EDGE('',*,*,#592,.T.);
#403=ORIENTED_EDGE('',*,*,#596,.F.);
#404=ORIENTED_EDGE('',*,*,#599,.F.);
#405=ORIENTED_EDGE('',*,*,#735,.T.);
#406=ORIENTED_EDGE('',*,*,#582,.F.);
#407=ORIENTED_EDGE('',*,*,#586,.F.);
#408=ORIENTED_EDGE('',*,*,#589,.T.);
#409=ORIENTED_EDGE('',*,*,#733,.T.);
#410=ORIENTED_EDGE('',*,*,#572,.T.);
#411=ORIENTED_EDGE('',*,*,#576,.F.);
#412=ORIENTED_EDGE('',*,*,#579,.F.);
#413=ORIENTED_EDGE('',*,*,#731,.T.);
#414=ORIENTED_EDGE('',*,*,#728,.F.);
#415=ORIENTED_EDGE('',*,*,#726,.F.);
#416=ORIENTED_EDGE('',*,*,#562,.F.);
#417=ORIENTED_EDGE('',*,*,#566,.F.);
#418=ORIENTED_EDGE('',*,*,#569,.T.);
#419=ORIENTED_EDGE('',*,*,#725,.T.);
#420=ORIENTED_EDGE('',*,*,#552,.F.);
#421=ORIENTED_EDGE('',*,*,#556,.F.);
#422=ORIENTED_EDGE('',*,*,#559,.T.);
#423=ORIENTED_EDGE('',*,*,#723,.T.);
#424=ORIENTED_EDGE('',*,*,#542,.F.);
#425=ORIENTED_EDGE('',*,*,#546,.F.);
#426=ORIENTED_EDGE('',*,*,#549,.T.);
#427=ORIENTED_EDGE('',*,*,#721,.T.);
#428=ORIENTED_EDGE('',*,*,#532,.F.);
#429=ORIENTED_EDGE('',*,*,#536,.T.);
#430=ORIENTED_EDGE('',*,*,#539,.T.);
#431=ORIENTED_EDGE('',*,*,#719,.F.);
#432=ORIENTED_EDGE('',*,*,#522,.T.);
#433=ORIENTED_EDGE('',*,*,#526,.T.);
#434=ORIENTED_EDGE('',*,*,#529,.F.);
#435=ORIENTED_EDGE('',*,*,#759,.F.);
#436=ORIENTED_EDGE('',*,*,#761,.F.);
#437=ORIENTED_EDGE('',*,*,#690,.T.);
#438=ORIENTED_EDGE('',*,*,#756,.T.);
#439=ORIENTED_EDGE('',*,*,#715,.F.);
#440=ORIENTED_EDGE('',*,*,#712,.T.);
#441=ORIENTED_EDGE('',*,*,#709,.F.);
#442=ORIENTED_EDGE('',*,*,#706,.F.);
#443=ORIENTED_EDGE('',*,*,#703,.T.);
#444=ORIENTED_EDGE('',*,*,#700,.F.);
#445=ORIENTED_EDGE('',*,*,#697,.F.);
#446=ORIENTED_EDGE('',*,*,#694,.T.);
#447=ORIENTED_EDGE('',*,*,#755,.T.);
#448=ORIENTED_EDGE('',*,*,#680,.T.);
#449=ORIENTED_EDGE('',*,*,#752,.T.);
#450=ORIENTED_EDGE('',*,*,#687,.F.);
#451=ORIENTED_EDGE('',*,*,#684,.F.);
#452=ORIENTED_EDGE('',*,*,#670,.T.);
#453=ORIENTED_EDGE('',*,*,#750,.F.);
#454=ORIENTED_EDGE('',*,*,#677,.F.);
#455=ORIENTED_EDGE('',*,*,#674,.F.);
#456=ORIENTED_EDGE('',*,*,#660,.T.);
#457=ORIENTED_EDGE('',*,*,#748,.T.);
#458=ORIENTED_EDGE('',*,*,#667,.T.);
#459=ORIENTED_EDGE('',*,*,#664,.F.);
#460=ORIENTED_EDGE('',*,*,#650,.F.);
#461=ORIENTED_EDGE('',*,*,#746,.F.);
#462=ORIENTED_EDGE('',*,*,#657,.F.);
#463=ORIENTED_EDGE('',*,*,#654,.F.);
#464=ORIENTED_EDGE('',*,*,#640,.T.);
#465=ORIENTED_EDGE('',*,*,#744,.T.);
#466=ORIENTED_EDGE('',*,*,#647,.F.);
#467=ORIENTED_EDGE('',*,*,#644,.F.);
#468=ORIENTED_EDGE('',*,*,#630,.F.);
#469=ORIENTED_EDGE('',*,*,#742,.T.);
#470=ORIENTED_EDGE('',*,*,#637,.T.);
#471=ORIENTED_EDGE('',*,*,#634,.F.);
#472=ORIENTED_EDGE('',*,*,#620,.T.);
#473=ORIENTED_EDGE('',*,*,#740,.F.);
#474=ORIENTED_EDGE('',*,*,#627,.F.);
#475=ORIENTED_EDGE('',*,*,#624,.T.);
#476=ORIENTED_EDGE('',*,*,#610,.F.);
#477=ORIENTED_EDGE('',*,*,#738,.T.);
#478=ORIENTED_EDGE('',*,*,#617,.T.);
#479=ORIENTED_EDGE('',*,*,#614,.F.);
#480=ORIENTED_EDGE('',*,*,#600,.T.);
#481=ORIENTED_EDGE('',*,*,#736,.T.);
#482=ORIENTED_EDGE('',*,*,#607,.F.);
#483=ORIENTED_EDGE('',*,*,#604,.F.);
#484=ORIENTED_EDGE('',*,*,#590,.F.);
#485=ORIENTED_EDGE('',*,*,#734,.F.);
#486=ORIENTED_EDGE('',*,*,#597,.T.);
#487=ORIENTED_EDGE('',*,*,#594,.T.);
#488=ORIENTED_EDGE('',*,*,#580,.T.);
#489=ORIENTED_EDGE('',*,*,#732,.F.);
#490=ORIENTED_EDGE('',*,*,#587,.F.);
#491=ORIENTED_EDGE('',*,*,#584,.T.);
#492=ORIENTED_EDGE('',*,*,#570,.F.);
#493=ORIENTED_EDGE('',*,*,#730,.F.);
#494=ORIENTED_EDGE('',*,*,#577,.T.);
#495=ORIENTED_EDGE('',*,*,#574,.T.);
#496=ORIENTED_EDGE('',*,*,#729,.T.);
#497=ORIENTED_EDGE('',*,*,#727,.T.);
#498=ORIENTED_EDGE('',*,*,#560,.T.);
#499=ORIENTED_EDGE('',*,*,#724,.F.);
#500=ORIENTED_EDGE('',*,*,#567,.F.);
#501=ORIENTED_EDGE('',*,*,#564,.T.);
#502=ORIENTED_EDGE('',*,*,#550,.T.);
#503=ORIENTED_EDGE('',*,*,#722,.F.);
#504=ORIENTED_EDGE('',*,*,#557,.F.);
#505=ORIENTED_EDGE('',*,*,#554,.T.);
#506=ORIENTED_EDGE('',*,*,#540,.T.);
#507=ORIENTED_EDGE('',*,*,#720,.F.);
#508=ORIENTED_EDGE('',*,*,#547,.F.);
#509=ORIENTED_EDGE('',*,*,#544,.T.);
#510=ORIENTED_EDGE('',*,*,#530,.T.);
#511=ORIENTED_EDGE('',*,*,#718,.T.);
#512=ORIENTED_EDGE('',*,*,#537,.F.);
#513=ORIENTED_EDGE('',*,*,#534,.F.);
#514=ORIENTED_EDGE('',*,*,#520,.F.);
#515=ORIENTED_EDGE('',*,*,#758,.T.);
#516=ORIENTED_EDGE('',*,*,#527,.T.);
#517=ORIENTED_EDGE('',*,*,#524,.F.);
#518=ORIENTED_EDGE('',*,*,#760,.F.);
#519=ORIENTED_EDGE('',*,*,#761,.T.);
#520=EDGE_CURVE('',#762,#763,#926,.T.);
#521=EDGE_CURVE('',#764,#763,#927,.T.);
#522=EDGE_CURVE('',#765,#764,#928,.T.);
#523=EDGE_CURVE('',#765,#762,#929,.T.);
#524=EDGE_CURVE('',#763,#766,#930,.T.);
#525=EDGE_CURVE('',#767,#766,#931,.T.);
#526=EDGE_CURVE('',#764,#767,#932,.T.);
#527=EDGE_CURVE('',#768,#766,#933,.T.);
#528=EDGE_CURVE('',#769,#768,#934,.T.);
#529=EDGE_CURVE('',#769,#767,#935,.T.);
#530=EDGE_CURVE('',#770,#771,#936,.T.);
#531=EDGE_CURVE('',#772,#770,#937,.T.);
#532=EDGE_CURVE('',#772,#773,#938,.T.);
#533=EDGE_CURVE('',#773,#771,#939,.T.);
#534=EDGE_CURVE('',#770,#774,#940,.T.);
#535=EDGE_CURVE('',#775,#774,#941,.T.);
#536=EDGE_CURVE('',#772,#775,#942,.T.);
#537=EDGE_CURVE('',#774,#776,#943,.T.);
#538=EDGE_CURVE('',#777,#776,#944,.T.);
#539=EDGE_CURVE('',#775,#777,#945,.T.);
#540=EDGE_CURVE('',#778,#779,#946,.T.);
#541=EDGE_CURVE('',#780,#778,#947,.T.);
#542=EDGE_CURVE('',#780,#781,#948,.T.);
#543=EDGE_CURVE('',#781,#779,#949,.T.);
#544=EDGE_CURVE('',#782,#778,#950,.T.);
#545=EDGE_CURVE('',#783,#782,#951,.T.);
#546=EDGE_CURVE('',#783,#780,#952,.T.);
#547=EDGE_CURVE('',#782,#784,#953,.T.);
#548=EDGE_CURVE('',#785,#784,#954,.T.);
#549=EDGE_CURVE('',#783,#785,#955,.T.);
#550=EDGE_CURVE('',#786,#787,#956,.T.);
#551=EDGE_CURVE('',#788,#786,#957,.T.);
#552=EDGE_CURVE('',#788,#789,#958,.T.);
#553=EDGE_CURVE('',#789,#787,#959,.T.);
#554=EDGE_CURVE('',#790,#786,#960,.T.);
#555=EDGE_CURVE('',#791,#790,#961,.T.);
#556=EDGE_CURVE('',#791,#788,#962,.T.);
#557=EDGE_CURVE('',#790,#792,#963,.T.);
#558=EDGE_CURVE('',#793,#792,#964,.T.);
#559=EDGE_CURVE('',#791,#793,#965,.T.);
#560=EDGE_CURVE('',#794,#795,#966,.T.);
#561=EDGE_CURVE('',#796,#794,#967,.T.);
#562=EDGE_CURVE('',#796,#797,#968,.T.);
#563=EDGE_CURVE('',#797,#795,#969,.T.);
#564=EDGE_CURVE('',#798,#794,#970,.T.);
#565=EDGE_CURVE('',#799,#798,#971,.T.);
#566=EDGE_CURVE('',#799,#796,#972,.T.);
#567=EDGE_CURVE('',#798,#800,#973,.T.);
#568=EDGE_CURVE('',#801,#800,#974,.T.);
#569=EDGE_CURVE('',#799,#801,#975,.T.);
#570=EDGE_CURVE('',#802,#803,#976,.T.);
#571=EDGE_CURVE('',#804,#803,#977,.T.);
#572=EDGE_CURVE('',#805,#804,#978,.T.);
#573=EDGE_CURVE('',#805,#802,#979,.T.);
#574=EDGE_CURVE('',#806,#803,#980,.T.);
#575=EDGE_CURVE('',#807,#806,#981,.T.);
#576=EDGE_CURVE('',#807,#804,#982,.T.);
#577=EDGE_CURVE('',#808,#806,#983,.T.);
#578=EDGE_CURVE('',#809,#808,#984,.T.);
#579=EDGE_CURVE('',#809,#807,#985,.T.);
#580=EDGE_CURVE('',#810,#811,#986,.T.);
#581=EDGE_CURVE('',#812,#810,#987,.T.);
#582=EDGE_CURVE('',#812,#813,#988,.T.);
#583=EDGE_CURVE('',#813,#811,#989,.T.);
#584=EDGE_CURVE('',#814,#810,#990,.T.);
#585=EDGE_CURVE('',#815,#814,#991,.T.);
#586=EDGE_CURVE('',#815,#812,#992,.T.);
#587=EDGE_CURVE('',#814,#816,#993,.T.);
#588=EDGE_CURVE('',#817,#816,#994,.T.);
#589=EDGE_CURVE('',#815,#817,#995,.T.);
#590=EDGE_CURVE('',#818,#819,#996,.T.);
#591=EDGE_CURVE('',#820,#819,#997,.T.);
#592=EDGE_CURVE('',#821,#820,#998,.T.);
#593=EDGE_CURVE('',#821,#818,#999,.T.);
#594=EDGE_CURVE('',#822,#819,#1000,.T.);
#595=EDGE_CURVE('',#823,#822,#1001,.T.);
#596=EDGE_CURVE('',#823,#820,#1002,.T.);
#597=EDGE_CURVE('',#824,#822,#1003,.T.);
#598=EDGE_CURVE('',#825,#824,#1004,.T.);
#599=EDGE_CURVE('',#825,#823,#1005,.T.);
#600=EDGE_CURVE('',#826,#827,#1006,.T.);
#601=EDGE_CURVE('',#828,#826,#1007,.T.);
#602=EDGE_CURVE('',#828,#829,#1008,.T.);
#603=EDGE_CURVE('',#829,#827,#1009,.T.);
#604=EDGE_CURVE('',#826,#830,#1010,.T.);
#605=EDGE_CURVE('',#831,#830,#1011,.T.);
#606=EDGE_CURVE('',#828,#831,#1012,.T.);
#607=EDGE_CURVE('',#830,#832,#1013,.T.);
#608=EDGE_CURVE('',#833,#832,#1014,.T.);
#609=EDGE_CURVE('',#831,#833,#1015,.T.);
#610=EDGE_CURVE('',#834,#835,#1016,.T.);
#611=EDGE_CURVE('',#836,#835,#1017,.T.);
#612=EDGE_CURVE('',#837,#836,#1018,.T.);
#613=EDGE_CURVE('',#837,#834,#1019,.T.);
#614=EDGE_CURVE('',#835,#838,#1020,.T.);
#615=EDGE_CURVE('',#839,#838,#1021,.T.);
#616=EDGE_CURVE('',#836,#839,#1022,.T.);
#617=EDGE_CURVE('',#840,#838,#1023,.T.);
#618=EDGE_CURVE('',#841,#840,#1024,.T.);
#619=EDGE_CURVE('',#841,#839,#1025,.T.);
#620=EDGE_CURVE('',#842,#843,#1026,.T.);
#621=EDGE_CURVE('',#844,#842,#1027,.T.);
#622=EDGE_CURVE('',#844,#845,#1028,.T.);
#623=EDGE_CURVE('',#845,#843,#1029,.T.);
#624=EDGE_CURVE('',#846,#842,#1030,.T.);
#625=EDGE_CURVE('',#847,#846,#1031,.T.);
#626=EDGE_CURVE('',#847,#844,#1032,.T.);
#627=EDGE_CURVE('',#846,#848,#1033,.T.);
#628=EDGE_CURVE('',#849,#848,#1034,.T.);
#629=EDGE_CURVE('',#847,#849,#1035,.T.);
#630=EDGE_CURVE('',#850,#851,#1036,.T.);
#631=EDGE_CURVE('',#852,#851,#1037,.T.);
#632=EDGE_CURVE('',#853,#852,#1038,.T.);
#633=EDGE_CURVE('',#853,#850,#1039,.T.);
#634=EDGE_CURVE('',#851,#854,#1040,.T.);
#635=EDGE_CURVE('',#855,#854,#1041,.T.);
#636=EDGE_CURVE('',#852,#855,#1042,.T.);
#637=EDGE_CURVE('',#856,#854,#1043,.T.);
#638=EDGE_CURVE('',#857,#856,#1044,.T.);
#639=EDGE_CURVE('',#857,#855,#1045,.T.);
#640=EDGE_CURVE('',#858,#859,#1046,.T.);
#641=EDGE_CURVE('',#860,#858,#1047,.T.);
#642=EDGE_CURVE('',#860,#861,#1048,.T.);
#643=EDGE_CURVE('',#861,#859,#1049,.T.);
#644=EDGE_CURVE('',#858,#862,#1050,.T.);
#645=EDGE_CURVE('',#863,#862,#1051,.T.);
#646=EDGE_CURVE('',#860,#863,#1052,.T.);
#647=EDGE_CURVE('',#862,#864,#1053,.T.);
#648=EDGE_CURVE('',#865,#864,#1054,.T.);
#649=EDGE_CURVE('',#863,#865,#1055,.T.);
#650=EDGE_CURVE('',#866,#867,#1056,.T.);
#651=EDGE_CURVE('',#868,#867,#1057,.T.);
#652=EDGE_CURVE('',#869,#868,#1058,.T.);
#653=EDGE_CURVE('',#869,#866,#1059,.T.);
#654=EDGE_CURVE('',#867,#870,#1060,.T.);
#655=EDGE_CURVE('',#871,#870,#1061,.T.);
#656=EDGE_CURVE('',#868,#871,#1062,.T.);
#657=EDGE_CURVE('',#870,#872,#1063,.T.);
#658=EDGE_CURVE('',#873,#872,#1064,.T.);
#659=EDGE_CURVE('',#871,#873,#1065,.T.);
#660=EDGE_CURVE('',#874,#875,#1066,.T.);
#661=EDGE_CURVE('',#876,#874,#1067,.T.);
#662=EDGE_CURVE('',#876,#877,#1068,.T.);
#663=EDGE_CURVE('',#877,#875,#1069,.T.);
#664=EDGE_CURVE('',#874,#878,#1070,.T.);
#665=EDGE_CURVE('',#879,#878,#1071,.T.);
#666=EDGE_CURVE('',#876,#879,#1072,.T.);
#667=EDGE_CURVE('',#880,#878,#1073,.T.);
#668=EDGE_CURVE('',#881,#880,#1074,.T.);
#669=EDGE_CURVE('',#881,#879,#1075,.T.);
#670=EDGE_CURVE('',#882,#883,#1076,.T.);
#671=EDGE_CURVE('',#884,#882,#1077,.T.);
#672=EDGE_CURVE('',#884,#885,#1078,.T.);
#673=EDGE_CURVE('',#885,#883,#1079,.T.);
#674=EDGE_CURVE('',#882,#886,#1080,.T.);
#675=EDGE_CURVE('',#887,#886,#1081,.T.);
#676=EDGE_CURVE('',#884,#887,#1082,.T.);
#677=EDGE_CURVE('',#886,#888,#1083,.T.);
#678=EDGE_CURVE('',#889,#888,#1084,.T.);
#679=EDGE_CURVE('',#887,#889,#1085,.T.);
#680=EDGE_CURVE('',#890,#891,#1086,.T.);
#681=EDGE_CURVE('',#892,#890,#1087,.T.);
#682=EDGE_CURVE('',#892,#893,#1088,.T.);
#683=EDGE_CURVE('',#893,#891,#1089,.T.);
#684=EDGE_CURVE('',#890,#894,#1090,.T.);
#685=EDGE_CURVE('',#895,#894,#1091,.T.);
#686=EDGE_CURVE('',#892,#895,#1092,.T.);
#687=EDGE_CURVE('',#894,#896,#1093,.T.);
#688=EDGE_CURVE('',#897,#896,#1094,.T.);
#689=EDGE_CURVE('',#895,#897,#1095,.T.);
#690=EDGE_CURVE('',#898,#899,#1096,.T.);
#691=EDGE_CURVE('',#900,#898,#1097,.T.);
#692=EDGE_CURVE('',#900,#901,#1098,.T.);
#693=EDGE_CURVE('',#901,#899,#1099,.T.);
#694=EDGE_CURVE('',#902,#898,#1100,.T.);
#695=EDGE_CURVE('',#903,#902,#1101,.T.);
#696=EDGE_CURVE('',#903,#900,#1102,.T.);
#697=EDGE_CURVE('',#902,#904,#12,.T.);
#698=EDGE_CURVE('',#905,#904,#1103,.T.);
#699=EDGE_CURVE('',#903,#905,#13,.T.);
#700=EDGE_CURVE('',#904,#906,#1104,.T.);
#701=EDGE_CURVE('',#907,#906,#1105,.T.);
#702=EDGE_CURVE('',#905,#907,#1106,.T.);
#703=EDGE_CURVE('',#908,#906,#1107,.T.);
#704=EDGE_CURVE('',#909,#908,#1108,.T.);
#705=EDGE_CURVE('',#909,#907,#1109,.T.);
#706=EDGE_CURVE('',#908,#910,#14,.T.);
#707=EDGE_CURVE('',#911,#910,#1110,.T.);
#708=EDGE_CURVE('',#909,#911,#15,.T.);
#709=EDGE_CURVE('',#910,#912,#1111,.T.);
#710=EDGE_CURVE('',#913,#912,#1112,.T.);
#711=EDGE_CURVE('',#911,#913,#1113,.T.);
#712=EDGE_CURVE('',#914,#912,#16,.T.);
#713=EDGE_CURVE('',#915,#914,#1114,.T.);
#714=EDGE_CURVE('',#915,#913,#17,.T.);
#715=EDGE_CURVE('',#914,#916,#1115,.T.);
#716=EDGE_CURVE('',#917,#916,#1116,.T.);
#717=EDGE_CURVE('',#915,#917,#1117,.T.);
#718=EDGE_CURVE('',#771,#776,#1118,.T.);
#719=EDGE_CURVE('',#773,#777,#1119,.T.);
#720=EDGE_CURVE('',#784,#779,#1120,.T.);
#721=EDGE_CURVE('',#785,#781,#1121,.T.);
#722=EDGE_CURVE('',#792,#787,#1122,.T.);
#723=EDGE_CURVE('',#793,#789,#1123,.T.);
#724=EDGE_CURVE('',#800,#795,#1124,.T.);
#725=EDGE_CURVE('',#801,#797,#1125,.T.);
#726=EDGE_CURVE('',#918,#918,#18,.T.);
#727=EDGE_CURVE('',#919,#919,#19,.T.);
#728=EDGE_CURVE('',#920,#920,#20,.T.);
#729=EDGE_CURVE('',#921,#921,#21,.T.);
#730=EDGE_CURVE('',#808,#802,#1126,.T.);
#731=EDGE_CURVE('',#809,#805,#1127,.T.);
#732=EDGE_CURVE('',#816,#811,#1128,.T.);
#733=EDGE_CURVE('',#817,#813,#1129,.T.);
#734=EDGE_CURVE('',#824,#818,#1130,.T.);
#735=EDGE_CURVE('',#825,#821,#1131,.T.);
#736=EDGE_CURVE('',#827,#832,#1132,.T.);
#737=EDGE_CURVE('',#829,#833,#1133,.T.);
#738=EDGE_CURVE('',#834,#840,#1134,.T.);
#739=EDGE_CURVE('',#837,#841,#1135,.T.);
#740=EDGE_CURVE('',#848,#843,#1136,.T.);
#741=EDGE_CURVE('',#849,#845,#1137,.T.);
#742=EDGE_CURVE('',#850,#856,#1138,.T.);
#743=EDGE_CURVE('',#853,#857,#1139,.T.);
#744=EDGE_CURVE('',#859,#864,#1140,.T.);
#745=EDGE_CURVE('',#861,#865,#1141,.T.);
#746=EDGE_CURVE('',#872,#866,#1142,.T.);
#747=EDGE_CURVE('',#873,#869,#1143,.T.);
#748=EDGE_CURVE('',#875,#880,#1144,.T.);
#749=EDGE_CURVE('',#877,#881,#1145,.T.);
#750=EDGE_CURVE('',#888,#883,#1146,.T.);
#751=EDGE_CURVE('',#889,#885,#1147,.T.);
#752=EDGE_CURVE('',#891,#896,#1148,.T.);
#753=EDGE_CURVE('',#893,#897,#1149,.T.);
#754=EDGE_CURVE('',#922,#922,#22,.T.);
#755=EDGE_CURVE('',#923,#923,#23,.T.);
#756=EDGE_CURVE('',#899,#916,#24,.T.);
#757=EDGE_CURVE('',#901,#917,#25,.T.);
#758=EDGE_CURVE('',#762,#768,#1150,.T.);
#759=EDGE_CURVE('',#765,#769,#1151,.T.);
#760=EDGE_CURVE('',#924,#924,#26,.T.);
#761=EDGE_CURVE('',#925,#925,#27,.F.);
#762=VERTEX_POINT('',#2342);
#763=VERTEX_POINT('',#2343);
#764=VERTEX_POINT('',#2345);
#765=VERTEX_POINT('',#2347);
#766=VERTEX_POINT('',#2351);
#767=VERTEX_POINT('',#2353);
#768=VERTEX_POINT('',#2357);
#769=VERTEX_POINT('',#2359);
#770=VERTEX_POINT('',#2363);
#771=VERTEX_POINT('',#2364);
#772=VERTEX_POINT('',#2366);
#773=VERTEX_POINT('',#2368);
#774=VERTEX_POINT('',#2372);
#775=VERTEX_POINT('',#2374);
#776=VERTEX_POINT('',#2378);
#777=VERTEX_POINT('',#2380);
#778=VERTEX_POINT('',#2384);
#779=VERTEX_POINT('',#2385);
#780=VERTEX_POINT('',#2387);
#781=VERTEX_POINT('',#2389);
#782=VERTEX_POINT('',#2393);
#783=VERTEX_POINT('',#2395);
#784=VERTEX_POINT('',#2399);
#785=VERTEX_POINT('',#2401);
#786=VERTEX_POINT('',#2405);
#787=VERTEX_POINT('',#2406);
#788=VERTEX_POINT('',#2408);
#789=VERTEX_POINT('',#2410);
#790=VERTEX_POINT('',#2414);
#791=VERTEX_POINT('',#2416);
#792=VERTEX_POINT('',#2420);
#793=VERTEX_POINT('',#2422);
#794=VERTEX_POINT('',#2426);
#795=VERTEX_POINT('',#2427);
#796=VERTEX_POINT('',#2429);
#797=VERTEX_POINT('',#2431);
#798=VERTEX_POINT('',#2435);
#799=VERTEX_POINT('',#2437);
#800=VERTEX_POINT('',#2441);
#801=VERTEX_POINT('',#2443);
#802=VERTEX_POINT('',#2447);
#803=VERTEX_POINT('',#2448);
#804=VERTEX_POINT('',#2450);
#805=VERTEX_POINT('',#2452);
#806=VERTEX_POINT('',#2456);
#807=VERTEX_POINT('',#2458);
#808=VERTEX_POINT('',#2462);
#809=VERTEX_POINT('',#2464);
#810=VERTEX_POINT('',#2468);
#811=VERTEX_POINT('',#2469);
#812=VERTEX_POINT('',#2471);
#813=VERTEX_POINT('',#2473);
#814=VERTEX_POINT('',#2477);
#815=VERTEX_POINT('',#2479);
#816=VERTEX_POINT('',#2483);
#817=VERTEX_POINT('',#2485);
#818=VERTEX_POINT('',#2489);
#819=VERTEX_POINT('',#2490);
#820=VERTEX_POINT('',#2492);
#821=VERTEX_POINT('',#2494);
#822=VERTEX_POINT('',#2498);
#823=VERTEX_POINT('',#2500);
#824=VERTEX_POINT('',#2504);
#825=VERTEX_POINT('',#2506);
#826=VERTEX_POINT('',#2510);
#827=VERTEX_POINT('',#2511);
#828=VERTEX_POINT('',#2513);
#829=VERTEX_POINT('',#2515);
#830=VERTEX_POINT('',#2519);
#831=VERTEX_POINT('',#2521);
#832=VERTEX_POINT('',#2525);
#833=VERTEX_POINT('',#2527);
#834=VERTEX_POINT('',#2531);
#835=VERTEX_POINT('',#2532);
#836=VERTEX_POINT('',#2534);
#837=VERTEX_POINT('',#2536);
#838=VERTEX_POINT('',#2540);
#839=VERTEX_POINT('',#2542);
#840=VERTEX_POINT('',#2546);
#841=VERTEX_POINT('',#2548);
#842=VERTEX_POINT('',#2552);
#843=VERTEX_POINT('',#2553);
#844=VERTEX_POINT('',#2555);
#845=VERTEX_POINT('',#2557);
#846=VERTEX_POINT('',#2561);
#847=VERTEX_POINT('',#2563);
#848=VERTEX_POINT('',#2567);
#849=VERTEX_POINT('',#2569);
#850=VERTEX_POINT('',#2573);
#851=VERTEX_POINT('',#2574);
#852=VERTEX_POINT('',#2576);
#853=VERTEX_POINT('',#2578);
#854=VERTEX_POINT('',#2582);
#855=VERTEX_POINT('',#2584);
#856=VERTEX_POINT('',#2588);
#857=VERTEX_POINT('',#2590);
#858=VERTEX_POINT('',#2594);
#859=VERTEX_POINT('',#2595);
#860=VERTEX_POINT('',#2597);
#861=VERTEX_POINT('',#2599);
#862=VERTEX_POINT('',#2603);
#863=VERTEX_POINT('',#2605);
#864=VERTEX_POINT('',#2609);
#865=VERTEX_POINT('',#2611);
#866=VERTEX_POINT('',#2615);
#867=VERTEX_POINT('',#2616);
#868=VERTEX_POINT('',#2618);
#869=VERTEX_POINT('',#2620);
#870=VERTEX_POINT('',#2624);
#871=VERTEX_POINT('',#2626);
#872=VERTEX_POINT('',#2630);
#873=VERTEX_POINT('',#2632);
#874=VERTEX_POINT('',#2636);
#875=VERTEX_POINT('',#2637);
#876=VERTEX_POINT('',#2639);
#877=VERTEX_POINT('',#2641);
#878=VERTEX_POINT('',#2645);
#879=VERTEX_POINT('',#2647);
#880=VERTEX_POINT('',#2651);
#881=VERTEX_POINT('',#2653);
#882=VERTEX_POINT('',#2657);
#883=VERTEX_POINT('',#2658);
#884=VERTEX_POINT('',#2660);
#885=VERTEX_POINT('',#2662);
#886=VERTEX_POINT('',#2666);
#887=VERTEX_POINT('',#2668);
#888=VERTEX_POINT('',#2672);
#889=VERTEX_POINT('',#2674);
#890=VERTEX_POINT('',#2678);
#891=VERTEX_POINT('',#2679);
#892=VERTEX_POINT('',#2681);
#893=VERTEX_POINT('',#2683);
#894=VERTEX_POINT('',#2687);
#895=VERTEX_POINT('',#2689);
#896=VERTEX_POINT('',#2693);
#897=VERTEX_POINT('',#2695);
#898=VERTEX_POINT('',#2699);
#899=VERTEX_POINT('',#2700);
#900=VERTEX_POINT('',#2702);
#901=VERTEX_POINT('',#2704);
#902=VERTEX_POINT('',#2708);
#903=VERTEX_POINT('',#2710);
#904=VERTEX_POINT('',#2714);
#905=VERTEX_POINT('',#2716);
#906=VERTEX_POINT('',#2720);
#907=VERTEX_POINT('',#2722);
#908=VERTEX_POINT('',#2726);
#909=VERTEX_POINT('',#2728);
#910=VERTEX_POINT('',#2732);
#911=VERTEX_POINT('',#2734);
#912=VERTEX_POINT('',#2738);
#913=VERTEX_POINT('',#2740);
#914=VERTEX_POINT('',#2744);
#915=VERTEX_POINT('',#2746);
#916=VERTEX_POINT('',#2750);
#917=VERTEX_POINT('',#2752);
#918=VERTEX_POINT('',#2768);
#919=VERTEX_POINT('',#2770);
#920=VERTEX_POINT('',#2773);
#921=VERTEX_POINT('',#2775);
#922=VERTEX_POINT('',#2814);
#923=VERTEX_POINT('',#2816);
#924=VERTEX_POINT('',#2825);
#925=VERTEX_POINT('',#2828);
#926=LINE('',#2341,#1152);
#927=LINE('',#2344,#1153);
#928=LINE('',#2346,#1154);
#929=LINE('',#2348,#1155);
#930=LINE('',#2350,#1156);
#931=LINE('',#2352,#1157);
#932=LINE('',#2354,#1158);
#933=LINE('',#2356,#1159);
#934=LINE('',#2358,#1160);
#935=LINE('',#2360,#1161);
#936=LINE('',#2362,#1162);
#937=LINE('',#2365,#1163);
#938=LINE('',#2367,#1164);
#939=LINE('',#2369,#1165);
#940=LINE('',#2371,#1166);
#941=LINE('',#2373,#1167);
#942=LINE('',#2375,#1168);
#943=LINE('',#2377,#1169);
#944=LINE('',#2379,#1170);
#945=LINE('',#2381,#1171);
#946=LINE('',#2383,#1172);
#947=LINE('',#2386,#1173);
#948=LINE('',#2388,#1174);
#949=LINE('',#2390,#1175);
#950=LINE('',#2392,#1176);
#951=LINE('',#2394,#1177);
#952=LINE('',#2396,#1178);
#953=LINE('',#2398,#1179);
#954=LINE('',#2400,#1180);
#955=LINE('',#2402,#1181);
#956=LINE('',#2404,#1182);
#957=LINE('',#2407,#1183);
#958=LINE('',#2409,#1184);
#959=LINE('',#2411,#1185);
#960=LINE('',#2413,#1186);
#961=LINE('',#2415,#1187);
#962=LINE('',#2417,#1188);
#963=LINE('',#2419,#1189);
#964=LINE('',#2421,#1190);
#965=LINE('',#2423,#1191);
#966=LINE('',#2425,#1192);
#967=LINE('',#2428,#1193);
#968=LINE('',#2430,#1194);
#969=LINE('',#2432,#1195);
#970=LINE('',#2434,#1196);
#971=LINE('',#2436,#1197);
#972=LINE('',#2438,#1198);
#973=LINE('',#2440,#1199);
#974=LINE('',#2442,#1200);
#975=LINE('',#2444,#1201);
#976=LINE('',#2446,#1202);
#977=LINE('',#2449,#1203);
#978=LINE('',#2451,#1204);
#979=LINE('',#2453,#1205);
#980=LINE('',#2455,#1206);
#981=LINE('',#2457,#1207);
#982=LINE('',#2459,#1208);
#983=LINE('',#2461,#1209);
#984=LINE('',#2463,#1210);
#985=LINE('',#2465,#1211);
#986=LINE('',#2467,#1212);
#987=LINE('',#2470,#1213);
#988=LINE('',#2472,#1214);
#989=LINE('',#2474,#1215);
#990=LINE('',#2476,#1216);
#991=LINE('',#2478,#1217);
#992=LINE('',#2480,#1218);
#993=LINE('',#2482,#1219);
#994=LINE('',#2484,#1220);
#995=LINE('',#2486,#1221);
#996=LINE('',#2488,#1222);
#997=LINE('',#2491,#1223);
#998=LINE('',#2493,#1224);
#999=LINE('',#2495,#1225);
#1000=LINE('',#2497,#1226);
#1001=LINE('',#2499,#1227);
#1002=LINE('',#2501,#1228);
#1003=LINE('',#2503,#1229);
#1004=LINE('',#2505,#1230);
#1005=LINE('',#2507,#1231);
#1006=LINE('',#2509,#1232);
#1007=LINE('',#2512,#1233);
#1008=LINE('',#2514,#1234);
#1009=LINE('',#2516,#1235);
#1010=LINE('',#2518,#1236);
#1011=LINE('',#2520,#1237);
#1012=LINE('',#2522,#1238);
#1013=LINE('',#2524,#1239);
#1014=LINE('',#2526,#1240);
#1015=LINE('',#2528,#1241);
#1016=LINE('',#2530,#1242);
#1017=LINE('',#2533,#1243);
#1018=LINE('',#2535,#1244);
#1019=LINE('',#2537,#1245);
#1020=LINE('',#2539,#1246);
#1021=LINE('',#2541,#1247);
#1022=LINE('',#2543,#1248);
#1023=LINE('',#2545,#1249);
#1024=LINE('',#2547,#1250);
#1025=LINE('',#2549,#1251);
#1026=LINE('',#2551,#1252);
#1027=LINE('',#2554,#1253);
#1028=LINE('',#2556,#1254);
#1029=LINE('',#2558,#1255);
#1030=LINE('',#2560,#1256);
#1031=LINE('',#2562,#1257);
#1032=LINE('',#2564,#1258);
#1033=LINE('',#2566,#1259);
#1034=LINE('',#2568,#1260);
#1035=LINE('',#2570,#1261);
#1036=LINE('',#2572,#1262);
#1037=LINE('',#2575,#1263);
#1038=LINE('',#2577,#1264);
#1039=LINE('',#2579,#1265);
#1040=LINE('',#2581,#1266);
#1041=LINE('',#2583,#1267);
#1042=LINE('',#2585,#1268);
#1043=LINE('',#2587,#1269);
#1044=LINE('',#2589,#1270);
#1045=LINE('',#2591,#1271);
#1046=LINE('',#2593,#1272);
#1047=LINE('',#2596,#1273);
#1048=LINE('',#2598,#1274);
#1049=LINE('',#2600,#1275);
#1050=LINE('',#2602,#1276);
#1051=LINE('',#2604,#1277);
#1052=LINE('',#2606,#1278);
#1053=LINE('',#2608,#1279);
#1054=LINE('',#2610,#1280);
#1055=LINE('',#2612,#1281);
#1056=LINE('',#2614,#1282);
#1057=LINE('',#2617,#1283);
#1058=LINE('',#2619,#1284);
#1059=LINE('',#2621,#1285);
#1060=LINE('',#2623,#1286);
#1061=LINE('',#2625,#1287);
#1062=LINE('',#2627,#1288);
#1063=LINE('',#2629,#1289);
#1064=LINE('',#2631,#1290);
#1065=LINE('',#2633,#1291);
#1066=LINE('',#2635,#1292);
#1067=LINE('',#2638,#1293);
#1068=LINE('',#2640,#1294);
#1069=LINE('',#2642,#1295);
#1070=LINE('',#2644,#1296);
#1071=LINE('',#2646,#1297);
#1072=LINE('',#2648,#1298);
#1073=LINE('',#2650,#1299);
#1074=LINE('',#2652,#1300);
#1075=LINE('',#2654,#1301);
#1076=LINE('',#2656,#1302);
#1077=LINE('',#2659,#1303);
#1078=LINE('',#2661,#1304);
#1079=LINE('',#2663,#1305);
#1080=LINE('',#2665,#1306);
#1081=LINE('',#2667,#1307);
#1082=LINE('',#2669,#1308);
#1083=LINE('',#2671,#1309);
#1084=LINE('',#2673,#1310);
#1085=LINE('',#2675,#1311);
#1086=LINE('',#2677,#1312);
#1087=LINE('',#2680,#1313);
#1088=LINE('',#2682,#1314);
#1089=LINE('',#2684,#1315);
#1090=LINE('',#2686,#1316);
#1091=LINE('',#2688,#1317);
#1092=LINE('',#2690,#1318);
#1093=LINE('',#2692,#1319);
#1094=LINE('',#2694,#1320);
#1095=LINE('',#2696,#1321);
#1096=LINE('',#2698,#1322);
#1097=LINE('',#2701,#1323);
#1098=LINE('',#2703,#1324);
#1099=LINE('',#2705,#1325);
#1100=LINE('',#2707,#1326);
#1101=LINE('',#2709,#1327);
#1102=LINE('',#2711,#1328);
#1103=LINE('',#2715,#1329);
#1104=LINE('',#2719,#1330);
#1105=LINE('',#2721,#1331);
#1106=LINE('',#2723,#1332);
#1107=LINE('',#2725,#1333);
#1108=LINE('',#2727,#1334);
#1109=LINE('',#2729,#1335);
#1110=LINE('',#2733,#1336);
#1111=LINE('',#2737,#1337);
#1112=LINE('',#2739,#1338);
#1113=LINE('',#2741,#1339);
#1114=LINE('',#2745,#1340);
#1115=LINE('',#2749,#1341);
#1116=LINE('',#2751,#1342);
#1117=LINE('',#2753,#1343);
#1118=LINE('',#2755,#1344);
#1119=LINE('',#2756,#1345);
#1120=LINE('',#2758,#1346);
#1121=LINE('',#2759,#1347);
#1122=LINE('',#2761,#1348);
#1123=LINE('',#2762,#1349);
#1124=LINE('',#2764,#1350);
#1125=LINE('',#2765,#1351);
#1126=LINE('',#2777,#1352);
#1127=LINE('',#2778,#1353);
#1128=LINE('',#2780,#1354);
#1129=LINE('',#2781,#1355);
#1130=LINE('',#2783,#1356);
#1131=LINE('',#2784,#1357);
#1132=LINE('',#2786,#1358);
#1133=LINE('',#2787,#1359);
#1134=LINE('',#2789,#1360);
#1135=LINE('',#2790,#1361);
#1136=LINE('',#2792,#1362);
#1137=LINE('',#2793,#1363);
#1138=LINE('',#2795,#1364);
#1139=LINE('',#2796,#1365);
#1140=LINE('',#2798,#1366);
#1141=LINE('',#2799,#1367);
#1142=LINE('',#2801,#1368);
#1143=LINE('',#2802,#1369);
#1144=LINE('',#2804,#1370);
#1145=LINE('',#2805,#1371);
#1146=LINE('',#2807,#1372);
#1147=LINE('',#2808,#1373);
#1148=LINE('',#2810,#1374);
#1149=LINE('',#2811,#1375);
#1150=LINE('',#2821,#1376);
#1151=LINE('',#2822,#1377);
#1152=VECTOR('',#1915,1000.);
#1153=VECTOR('',#1916,1000.);
#1154=VECTOR('',#1917,1000.);
#1155=VECTOR('',#1918,1000.);
#1156=VECTOR('',#1921,1000.);
#1157=VECTOR('',#1922,1000.);
#1158=VECTOR('',#1923,1000.);
#1159=VECTOR('',#1926,1000.);
#1160=VECTOR('',#1927,1000.);
#1161=VECTOR('',#1928,1000.);
#1162=VECTOR('',#1931,1000.);
#1163=VECTOR('',#1932,1000.);
#1164=VECTOR('',#1933,1000.);
#1165=VECTOR('',#1934,1000.);
#1166=VECTOR('',#1937,1000.);
#1167=VECTOR('',#1938,1000.);
#1168=VECTOR('',#1939,1000.);
#1169=VECTOR('',#1942,1000.);
#1170=VECTOR('',#1943,1000.);
#1171=VECTOR('',#1944,1000.);
#1172=VECTOR('',#1947,1000.);
#1173=VECTOR('',#1948,1000.);
#1174=VECTOR('',#1949,1000.);
#1175=VECTOR('',#1950,1000.);
#1176=VECTOR('',#1953,1000.);
#1177=VECTOR('',#1954,1000.);
#1178=VECTOR('',#1955,1000.);
#1179=VECTOR('',#1958,1000.);
#1180=VECTOR('',#1959,1000.);
#1181=VECTOR('',#1960,1000.);
#1182=VECTOR('',#1963,1000.);
#1183=VECTOR('',#1964,1000.);
#1184=VECTOR('',#1965,1000.);
#1185=VECTOR('',#1966,1000.);
#1186=VECTOR('',#1969,1000.);
#1187=VECTOR('',#1970,1000.);
#1188=VECTOR('',#1971,1000.);
#1189=VECTOR('',#1974,1000.);
#1190=VECTOR('',#1975,1000.);
#1191=VECTOR('',#1976,1000.);
#1192=VECTOR('',#1979,1000.);
#1193=VECTOR('',#1980,1000.);
#1194=VECTOR('',#1981,1000.);
#1195=VECTOR('',#1982,1000.);
#1196=VECTOR('',#1985,1000.);
#1197=VECTOR('',#1986,1000.);
#1198=VECTOR('',#1987,1000.);
#1199=VECTOR('',#1990,1000.);
#1200=VECTOR('',#1991,1000.);
#1201=VECTOR('',#1992,1000.);
#1202=VECTOR('',#1995,1000.);
#1203=VECTOR('',#1996,1000.);
#1204=VECTOR('',#1997,1000.);
#1205=VECTOR('',#1998,1000.);
#1206=VECTOR('',#2001,1000.);
#1207=VECTOR('',#2002,1000.);
#1208=VECTOR('',#2003,1000.);
#1209=VECTOR('',#2006,1000.);
#1210=VECTOR('',#2007,1000.);
#1211=VECTOR('',#2008,1000.);
#1212=VECTOR('',#2011,1000.);
#1213=VECTOR('',#2012,1000.);
#1214=VECTOR('',#2013,1000.);
#1215=VECTOR('',#2014,1000.);
#1216=VECTOR('',#2017,1000.);
#1217=VECTOR('',#2018,1000.);
#1218=VECTOR('',#2019,1000.);
#1219=VECTOR('',#2022,1000.);
#1220=VECTOR('',#2023,1000.);
#1221=VECTOR('',#2024,1000.);
#1222=VECTOR('',#2027,1000.);
#1223=VECTOR('',#2028,1000.);
#1224=VECTOR('',#2029,1000.);
#1225=VECTOR('',#2030,1000.);
#1226=VECTOR('',#2033,1000.);
#1227=VECTOR('',#2034,1000.);
#1228=VECTOR('',#2035,1000.);
#1229=VECTOR('',#2038,1000.);
#1230=VECTOR('',#2039,1000.);
#1231=VECTOR('',#2040,1000.);
#1232=VECTOR('',#2043,1000.);
#1233=VECTOR('',#2044,1000.);
#1234=VECTOR('',#2045,1000.);
#1235=VECTOR('',#2046,1000.);
#1236=VECTOR('',#2049,1000.);
#1237=VECTOR('',#2050,1000.);
#1238=VECTOR('',#2051,1000.);
#1239=VECTOR('',#2054,1000.);
#1240=VECTOR('',#2055,1000.);
#1241=VECTOR('',#2056,1000.);
#1242=VECTOR('',#2059,1000.);
#1243=VECTOR('',#2060,1000.);
#1244=VECTOR('',#2061,1000.);
#1245=VECTOR('',#2062,1000.);
#1246=VECTOR('',#2065,1000.);
#1247=VECTOR('',#2066,1000.);
#1248=VECTOR('',#2067,1000.);
#1249=VECTOR('',#2070,1000.);
#1250=VECTOR('',#2071,1000.);
#1251=VECTOR('',#2072,1000.);
#1252=VECTOR('',#2075,1000.);
#1253=VECTOR('',#2076,1000.);
#1254=VECTOR('',#2077,1000.);
#1255=VECTOR('',#2078,1000.);
#1256=VECTOR('',#2081,1000.);
#1257=VECTOR('',#2082,1000.);
#1258=VECTOR('',#2083,1000.);
#1259=VECTOR('',#2086,1000.);
#1260=VECTOR('',#2087,1000.);
#1261=VECTOR('',#2088,1000.);
#1262=VECTOR('',#2091,1000.);
#1263=VECTOR('',#2092,1000.);
#1264=VECTOR('',#2093,1000.);
#1265=VECTOR('',#2094,1000.);
#1266=VECTOR('',#2097,1000.);
#1267=VECTOR('',#2098,1000.);
#1268=VECTOR('',#2099,1000.);
#1269=VECTOR('',#2102,1000.);
#1270=VECTOR('',#2103,1000.);
#1271=VECTOR('',#2104,1000.);
#1272=VECTOR('',#2107,1000.);
#1273=VECTOR('',#2108,1000.);
#1274=VECTOR('',#2109,1000.);
#1275=VECTOR('',#2110,1000.);
#1276=VECTOR('',#2113,1000.);
#1277=VECTOR('',#2114,1000.);
#1278=VECTOR('',#2115,1000.);
#1279=VECTOR('',#2118,1000.);
#1280=VECTOR('',#2119,1000.);
#1281=VECTOR('',#2120,1000.);
#1282=VECTOR('',#2123,1000.);
#1283=VECTOR('',#2124,1000.);
#1284=VECTOR('',#2125,1000.);
#1285=VECTOR('',#2126,1000.);
#1286=VECTOR('',#2129,1000.);
#1287=VECTOR('',#2130,1000.);
#1288=VECTOR('',#2131,1000.);
#1289=VECTOR('',#2134,1000.);
#1290=VECTOR('',#2135,1000.);
#1291=VECTOR('',#2136,1000.);
#1292=VECTOR('',#2139,1000.);
#1293=VECTOR('',#2140,1000.);
#1294=VECTOR('',#2141,1000.);
#1295=VECTOR('',#2142,1000.);
#1296=VECTOR('',#2145,1000.);
#1297=VECTOR('',#2146,1000.);
#1298=VECTOR('',#2147,1000.);
#1299=VECTOR('',#2150,1000.);
#1300=VECTOR('',#2151,1000.);
#1301=VECTOR('',#2152,1000.);
#1302=VECTOR('',#2155,1000.);
#1303=VECTOR('',#2156,1000.);
#1304=VECTOR('',#2157,1000.);
#1305=VECTOR('',#2158,1000.);
#1306=VECTOR('',#2161,1000.);
#1307=VECTOR('',#2162,1000.);
#1308=VECTOR('',#2163,1000.);
#1309=VECTOR('',#2166,1000.);
#1310=VECTOR('',#2167,1000.);
#1311=VECTOR('',#2168,1000.);
#1312=VECTOR('',#2171,1000.);
#1313=VECTOR('',#2172,1000.);
#1314=VECTOR('',#2173,1000.);
#1315=VECTOR('',#2174,1000.);
#1316=VECTOR('',#2177,1000.);
#1317=VECTOR('',#2178,1000.);
#1318=VECTOR('',#2179,1000.);
#1319=VECTOR('',#2182,1000.);
#1320=VECTOR('',#2183,1000.);
#1321=VECTOR('',#2184,1000.);
#1322=VECTOR('',#2187,1000.);
#1323=VECTOR('',#2188,1000.);
#1324=VECTOR('',#2189,1000.);
#1325=VECTOR('',#2190,1000.);
#1326=VECTOR('',#2193,1000.);
#1327=VECTOR('',#2194,1000.);
#1328=VECTOR('',#2195,1000.);
#1329=VECTOR('',#2200,1000.);
#1330=VECTOR('',#2205,1000.);
#1331=VECTOR('',#2206,1000.);
#1332=VECTOR('',#2207,1000.);
#1333=VECTOR('',#2210,1000.);
#1334=VECTOR('',#2211,1000.);
#1335=VECTOR('',#2212,1000.);
#1336=VECTOR('',#2217,1000.);
#1337=VECTOR('',#2222,1000.);
#1338=VECTOR('',#2223,1000.);
#1339=VECTOR('',#2224,1000.);
#1340=VECTOR('',#2229,1000.);
#1341=VECTOR('',#2234,1000.);
#1342=VECTOR('',#2235,1000.);
#1343=VECTOR('',#2236,1000.);
#1344=VECTOR('',#2239,1000.);
#1345=VECTOR('',#2240,1000.);
#1346=VECTOR('',#2243,1000.);
#1347=VECTOR('',#2244,1000.);
#1348=VECTOR('',#2247,1000.);
#1349=VECTOR('',#2248,1000.);
#1350=VECTOR('',#2251,1000.);
#1351=VECTOR('',#2252,1000.);
#1352=VECTOR('',#2267,1000.);
#1353=VECTOR('',#2268,1000.);
#1354=VECTOR('',#2271,1000.);
#1355=VECTOR('',#2272,1000.);
#1356=VECTOR('',#2275,1000.);
#1357=VECTOR('',#2276,1000.);
#1358=VECTOR('',#2279,1000.);
#1359=VECTOR('',#2280,1000.);
#1360=VECTOR('',#2283,1000.);
#1361=VECTOR('',#2284,1000.);
#1362=VECTOR('',#2287,1000.);
#1363=VECTOR('',#2288,1000.);
#1364=VECTOR('',#2291,1000.);
#1365=VECTOR('',#2292,1000.);
#1366=VECTOR('',#2295,1000.);
#1367=VECTOR('',#2296,1000.);
#1368=VECTOR('',#2299,1000.);
#1369=VECTOR('',#2300,1000.);
#1370=VECTOR('',#2303,1000.);
#1371=VECTOR('',#2304,1000.);
#1372=VECTOR('',#2307,1000.);
#1373=VECTOR('',#2308,1000.);
#1374=VECTOR('',#2311,1000.);
#1375=VECTOR('',#2312,1000.);
#1376=VECTOR('',#2327,1000.);
#1377=VECTOR('',#2328,1000.);
#1378=EDGE_LOOP('',(#36,#37,#38,#39));
#1379=EDGE_LOOP('',(#40,#41,#42,#43));
#1380=EDGE_LOOP('',(#44,#45,#46,#47));
#1381=EDGE_LOOP('',(#48,#49,#50,#51));
#1382=EDGE_LOOP('',(#52,#53,#54,#55));
#1383=EDGE_LOOP('',(#56,#57,#58,#59));
#1384=EDGE_LOOP('',(#60,#61,#62,#63));
#1385=EDGE_LOOP('',(#64,#65,#66,#67));
#1386=EDGE_LOOP('',(#68,#69,#70,#71));
#1387=EDGE_LOOP('',(#72,#73,#74,#75));
#1388=EDGE_LOOP('',(#76,#77,#78,#79));
#1389=EDGE_LOOP('',(#80,#81,#82,#83));
#1390=EDGE_LOOP('',(#84,#85,#86,#87));
#1391=EDGE_LOOP('',(#88,#89,#90,#91));
#1392=EDGE_LOOP('',(#92,#93,#94,#95));
#1393=EDGE_LOOP('',(#96,#97,#98,#99));
#1394=EDGE_LOOP('',(#100,#101,#102,#103));
#1395=EDGE_LOOP('',(#104,#105,#106,#107));
#1396=EDGE_LOOP('',(#108,#109,#110,#111));
#1397=EDGE_LOOP('',(#112,#113,#114,#115));
#1398=EDGE_LOOP('',(#116,#117,#118,#119));
#1399=EDGE_LOOP('',(#120,#121,#122,#123));
#1400=EDGE_LOOP('',(#124,#125,#126,#127));
#1401=EDGE_LOOP('',(#128,#129,#130,#131));
#1402=EDGE_LOOP('',(#132,#133,#134,#135));
#1403=EDGE_LOOP('',(#136,#137,#138,#139));
#1404=EDGE_LOOP('',(#140,#141,#142,#143));
#1405=EDGE_LOOP('',(#144,#145,#146,#147));
#1406=EDGE_LOOP('',(#148,#149,#150,#151));
#1407=EDGE_LOOP('',(#152,#153,#154,#155));
#1408=EDGE_LOOP('',(#156,#157,#158,#159));
#1409=EDGE_LOOP('',(#160,#161,#162,#163));
#1410=EDGE_LOOP('',(#164,#165,#166,#167));
#1411=EDGE_LOOP('',(#168,#169,#170,#171));
#1412=EDGE_LOOP('',(#172,#173,#174,#175));
#1413=EDGE_LOOP('',(#176,#177,#178,#179));
#1414=EDGE_LOOP('',(#180,#181,#182,#183));
#1415=EDGE_LOOP('',(#184,#185,#186,#187));
#1416=EDGE_LOOP('',(#188,#189,#190,#191));
#1417=EDGE_LOOP('',(#192,#193,#194,#195));
#1418=EDGE_LOOP('',(#196,#197,#198,#199));
#1419=EDGE_LOOP('',(#200,#201,#202,#203));
#1420=EDGE_LOOP('',(#204,#205,#206,#207));
#1421=EDGE_LOOP('',(#208,#209,#210,#211));
#1422=EDGE_LOOP('',(#212,#213,#214,#215));
#1423=EDGE_LOOP('',(#216,#217,#218,#219));
#1424=EDGE_LOOP('',(#220,#221,#222,#223));
#1425=EDGE_LOOP('',(#224,#225,#226,#227));
#1426=EDGE_LOOP('',(#228,#229,#230,#231));
#1427=EDGE_LOOP('',(#232,#233,#234,#235));
#1428=EDGE_LOOP('',(#236,#237,#238,#239));
#1429=EDGE_LOOP('',(#240,#241,#242,#243));
#1430=EDGE_LOOP('',(#244,#245,#246,#247));
#1431=EDGE_LOOP('',(#248,#249,#250,#251));
#1432=EDGE_LOOP('',(#252,#253,#254,#255));
#1433=EDGE_LOOP('',(#256,#257,#258,#259));
#1434=EDGE_LOOP('',(#260,#261,#262,#263));
#1435=EDGE_LOOP('',(#264,#265,#266,#267));
#1436=EDGE_LOOP('',(#268,#269,#270,#271));
#1437=EDGE_LOOP('',(#272,#273,#274,#275));
#1438=EDGE_LOOP('',(#276,#277,#278,#279));
#1439=EDGE_LOOP('',(#280,#281,#282,#283));
#1440=EDGE_LOOP('',(#284,#285,#286,#287));
#1441=EDGE_LOOP('',(#288,#289,#290,#291));
#1442=EDGE_LOOP('',(#292));
#1443=EDGE_LOOP('',(#293));
#1444=EDGE_LOOP('',(#294));
#1445=EDGE_LOOP('',(#295));
#1446=EDGE_LOOP('',(#296,#297,#298,#299));
#1447=EDGE_LOOP('',(#300,#301,#302,#303));
#1448=EDGE_LOOP('',(#304,#305,#306,#307));
#1449=EDGE_LOOP('',(#308,#309,#310,#311));
#1450=EDGE_LOOP('',(#312,#313,#314,#315));
#1451=EDGE_LOOP('',(#316,#317,#318,#319));
#1452=EDGE_LOOP('',(#320,#321,#322,#323));
#1453=EDGE_LOOP('',(#324,#325,#326,#327));
#1454=EDGE_LOOP('',(#328,#329,#330,#331));
#1455=EDGE_LOOP('',(#332,#333,#334,#335));
#1456=EDGE_LOOP('',(#336,#337,#338,#339));
#1457=EDGE_LOOP('',(#340,#341,#342,#343));
#1458=EDGE_LOOP('',(#344));
#1459=EDGE_LOOP('',(#345));
#1460=EDGE_LOOP('',(#346,#347,#348,#349));
#1461=EDGE_LOOP('',(#350,#351,#352,#353));
#1462=EDGE_LOOP('',(#354));
#1463=EDGE_LOOP('',(#355,#356,#357,#358,#359,#360,#361,#362,#363,#364));
#1464=EDGE_LOOP('',(#365));
#1465=EDGE_LOOP('',(#366,#367,#368,#369));
#1466=EDGE_LOOP('',(#370,#371,#372,#373));
#1467=EDGE_LOOP('',(#374,#375,#376,#377));
#1468=EDGE_LOOP('',(#378,#379,#380,#381));
#1469=EDGE_LOOP('',(#382,#383,#384,#385));
#1470=EDGE_LOOP('',(#386,#387,#388,#389));
#1471=EDGE_LOOP('',(#390,#391,#392,#393));
#1472=EDGE_LOOP('',(#394,#395,#396,#397));
#1473=EDGE_LOOP('',(#398,#399,#400,#401));
#1474=EDGE_LOOP('',(#402,#403,#404,#405));
#1475=EDGE_LOOP('',(#406,#407,#408,#409));
#1476=EDGE_LOOP('',(#410,#411,#412,#413));
#1477=EDGE_LOOP('',(#414));
#1478=EDGE_LOOP('',(#415));
#1479=EDGE_LOOP('',(#416,#417,#418,#419));
#1480=EDGE_LOOP('',(#420,#421,#422,#423));
#1481=EDGE_LOOP('',(#424,#425,#426,#427));
#1482=EDGE_LOOP('',(#428,#429,#430,#431));
#1483=EDGE_LOOP('',(#432,#433,#434,#435));
#1484=EDGE_LOOP('',(#436));
#1485=EDGE_LOOP('',(#437,#438,#439,#440,#441,#442,#443,#444,#445,#446));
#1486=EDGE_LOOP('',(#447));
#1487=EDGE_LOOP('',(#448,#449,#450,#451));
#1488=EDGE_LOOP('',(#452,#453,#454,#455));
#1489=EDGE_LOOP('',(#456,#457,#458,#459));
#1490=EDGE_LOOP('',(#460,#461,#462,#463));
#1491=EDGE_LOOP('',(#464,#465,#466,#467));
#1492=EDGE_LOOP('',(#468,#469,#470,#471));
#1493=EDGE_LOOP('',(#472,#473,#474,#475));
#1494=EDGE_LOOP('',(#476,#477,#478,#479));
#1495=EDGE_LOOP('',(#480,#481,#482,#483));
#1496=EDGE_LOOP('',(#484,#485,#486,#487));
#1497=EDGE_LOOP('',(#488,#489,#490,#491));
#1498=EDGE_LOOP('',(#492,#493,#494,#495));
#1499=EDGE_LOOP('',(#496));
#1500=EDGE_LOOP('',(#497));
#1501=EDGE_LOOP('',(#498,#499,#500,#501));
#1502=EDGE_LOOP('',(#502,#503,#504,#505));
#1503=EDGE_LOOP('',(#506,#507,#508,#509));
#1504=EDGE_LOOP('',(#510,#511,#512,#513));
#1505=EDGE_LOOP('',(#514,#515,#516,#517));
#1506=EDGE_LOOP('',(#518));
#1507=EDGE_LOOP('',(#519));
#1508=FACE_BOUND('',#1378,.T.);
#1509=FACE_BOUND('',#1379,.T.);
#1510=FACE_BOUND('',#1380,.T.);
#1511=FACE_BOUND('',#1381,.T.);
#1512=FACE_BOUND('',#1382,.T.);
#1513=FACE_BOUND('',#1383,.T.);
#1514=FACE_BOUND('',#1384,.T.);
#1515=FACE_BOUND('',#1385,.T.);
#1516=FACE_BOUND('',#1386,.T.);
#1517=FACE_BOUND('',#1387,.T.);
#1518=FACE_BOUND('',#1388,.T.);
#1519=FACE_BOUND('',#1389,.T.);
#1520=FACE_BOUND('',#1390,.T.);
#1521=FACE_BOUND('',#1391,.T.);
#1522=FACE_BOUND('',#1392,.T.);
#1523=FACE_BOUND('',#1393,.T.);
#1524=FACE_BOUND('',#1394,.T.);
#1525=FACE_BOUND('',#1395,.T.);
#1526=FACE_BOUND('',#1396,.T.);
#1527=FACE_BOUND('',#1397,.T.);
#1528=FACE_BOUND('',#1398,.T.);
#1529=FACE_BOUND('',#1399,.T.);
#1530=FACE_BOUND('',#1400,.T.);
#1531=FACE_BOUND('',#1401,.T.);
#1532=FACE_BOUND('',#1402,.T.);
#1533=FACE_BOUND('',#1403,.T.);
#1534=FACE_BOUND('',#1404,.T.);
#1535=FACE_BOUND('',#1405,.T.);
#1536=FACE_BOUND('',#1406,.T.);
#1537=FACE_BOUND('',#1407,.T.);
#1538=FACE_BOUND('',#1408,.T.);
#1539=FACE_BOUND('',#1409,.T.);
#1540=FACE_BOUND('',#1410,.T.);
#1541=FACE_BOUND('',#1411,.T.);
#1542=FACE_BOUND('',#1412,.T.);
#1543=FACE_BOUND('',#1413,.T.);
#1544=FACE_BOUND('',#1414,.T.);
#1545=FACE_BOUND('',#1415,.T.);
#1546=FACE_BOUND('',#1416,.T.);
#1547=FACE_BOUND('',#1417,.T.);
#1548=FACE_BOUND('',#1418,.T.);
#1549=FACE_BOUND('',#1419,.T.);
#1550=FACE_BOUND('',#1420,.T.);
#1551=FACE_BOUND('',#1421,.T.);
#1552=FACE_BOUND('',#1422,.T.);
#1553=FACE_BOUND('',#1423,.T.);
#1554=FACE_BOUND('',#1424,.T.);
#1555=FACE_BOUND('',#1425,.T.);
#1556=FACE_BOUND('',#1426,.T.);
#1557=FACE_BOUND('',#1427,.T.);
#1558=FACE_BOUND('',#1428,.T.);
#1559=FACE_BOUND('',#1429,.T.);
#1560=FACE_BOUND('',#1430,.T.);
#1561=FACE_BOUND('',#1431,.T.);
#1562=FACE_BOUND('',#1432,.T.);
#1563=FACE_BOUND('',#1433,.T.);
#1564=FACE_BOUND('',#1434,.T.);
#1565=FACE_BOUND('',#1435,.T.);
#1566=FACE_BOUND('',#1436,.T.);
#1567=FACE_BOUND('',#1437,.T.);
#1568=FACE_BOUND('',#1438,.T.);
#1569=FACE_BOUND('',#1439,.T.);
#1570=FACE_BOUND('',#1440,.T.);
#1571=FACE_BOUND('',#1441,.T.);
#1572=FACE_BOUND('',#1442,.T.);
#1573=FACE_BOUND('',#1443,.T.);
#1574=FACE_BOUND('',#1444,.T.);
#1575=FACE_BOUND('',#1445,.T.);
#1576=FACE_BOUND('',#1446,.T.);
#1577=FACE_BOUND('',#1447,.T.);
#1578=FACE_BOUND('',#1448,.T.);
#1579=FACE_BOUND('',#1449,.T.);
#1580=FACE_BOUND('',#1450,.T.);
#1581=FACE_BOUND('',#1451,.T.);
#1582=FACE_BOUND('',#1452,.T.);
#1583=FACE_BOUND('',#1453,.T.);
#1584=FACE_BOUND('',#1454,.T.);
#1585=FACE_BOUND('',#1455,.T.);
#1586=FACE_BOUND('',#1456,.T.);
#1587=FACE_BOUND('',#1457,.T.);
#1588=FACE_BOUND('',#1458,.T.);
#1589=FACE_BOUND('',#1459,.T.);
#1590=FACE_BOUND('',#1460,.T.);
#1591=FACE_BOUND('',#1461,.T.);
#1592=FACE_BOUND('',#1462,.T.);
#1593=FACE_BOUND('',#1463,.T.);
#1594=FACE_BOUND('',#1464,.T.);
#1595=FACE_BOUND('',#1465,.T.);
#1596=FACE_BOUND('',#1466,.T.);
#1597=FACE_BOUND('',#1467,.T.);
#1598=FACE_BOUND('',#1468,.T.);
#1599=FACE_BOUND('',#1469,.T.);
#1600=FACE_BOUND('',#1470,.T.);
#1601=FACE_BOUND('',#1471,.T.);
#1602=FACE_BOUND('',#1472,.T.);
#1603=FACE_BOUND('',#1473,.T.);
#1604=FACE_BOUND('',#1474,.T.);
#1605=FACE_BOUND('',#1475,.T.);
#1606=FACE_BOUND('',#1476,.T.);
#1607=FACE_BOUND('',#1477,.T.);
#1608=FACE_BOUND('',#1478,.T.);
#1609=FACE_BOUND('',#1479,.T.);
#1610=FACE_BOUND('',#1480,.T.);
#1611=FACE_BOUND('',#1481,.T.);
#1612=FACE_BOUND('',#1482,.T.);
#1613=FACE_BOUND('',#1483,.T.);
#1614=FACE_BOUND('',#1484,.T.);
#1615=FACE_BOUND('',#1485,.T.);
#1616=FACE_BOUND('',#1486,.T.);
#1617=FACE_BOUND('',#1487,.T.);
#1618=FACE_BOUND('',#1488,.T.);
#1619=FACE_BOUND('',#1489,.T.);
#1620=FACE_BOUND('',#1490,.T.);
#1621=FACE_BOUND('',#1491,.T.);
#1622=FACE_BOUND('',#1492,.T.);
#1623=FACE_BOUND('',#1493,.T.);
#1624=FACE_BOUND('',#1494,.T.);
#1625=FACE_BOUND('',#1495,.T.);
#1626=FACE_BOUND('',#1496,.T.);
#1627=FACE_BOUND('',#1497,.T.);
#1628=FACE_BOUND('',#1498,.T.);
#1629=FACE_BOUND('',#1499,.T.);
#1630=FACE_BOUND('',#1500,.T.);
#1631=FACE_BOUND('',#1501,.T.);
#1632=FACE_BOUND('',#1502,.T.);
#1633=FACE_BOUND('',#1503,.T.);
#1634=FACE_BOUND('',#1504,.T.);
#1635=FACE_BOUND('',#1505,.T.);
#1636=FACE_BOUND('',#1506,.T.);
#1637=FACE_BOUND('',#1507,.T.);
#1638=PLANE('',#1811);
#1639=PLANE('',#1812);
#1640=PLANE('',#1813);
#1641=PLANE('',#1814);
#1642=PLANE('',#1815);
#1643=PLANE('',#1816);
#1644=PLANE('',#1817);
#1645=PLANE('',#1818);
#1646=PLANE('',#1819);
#1647=PLANE('',#1820);
#1648=PLANE('',#1821);
#1649=PLANE('',#1822);
#1650=PLANE('',#1823);
#1651=PLANE('',#1824);
#1652=PLANE('',#1825);
#1653=PLANE('',#1826);
#1654=PLANE('',#1827);
#1655=PLANE('',#1828);
#1656=PLANE('',#1829);
#1657=PLANE('',#1830);
#1658=PLANE('',#1831);
#1659=PLANE('',#1832);
#1660=PLANE('',#1833);
#1661=PLANE('',#1834);
#1662=PLANE('',#1835);
#1663=PLANE('',#1836);
#1664=PLANE('',#1837);
#1665=PLANE('',#1838);
#1666=PLANE('',#1839);
#1667=PLANE('',#1840);
#1668=PLANE('',#1841);
#1669=PLANE('',#1842);
#1670=PLANE('',#1843);
#1671=PLANE('',#1844);
#1672=PLANE('',#1845);
#1673=PLANE('',#1846);
#1674=PLANE('',#1847);
#1675=PLANE('',#1848);
#1676=PLANE('',#1849);
#1677=PLANE('',#1850);
#1678=PLANE('',#1851);
#1679=PLANE('',#1852);
#1680=PLANE('',#1853);
#1681=PLANE('',#1854);
#1682=PLANE('',#1855);
#1683=PLANE('',#1856);
#1684=PLANE('',#1857);
#1685=PLANE('',#1858);
#1686=PLANE('',#1859);
#1687=PLANE('',#1860);
#1688=PLANE('',#1861);
#1689=PLANE('',#1862);
#1690=PLANE('',#1863);
#1691=PLANE('',#1867);
#1692=PLANE('',#1868);
#1693=PLANE('',#1872);
#1694=PLANE('',#1876);
#1695=PLANE('',#1877);
#1696=PLANE('',#1878);
#1697=PLANE('',#1879);
#1698=PLANE('',#1880);
#1699=PLANE('',#1887);
#1700=PLANE('',#1888);
#1701=PLANE('',#1889);
#1702=PLANE('',#1890);
#1703=PLANE('',#1891);
#1704=PLANE('',#1892);
#1705=PLANE('',#1893);
#1706=PLANE('',#1894);
#1707=PLANE('',#1895);
#1708=PLANE('',#1896);
#1709=PLANE('',#1897);
#1710=PLANE('',#1898);
#1711=PLANE('',#1905);
#1712=PLANE('',#1906);
#1713=PLANE('',#1908);
#1714=ADVANCED_FACE('',(#1508),#1638,.F.);
#1715=ADVANCED_FACE('',(#1509),#1639,.F.);
#1716=ADVANCED_FACE('',(#1510),#1640,.T.);
#1717=ADVANCED_FACE('',(#1511),#1641,.T.);
#1718=ADVANCED_FACE('',(#1512),#1642,.F.);
#1719=ADVANCED_FACE('',(#1513),#1643,.F.);
#1720=ADVANCED_FACE('',(#1514),#1644,.T.);
#1721=ADVANCED_FACE('',(#1515),#1645,.T.);
#1722=ADVANCED_FACE('',(#1516),#1646,.F.);
#1723=ADVANCED_FACE('',(#1517),#1647,.T.);
#1724=ADVANCED_FACE('',(#1518),#1648,.T.);
#1725=ADVANCED_FACE('',(#1519),#1649,.F.);
#1726=ADVANCED_FACE('',(#1520),#1650,.T.);
#1727=ADVANCED_FACE('',(#1521),#1651,.T.);
#1728=ADVANCED_FACE('',(#1522),#1652,.F.);
#1729=ADVANCED_FACE('',(#1523),#1653,.F.);
#1730=ADVANCED_FACE('',(#1524),#1654,.T.);
#1731=ADVANCED_FACE('',(#1525),#1655,.T.);
#1732=ADVANCED_FACE('',(#1526),#1656,.T.);
#1733=ADVANCED_FACE('',(#1527),#1657,.T.);
#1734=ADVANCED_FACE('',(#1528),#1658,.F.);
#1735=ADVANCED_FACE('',(#1529),#1659,.F.);
#1736=ADVANCED_FACE('',(#1530),#1660,.T.);
#1737=ADVANCED_FACE('',(#1531),#1661,.T.);
#1738=ADVANCED_FACE('',(#1532),#1662,.T.);
#1739=ADVANCED_FACE('',(#1533),#1663,.F.);
#1740=ADVANCED_FACE('',(#1534),#1664,.F.);
#1741=ADVANCED_FACE('',(#1535),#1665,.F.);
#1742=ADVANCED_FACE('',(#1536),#1666,.F.);
#1743=ADVANCED_FACE('',(#1537),#1667,.T.);
#1744=ADVANCED_FACE('',(#1538),#1668,.T.);
#1745=ADVANCED_FACE('',(#1539),#1669,.T.);
#1746=ADVANCED_FACE('',(#1540),#1670,.F.);
#1747=ADVANCED_FACE('',(#1541),#1671,.F.);
#1748=ADVANCED_FACE('',(#1542),#1672,.F.);
#1749=ADVANCED_FACE('',(#1543),#1673,.T.);
#1750=ADVANCED_FACE('',(#1544),#1674,.T.);
#1751=ADVANCED_FACE('',(#1545),#1675,.F.);
#1752=ADVANCED_FACE('',(#1546),#1676,.F.);
#1753=ADVANCED_FACE('',(#1547),#1677,.F.);
#1754=ADVANCED_FACE('',(#1548),#1678,.F.);
#1755=ADVANCED_FACE('',(#1549),#1679,.F.);
#1756=ADVANCED_FACE('',(#1550),#1680,.T.);
#1757=ADVANCED_FACE('',(#1551),#1681,.F.);
#1758=ADVANCED_FACE('',(#1552),#1682,.T.);
#1759=ADVANCED_FACE('',(#1553),#1683,.T.);
#1760=ADVANCED_FACE('',(#1554),#1684,.F.);
#1761=ADVANCED_FACE('',(#1555),#1685,.F.);
#1762=ADVANCED_FACE('',(#1556),#1686,.T.);
#1763=ADVANCED_FACE('',(#1557),#1687,.F.);
#1764=ADVANCED_FACE('',(#1558),#1688,.F.);
#1765=ADVANCED_FACE('',(#1559),#1689,.T.);
#1766=ADVANCED_FACE('',(#1560),#1690,.T.);
#1767=ADVANCED_FACE('',(#1561),#28,.T.);
#1768=ADVANCED_FACE('',(#1562),#1691,.F.);
#1769=ADVANCED_FACE('',(#1563),#1692,.T.);
#1770=ADVANCED_FACE('',(#1564),#29,.T.);
#1771=ADVANCED_FACE('',(#1565),#1693,.F.);
#1772=ADVANCED_FACE('',(#1566),#30,.T.);
#1773=ADVANCED_FACE('',(#1567),#1694,.F.);
#1774=ADVANCED_FACE('',(#1568),#1695,.T.);
#1775=ADVANCED_FACE('',(#1569),#1696,.F.);
#1776=ADVANCED_FACE('',(#1570),#1697,.F.);
#1777=ADVANCED_FACE('',(#1571),#1698,.F.);
#1778=ADVANCED_FACE('',(#1572,#1573),#31,.F.);
#1779=ADVANCED_FACE('',(#1574,#1575),#32,.F.);
#1780=ADVANCED_FACE('',(#1576),#1699,.F.);
#1781=ADVANCED_FACE('',(#1577),#1700,.F.);
#1782=ADVANCED_FACE('',(#1578),#1701,.F.);
#1783=ADVANCED_FACE('',(#1579),#1702,.T.);
#1784=ADVANCED_FACE('',(#1580),#1703,.T.);
#1785=ADVANCED_FACE('',(#1581),#1704,.F.);
#1786=ADVANCED_FACE('',(#1582),#1705,.T.);
#1787=ADVANCED_FACE('',(#1583),#1706,.T.);
#1788=ADVANCED_FACE('',(#1584),#1707,.F.);
#1789=ADVANCED_FACE('',(#1585),#1708,.T.);
#1790=ADVANCED_FACE('',(#1586),#1709,.F.);
#1791=ADVANCED_FACE('',(#1587),#1710,.T.);
#1792=ADVANCED_FACE('',(#1588,#1589),#33,.F.);
#1793=ADVANCED_FACE('',(#1590),#34,.T.);
#1794=ADVANCED_FACE('',(#1591),#1711,.T.);
#1795=ADVANCED_FACE('',(#1592,#1593,#1594,#1595,#1596,#1597,#1598,#1599,
#1600,#1601,#1602,#1603,#1604,#1605,#1606,#1607,#1608,#1609,#1610,#1611,
#1612,#1613),#1712,.T.);
#1796=ADVANCED_FACE('',(#1614,#1615,#1616,#1617,#1618,#1619,#1620,#1621,
#1622,#1623,#1624,#1625,#1626,#1627,#1628,#1629,#1630,#1631,#1632,#1633,
#1634,#1635),#1713,.F.);
#1797=ADVANCED_FACE('',(#1636,#1637),#35,.F.);
#1798=CLOSED_SHELL('',(#1714,#1715,#1716,#1717,#1718,#1719,#1720,#1721,
#1722,#1723,#1724,#1725,#1726,#1727,#1728,#1729,#1730,#1731,#1732,#1733,
#1734,#1735,#1736,#1737,#1738,#1739,#1740,#1741,#1742,#1743,#1744,#1745,
#1746,#1747,#1748,#1749,#1750,#1751,#1752,#1753,#1754,#1755,#1756,#1757,
#1758,#1759,#1760,#1761,#1762,#1763,#1764,#1765,#1766,#1767,#1768,#1769,
#1770,#1771,#1772,#1773,#1774,#1775,#1776,#1777,#1778,#1779,#1780,#1781,
#1782,#1783,#1784,#1785,#1786,#1787,#1788,#1789,#1790,#1791,#1792,#1793,
#1794,#1795,#1796,#1797));
#1799=STYLED_ITEM('',(#1800),#1807);
#1800=PRESENTATION_STYLE_ASSIGNMENT((#1801));
#1801=SURFACE_STYLE_USAGE(.BOTH.,#1802);
#1802=SURFACE_SIDE_STYLE('',(#1803));
#1803=SURFACE_STYLE_FILL_AREA(#1804);
#1804=FILL_AREA_STYLE('',(#1805));
#1805=FILL_AREA_STYLE_COLOUR('',#1806);
#1806=COLOUR_RGB('',0.615686274509804,0.811764705882353,0.929411764705882);
#1807=MANIFOLD_SOLID_BREP('plate',#1798);
#1808=SHAPE_DEFINITION_REPRESENTATION(#2836,#1809);
#1809=SHAPE_REPRESENTATION('plate',(#1810),#2831);
#1810=AXIS2_PLACEMENT_3D('',#2339,#1911,#1912);
#1811=AXIS2_PLACEMENT_3D('',#2340,#1913,#1914);
#1812=AXIS2_PLACEMENT_3D('',#2349,#1919,#1920);
#1813=AXIS2_PLACEMENT_3D('',#2355,#1924,#1925);
#1814=AXIS2_PLACEMENT_3D('',#2361,#1929,#1930);
#1815=AXIS2_PLACEMENT_3D('',#2370,#1935,#1936);
#1816=AXIS2_PLACEMENT_3D('',#2376,#1940,#1941);
#1817=AXIS2_PLACEMENT_3D('',#2382,#1945,#1946);
#1818=AXIS2_PLACEMENT_3D('',#2391,#1951,#1952);
#1819=AXIS2_PLACEMENT_3D('',#2397,#1956,#1957);
#1820=AXIS2_PLACEMENT_3D('',#2403,#1961,#1962);
#1821=AXIS2_PLACEMENT_3D('',#2412,#1967,#1968);
#1822=AXIS2_PLACEMENT_3D('',#2418,#1972,#1973);
#1823=AXIS2_PLACEMENT_3D('',#2424,#1977,#1978);
#1824=AXIS2_PLACEMENT_3D('',#2433,#1983,#1984);
#1825=AXIS2_PLACEMENT_3D('',#2439,#1988,#1989);
#1826=AXIS2_PLACEMENT_3D('',#2445,#1993,#1994);
#1827=AXIS2_PLACEMENT_3D('',#2454,#1999,#2000);
#1828=AXIS2_PLACEMENT_3D('',#2460,#2004,#2005);
#1829=AXIS2_PLACEMENT_3D('',#2466,#2009,#2010);
#1830=AXIS2_PLACEMENT_3D('',#2475,#2015,#2016);
#1831=AXIS2_PLACEMENT_3D('',#2481,#2020,#2021);
#1832=AXIS2_PLACEMENT_3D('',#2487,#2025,#2026);
#1833=AXIS2_PLACEMENT_3D('',#2496,#2031,#2032);
#1834=AXIS2_PLACEMENT_3D('',#2502,#2036,#2037);
#1835=AXIS2_PLACEMENT_3D('',#2508,#2041,#2042);
#1836=AXIS2_PLACEMENT_3D('',#2517,#2047,#2048);
#1837=AXIS2_PLACEMENT_3D('',#2523,#2052,#2053);
#1838=AXIS2_PLACEMENT_3D('',#2529,#2057,#2058);
#1839=AXIS2_PLACEMENT_3D('',#2538,#2063,#2064);
#1840=AXIS2_PLACEMENT_3D('',#2544,#2068,#2069);
#1841=AXIS2_PLACEMENT_3D('',#2550,#2073,#2074);
#1842=AXIS2_PLACEMENT_3D('',#2559,#2079,#2080);
#1843=AXIS2_PLACEMENT_3D('',#2565,#2084,#2085);
#1844=AXIS2_PLACEMENT_3D('',#2571,#2089,#2090);
#1845=AXIS2_PLACEMENT_3D('',#2580,#2095,#2096);
#1846=AXIS2_PLACEMENT_3D('',#2586,#2100,#2101);
#1847=AXIS2_PLACEMENT_3D('',#2592,#2105,#2106);
#1848=AXIS2_PLACEMENT_3D('',#2601,#2111,#2112);
#1849=AXIS2_PLACEMENT_3D('',#2607,#2116,#2117);
#1850=AXIS2_PLACEMENT_3D('',#2613,#2121,#2122);
#1851=AXIS2_PLACEMENT_3D('',#2622,#2127,#2128);
#1852=AXIS2_PLACEMENT_3D('',#2628,#2132,#2133);
#1853=AXIS2_PLACEMENT_3D('',#2634,#2137,#2138);
#1854=AXIS2_PLACEMENT_3D('',#2643,#2143,#2144);
#1855=AXIS2_PLACEMENT_3D('',#2649,#2148,#2149);
#1856=AXIS2_PLACEMENT_3D('',#2655,#2153,#2154);
#1857=AXIS2_PLACEMENT_3D('',#2664,#2159,#2160);
#1858=AXIS2_PLACEMENT_3D('',#2670,#2164,#2165);
#1859=AXIS2_PLACEMENT_3D('',#2676,#2169,#2170);
#1860=AXIS2_PLACEMENT_3D('',#2685,#2175,#2176);
#1861=AXIS2_PLACEMENT_3D('',#2691,#2180,#2181);
#1862=AXIS2_PLACEMENT_3D('',#2697,#2185,#2186);
#1863=AXIS2_PLACEMENT_3D('',#2706,#2191,#2192);
#1864=AXIS2_PLACEMENT_3D('',#2712,#2196,#2197);
#1865=AXIS2_PLACEMENT_3D('',#2713,#2198,#2199);
#1866=AXIS2_PLACEMENT_3D('',#2717,#2201,#2202);
#1867=AXIS2_PLACEMENT_3D('',#2718,#2203,#2204);
#1868=AXIS2_PLACEMENT_3D('',#2724,#2208,#2209);
#1869=AXIS2_PLACEMENT_3D('',#2730,#2213,#2214);
#1870=AXIS2_PLACEMENT_3D('',#2731,#2215,#2216);
#1871=AXIS2_PLACEMENT_3D('',#2735,#2218,#2219);
#1872=AXIS2_PLACEMENT_3D('',#2736,#2220,#2221);
#1873=AXIS2_PLACEMENT_3D('',#2742,#2225,#2226);
#1874=AXIS2_PLACEMENT_3D('',#2743,#2227,#2228);
#1875=AXIS2_PLACEMENT_3D('',#2747,#2230,#2231);
#1876=AXIS2_PLACEMENT_3D('',#2748,#2232,#2233);
#1877=AXIS2_PLACEMENT_3D('',#2754,#2237,#2238);
#1878=AXIS2_PLACEMENT_3D('',#2757,#2241,#2242);
#1879=AXIS2_PLACEMENT_3D('',#2760,#2245,#2246);
#1880=AXIS2_PLACEMENT_3D('',#2763,#2249,#2250);
#1881=AXIS2_PLACEMENT_3D('',#2766,#2253,#2254);
#1882=AXIS2_PLACEMENT_3D('',#2767,#2255,#2256);
#1883=AXIS2_PLACEMENT_3D('',#2769,#2257,#2258);
#1884=AXIS2_PLACEMENT_3D('',#2771,#2259,#2260);
#1885=AXIS2_PLACEMENT_3D('',#2772,#2261,#2262);
#1886=AXIS2_PLACEMENT_3D('',#2774,#2263,#2264);
#1887=AXIS2_PLACEMENT_3D('',#2776,#2265,#2266);
#1888=AXIS2_PLACEMENT_3D('',#2779,#2269,#2270);
#1889=AXIS2_PLACEMENT_3D('',#2782,#2273,#2274);
#1890=AXIS2_PLACEMENT_3D('',#2785,#2277,#2278);
#1891=AXIS2_PLACEMENT_3D('',#2788,#2281,#2282);
#1892=AXIS2_PLACEMENT_3D('',#2791,#2285,#2286);
#1893=AXIS2_PLACEMENT_3D('',#2794,#2289,#2290);
#1894=AXIS2_PLACEMENT_3D('',#2797,#2293,#2294);
#1895=AXIS2_PLACEMENT_3D('',#2800,#2297,#2298);
#1896=AXIS2_PLACEMENT_3D('',#2803,#2301,#2302);
#1897=AXIS2_PLACEMENT_3D('',#2806,#2305,#2306);
#1898=AXIS2_PLACEMENT_3D('',#2809,#2309,#2310);
#1899=AXIS2_PLACEMENT_3D('',#2812,#2313,#2314);
#1900=AXIS2_PLACEMENT_3D('',#2813,#2315,#2316);
#1901=AXIS2_PLACEMENT_3D('',#2815,#2317,#2318);
#1902=AXIS2_PLACEMENT_3D('',#2817,#2319,#2320);
#1903=AXIS2_PLACEMENT_3D('',#2818,#2321,#2322);
#1904=AXIS2_PLACEMENT_3D('',#2819,#2323,#2324);
#1905=AXIS2_PLACEMENT_3D('',#2820,#2325,#2326);
#1906=AXIS2_PLACEMENT_3D('',#2823,#2329,#2330);
#1907=AXIS2_PLACEMENT_3D('',#2824,#2331,#2332);
#1908=AXIS2_PLACEMENT_3D('',#2826,#2333,#2334);
#1909=AXIS2_PLACEMENT_3D('',#2827,#2335,#2336);
#1910=AXIS2_PLACEMENT_3D('',#2829,#2337,#2338);
#1911=DIRECTION('',(0.,0.,1.));
#1912=DIRECTION('',(1.,0.,0.));
#1913=DIRECTION('',(0.,0.,-1.));
#1914=DIRECTION('',(0.,1.,0.));
#1915=DIRECTION('',(1.,0.,0.));
#1916=DIRECTION('',(0.,-1.,0.));
#1917=DIRECTION('',(1.,0.,0.));
#1918=DIRECTION('',(0.,-1.,0.));
#1919=DIRECTION('',(1.,0.,-2.47817639425258E-16));
#1920=DIRECTION('',(-2.47817639425258E-16,0.,-1.));
#1921=DIRECTION('',(2.47817639425258E-16,0.,1.));
#1922=DIRECTION('',(0.,-1.,0.));
#1923=DIRECTION('',(2.47817639425258E-16,0.,1.));
#1924=DIRECTION('',(0.,0.,-1.));
#1925=DIRECTION('',(0.,1.,0.));
#1926=DIRECTION('',(1.,0.,0.));
#1927=DIRECTION('',(0.,-1.,0.));
#1928=DIRECTION('',(1.,0.,0.));
#1929=DIRECTION('',(1.,0.,0.));
#1930=DIRECTION('',(0.,-1.,0.));
#1931=DIRECTION('',(0.,0.,1.));
#1932=DIRECTION('',(0.,-1.,0.));
#1933=DIRECTION('',(0.,0.,1.));
#1934=DIRECTION('',(0.,-1.,0.));
#1935=DIRECTION('',(0.,0.,-1.));
#1936=DIRECTION('',(0.,1.,0.));
#1937=DIRECTION('',(1.,0.,0.));
#1938=DIRECTION('',(0.,-1.,0.));
#1939=DIRECTION('',(1.,0.,0.));
#1940=DIRECTION('',(1.,0.,-4.95635278850516E-16));
#1941=DIRECTION('',(-4.95635278850517E-16,0.,-1.));
#1942=DIRECTION('',(4.95635278850516E-16,0.,1.));
#1943=DIRECTION('',(0.,-1.,0.));
#1944=DIRECTION('',(4.95635278850516E-16,0.,1.));
#1945=DIRECTION('',(0.,0.,-1.));
#1946=DIRECTION('',(0.,1.,0.));
#1947=DIRECTION('',(1.,0.,0.));
#1948=DIRECTION('',(0.,-1.,0.));
#1949=DIRECTION('',(1.,0.,0.));
#1950=DIRECTION('',(0.,-1.,0.));
#1951=DIRECTION('',(1.,0.,0.));
#1952=DIRECTION('',(0.,-1.,0.));
#1953=DIRECTION('',(0.,0.,1.));
#1954=DIRECTION('',(0.,-1.,0.));
#1955=DIRECTION('',(0.,0.,1.));
#1956=DIRECTION('',(0.,0.,-1.));
#1957=DIRECTION('',(0.,1.,0.));
#1958=DIRECTION('',(1.,0.,0.));
#1959=DIRECTION('',(0.,-1.,0.));
#1960=DIRECTION('',(1.,0.,0.));
#1961=DIRECTION('',(0.,0.,-1.));
#1962=DIRECTION('',(0.,1.,0.));
#1963=DIRECTION('',(1.,0.,0.));
#1964=DIRECTION('',(0.,-1.,0.));
#1965=DIRECTION('',(1.,0.,0.));
#1966=DIRECTION('',(0.,-1.,0.));
#1967=DIRECTION('',(1.,0.,0.));
#1968=DIRECTION('',(0.,-1.,0.));
#1969=DIRECTION('',(0.,0.,1.));
#1970=DIRECTION('',(0.,-1.,0.));
#1971=DIRECTION('',(0.,0.,1.));
#1972=DIRECTION('',(0.,0.,-1.));
#1973=DIRECTION('',(0.,1.,0.));
#1974=DIRECTION('',(1.,0.,0.));
#1975=DIRECTION('',(0.,-1.,0.));
#1976=DIRECTION('',(1.,0.,0.));
#1977=DIRECTION('',(0.,0.,-1.));
#1978=DIRECTION('',(0.,1.,0.));
#1979=DIRECTION('',(1.,0.,0.));
#1980=DIRECTION('',(0.,-1.,0.));
#1981=DIRECTION('',(1.,0.,0.));
#1982=DIRECTION('',(0.,-1.,0.));
#1983=DIRECTION('',(1.,0.,0.));
#1984=DIRECTION('',(0.,-1.,0.));
#1985=DIRECTION('',(0.,0.,1.));
#1986=DIRECTION('',(0.,-1.,0.));
#1987=DIRECTION('',(0.,0.,1.));
#1988=DIRECTION('',(-4.95635278850516E-16,0.,-1.));
#1989=DIRECTION('',(-1.,0.,4.95635278850517E-16));
#1990=DIRECTION('',(1.,0.,-4.95635278850516E-16));
#1991=DIRECTION('',(0.,-1.,0.));
#1992=DIRECTION('',(1.,0.,-4.95635278850516E-16));
#1993=DIRECTION('',(1.,0.,0.));
#1994=DIRECTION('',(0.,-1.,0.));
#1995=DIRECTION('',(0.,0.,1.));
#1996=DIRECTION('',(0.,-1.,0.));
#1997=DIRECTION('',(0.,0.,1.));
#1998=DIRECTION('',(0.,-1.,0.));
#1999=DIRECTION('',(-2.47817639425258E-16,0.,-1.));
#2000=DIRECTION('',(-1.,0.,2.47817639425259E-16));
#2001=DIRECTION('',(1.,0.,-2.47817639425258E-16));
#2002=DIRECTION('',(0.,-1.,0.));
#2003=DIRECTION('',(1.,0.,-2.47817639425258E-16));
#2004=DIRECTION('',(1.,0.,0.));
#2005=DIRECTION('',(0.,-1.,0.));
#2006=DIRECTION('',(0.,0.,1.));
#2007=DIRECTION('',(0.,-1.,0.));
#2008=DIRECTION('',(0.,0.,1.));
#2009=DIRECTION('',(-4.95635278850516E-16,0.,-1.));
#2010=DIRECTION('',(-1.,0.,4.95635278850516E-16));
#2011=DIRECTION('',(1.,0.,-4.95635278850516E-16));
#2012=DIRECTION('',(0.,-1.,0.));
#2013=DIRECTION('',(1.,0.,-4.95635278850516E-16));
#2014=DIRECTION('',(0.,-1.,0.));
#2015=DIRECTION('',(1.,0.,0.));
#2016=DIRECTION('',(0.,-1.,0.));
#2017=DIRECTION('',(0.,0.,1.));
#2018=DIRECTION('',(0.,-1.,0.));
#2019=DIRECTION('',(0.,0.,1.));
#2020=DIRECTION('',(-4.95635278850516E-16,0.,-1.));
#2021=DIRECTION('',(-1.,0.,4.95635278850516E-16));
#2022=DIRECTION('',(1.,0.,-4.95635278850516E-16));
#2023=DIRECTION('',(0.,-1.,0.));
#2024=DIRECTION('',(1.,0.,-4.95635278850516E-16));
#2025=DIRECTION('',(1.,0.,-2.47817639425258E-16));
#2026=DIRECTION('',(-2.47817639425258E-16,0.,-1.));
#2027=DIRECTION('',(2.47817639425258E-16,0.,1.));
#2028=DIRECTION('',(0.,-1.,0.));
#2029=DIRECTION('',(2.47817639425258E-16,0.,1.));
#2030=DIRECTION('',(0.,-1.,0.));
#2031=DIRECTION('',(-4.8053281883014E-16,0.,-1.));
#2032=DIRECTION('',(-1.,0.,4.8053281883014E-16));
#2033=DIRECTION('',(1.,0.,-4.8053281883014E-16));
#2034=DIRECTION('',(0.,-1.,0.));
#2035=DIRECTION('',(1.,0.,-4.8053281883014E-16));
#2036=DIRECTION('',(1.,0.,0.));
#2037=DIRECTION('',(0.,-1.,0.));
#2038=DIRECTION('',(0.,0.,1.));
#2039=DIRECTION('',(0.,-1.,0.));
#2040=DIRECTION('',(0.,0.,1.));
#2041=DIRECTION('',(-1.,0.,0.));
#2042=DIRECTION('',(0.,1.,0.));
#2043=DIRECTION('',(0.,0.,-1.));
#2044=DIRECTION('',(0.,-1.,0.));
#2045=DIRECTION('',(0.,0.,-1.));
#2046=DIRECTION('',(0.,-1.,0.));
#2047=DIRECTION('',(1.3043033653961E-16,0.,1.));
#2048=DIRECTION('',(1.,0.,-1.3043033653961E-16));
#2049=DIRECTION('',(-1.,0.,1.3043033653961E-16));
#2050=DIRECTION('',(0.,-1.,0.));
#2051=DIRECTION('',(-1.,0.,1.3043033653961E-16));
#2052=DIRECTION('',(-1.,0.,0.));
#2053=DIRECTION('',(0.,1.,0.));
#2054=DIRECTION('',(0.,0.,-1.));
#2055=DIRECTION('',(0.,-1.,0.));
#2056=DIRECTION('',(0.,0.,-1.));
#2057=DIRECTION('',(0.,0.,-1.));
#2058=DIRECTION('',(0.,1.,0.));
#2059=DIRECTION('',(1.,0.,0.));
#2060=DIRECTION('',(0.,-1.,0.));
#2061=DIRECTION('',(1.,0.,0.));
#2062=DIRECTION('',(0.,-1.,0.));
#2063=DIRECTION('',(1.,0.,-4.95635278850516E-16));
#2064=DIRECTION('',(-4.95635278850517E-16,0.,-1.));
#2065=DIRECTION('',(4.95635278850516E-16,0.,1.));
#2066=DIRECTION('',(0.,-1.,0.));
#2067=DIRECTION('',(4.95635278850516E-16,0.,1.));
#2068=DIRECTION('',(0.,0.,-1.));
#2069=DIRECTION('',(0.,1.,0.));
#2070=DIRECTION('',(1.,0.,0.));
#2071=DIRECTION('',(0.,-1.,0.));
#2072=DIRECTION('',(1.,0.,0.));
#2073=DIRECTION('',(0.,0.,-1.));
#2074=DIRECTION('',(0.,1.,0.));
#2075=DIRECTION('',(1.,0.,0.));
#2076=DIRECTION('',(0.,-1.,0.));
#2077=DIRECTION('',(1.,0.,0.));
#2078=DIRECTION('',(0.,-1.,0.));
#2079=DIRECTION('',(1.,0.,0.));
#2080=DIRECTION('',(0.,-1.,0.));
#2081=DIRECTION('',(0.,0.,1.));
#2082=DIRECTION('',(0.,-1.,0.));
#2083=DIRECTION('',(0.,0.,1.));
#2084=DIRECTION('',(0.,0.,-1.));
#2085=DIRECTION('',(0.,1.,0.));
#2086=DIRECTION('',(1.,0.,0.));
#2087=DIRECTION('',(0.,-1.,0.));
#2088=DIRECTION('',(1.,0.,0.));
#2089=DIRECTION('',(0.,0.,-1.));
#2090=DIRECTION('',(0.,1.,0.));
#2091=DIRECTION('',(1.,0.,0.));
#2092=DIRECTION('',(0.,-1.,0.));
#2093=DIRECTION('',(1.,0.,0.));
#2094=DIRECTION('',(0.,-1.,0.));
#2095=DIRECTION('',(1.,0.,0.));
#2096=DIRECTION('',(0.,-1.,0.));
#2097=DIRECTION('',(0.,0.,1.));
#2098=DIRECTION('',(0.,-1.,0.));
#2099=DIRECTION('',(0.,0.,1.));
#2100=DIRECTION('',(0.,0.,-1.));
#2101=DIRECTION('',(0.,1.,0.));
#2102=DIRECTION('',(1.,0.,0.));
#2103=DIRECTION('',(0.,-1.,0.));
#2104=DIRECTION('',(1.,0.,0.));
#2105=DIRECTION('',(1.,0.,0.));
#2106=DIRECTION('',(0.,-1.,0.));
#2107=DIRECTION('',(0.,0.,1.));
#2108=DIRECTION('',(0.,-1.,0.));
#2109=DIRECTION('',(0.,0.,1.));
#2110=DIRECTION('',(0.,-1.,0.));
#2111=DIRECTION('',(-4.95635278850517E-16,0.,-1.));
#2112=DIRECTION('',(-1.,0.,4.95635278850517E-16));
#2113=DIRECTION('',(1.,0.,-4.95635278850517E-16));
#2114=DIRECTION('',(0.,-1.,0.));
#2115=DIRECTION('',(1.,0.,-4.95635278850517E-16));
#2116=DIRECTION('',(1.,0.,0.));
#2117=DIRECTION('',(0.,-1.,0.));
#2118=DIRECTION('',(0.,0.,1.));
#2119=DIRECTION('',(0.,-1.,0.));
#2120=DIRECTION('',(0.,0.,1.));
#2121=DIRECTION('',(0.,0.,-1.));
#2122=DIRECTION('',(0.,1.,0.));
#2123=DIRECTION('',(1.,0.,0.));
#2124=DIRECTION('',(0.,-1.,0.));
#2125=DIRECTION('',(1.,0.,0.));
#2126=DIRECTION('',(0.,-1.,0.));
#2127=DIRECTION('',(1.,0.,0.));
#2128=DIRECTION('',(0.,-1.,0.));
#2129=DIRECTION('',(0.,0.,1.));
#2130=DIRECTION('',(0.,-1.,0.));
#2131=DIRECTION('',(0.,0.,1.));
#2132=DIRECTION('',(0.,0.,1.));
#2133=DIRECTION('',(0.,-1.,0.));
#2134=DIRECTION('',(-1.,0.,0.));
#2135=DIRECTION('',(0.,-1.,0.));
#2136=DIRECTION('',(-1.,0.,0.));
#2137=DIRECTION('',(1.,0.,0.));
#2138=DIRECTION('',(0.,-1.,0.));
#2139=DIRECTION('',(0.,0.,1.));
#2140=DIRECTION('',(0.,-1.,0.));
#2141=DIRECTION('',(0.,0.,1.));
#2142=DIRECTION('',(0.,-1.,0.));
#2143=DIRECTION('',(0.,0.,-1.));
#2144=DIRECTION('',(0.,1.,0.));
#2145=DIRECTION('',(1.,0.,0.));
#2146=DIRECTION('',(0.,-1.,0.));
#2147=DIRECTION('',(1.,0.,0.));
#2148=DIRECTION('',(-1.,0.,0.));
#2149=DIRECTION('',(0.,1.,0.));
#2150=DIRECTION('',(0.,0.,-1.));
#2151=DIRECTION('',(0.,-1.,0.));
#2152=DIRECTION('',(0.,0.,-1.));
#2153=DIRECTION('',(1.,0.,0.));
#2154=DIRECTION('',(0.,-1.,0.));
#2155=DIRECTION('',(0.,0.,1.));
#2156=DIRECTION('',(0.,-1.,0.));
#2157=DIRECTION('',(0.,0.,1.));
#2158=DIRECTION('',(0.,-1.,0.));
#2159=DIRECTION('',(0.,0.,-1.));
#2160=DIRECTION('',(0.,1.,0.));
#2161=DIRECTION('',(1.,0.,0.));
#2162=DIRECTION('',(0.,-1.,0.));
#2163=DIRECTION('',(1.,0.,0.));
#2164=DIRECTION('',(1.,0.,-4.95635278850516E-16));
#2165=DIRECTION('',(-4.95635278850517E-16,0.,-1.));
#2166=DIRECTION('',(4.95635278850516E-16,0.,1.));
#2167=DIRECTION('',(0.,-1.,0.));
#2168=DIRECTION('',(4.95635278850516E-16,0.,1.));
#2169=DIRECTION('',(1.,0.,0.));
#2170=DIRECTION('',(0.,-1.,0.));
#2171=DIRECTION('',(0.,0.,1.));
#2172=DIRECTION('',(0.,-1.,0.));
#2173=DIRECTION('',(0.,0.,1.));
#2174=DIRECTION('',(0.,-1.,0.));
#2175=DIRECTION('',(0.,0.,-1.));
#2176=DIRECTION('',(0.,1.,0.));
#2177=DIRECTION('',(1.,0.,0.));
#2178=DIRECTION('',(0.,-1.,0.));
#2179=DIRECTION('',(1.,0.,0.));
#2180=DIRECTION('',(1.,0.,0.));
#2181=DIRECTION('',(0.,-1.,0.));
#2182=DIRECTION('',(0.,0.,1.));
#2183=DIRECTION('',(0.,-1.,0.));
#2184=DIRECTION('',(0.,0.,1.));
#2185=DIRECTION('',(-1.,0.,0.));
#2186=DIRECTION('',(0.,1.,0.));
#2187=DIRECTION('',(0.,0.,-1.));
#2188=DIRECTION('',(0.,-1.,0.));
#2189=DIRECTION('',(0.,0.,-1.));
#2190=DIRECTION('',(0.,-1.,0.));
#2191=DIRECTION('',(-0.994801804142461,0.,0.101830105935843));
#2192=DIRECTION('',(0.101830105935843,0.,0.994801804142461));
#2193=DIRECTION('',(-0.101830105935843,0.,-0.994801804142461));
#2194=DIRECTION('',(0.,-1.,0.));
#2195=DIRECTION('',(-0.101830105935843,0.,-0.994801804142461));
#2196=DIRECTION('',(0.,-1.,0.));
#2197=DIRECTION('',(-1.,0.,0.));
#2198=DIRECTION('',(0.,1.,0.));
#2199=DIRECTION('',(1.,0.,0.));
#2200=DIRECTION('',(0.,-1.,0.));
#2201=DIRECTION('',(0.,1.,0.));
#2202=DIRECTION('',(1.,0.,0.));
#2203=DIRECTION('',(0.101830105935842,0.,-0.994801804142461));
#2204=DIRECTION('',(-0.994801804142461,0.,-0.101830105935842));
#2205=DIRECTION('',(0.994801804142461,0.,0.101830105935842));
#2206=DIRECTION('',(0.,-1.,0.));
#2207=DIRECTION('',(0.994801804142461,0.,0.101830105935842));
#2208=DIRECTION('',(2.0779748722621E-16,0.,1.));
#2209=DIRECTION('',(1.,0.,-2.0779748722621E-16));
#2210=DIRECTION('',(-1.,0.,2.0779748722621E-16));
#2211=DIRECTION('',(0.,-1.,0.));
#2212=DIRECTION('',(-1.,0.,2.0779748722621E-16));
#2213=DIRECTION('',(0.,-1.,0.));
#2214=DIRECTION('',(-1.,0.,0.));
#2215=DIRECTION('',(0.,1.,0.));
#2216=DIRECTION('',(1.,0.,0.));
#2217=DIRECTION('',(0.,-1.,0.));
#2218=DIRECTION('',(0.,1.,0.));
#2219=DIRECTION('',(1.,0.,0.));
#2220=DIRECTION('',(-1.,0.,1.85863229568943E-16));
#2221=DIRECTION('',(1.85863229568943E-16,0.,1.));
#2222=DIRECTION('',(-1.85863229568943E-16,0.,-1.));
#2223=DIRECTION('',(0.,-1.,0.));
#2224=DIRECTION('',(-1.85863229568943E-16,0.,-1.));
#2225=DIRECTION('',(0.,-1.,0.));
#2226=DIRECTION('',(-1.,0.,0.));
#2227=DIRECTION('',(0.,-1.,0.));
#2228=DIRECTION('',(1.,0.,0.));
#2229=DIRECTION('',(0.,-1.,0.));
#2230=DIRECTION('',(0.,-1.,0.));
#2231=DIRECTION('',(1.,0.,0.));
#2232=DIRECTION('',(2.77584646167195E-16,0.,1.));
#2233=DIRECTION('',(1.,0.,-2.77584646167196E-16));
#2234=DIRECTION('',(-1.,0.,2.77584646167196E-16));
#2235=DIRECTION('',(0.,-1.,0.));
#2236=DIRECTION('',(-1.,0.,2.77584646167196E-16));
#2237=DIRECTION('',(0.,0.,-1.));
#2238=DIRECTION('',(0.,1.,0.));
#2239=DIRECTION('',(1.,0.,0.));
#2240=DIRECTION('',(1.,0.,0.));
#2241=DIRECTION('',(1.,0.,0.));
#2242=DIRECTION('',(0.,-1.,0.));
#2243=DIRECTION('',(0.,0.,1.));
#2244=DIRECTION('',(0.,0.,1.));
#2245=DIRECTION('',(1.,0.,-4.95635278850516E-16));
#2246=DIRECTION('',(-4.95635278850516E-16,0.,-1.));
#2247=DIRECTION('',(4.95635278850516E-16,0.,1.));
#2248=DIRECTION('',(4.95635278850516E-16,0.,1.));
#2249=DIRECTION('',(1.,0.,0.));
#2250=DIRECTION('',(0.,-1.,0.));
#2251=DIRECTION('',(0.,0.,1.));
#2252=DIRECTION('',(0.,0.,1.));
#2253=DIRECTION('',(0.,-1.,0.));
#2254=DIRECTION('',(-1.,0.,0.));
#2255=DIRECTION('',(0.,1.,0.));
#2256=DIRECTION('',(1.,0.,0.));
#2257=DIRECTION('',(0.,1.,0.));
#2258=DIRECTION('',(1.,0.,0.));
#2259=DIRECTION('',(0.,-1.,0.));
#2260=DIRECTION('',(-1.,0.,0.));
#2261=DIRECTION('',(0.,1.,0.));
#2262=DIRECTION('',(1.,0.,0.));
#2263=DIRECTION('',(0.,1.,0.));
#2264=DIRECTION('',(1.,0.,0.));
#2265=DIRECTION('',(-4.95635278850516E-16,0.,-1.));
#2266=DIRECTION('',(-1.,0.,4.95635278850517E-16));
#2267=DIRECTION('',(1.,0.,-4.95635278850516E-16));
#2268=DIRECTION('',(1.,0.,-4.95635278850516E-16));
#2269=DIRECTION('',(1.,0.,0.));
#2270=DIRECTION('',(0.,-1.,0.));
#2271=DIRECTION('',(0.,0.,1.));
#2272=DIRECTION('',(0.,0.,1.));
#2273=DIRECTION('',(0.,0.,-1.));
#2274=DIRECTION('',(0.,1.,0.));
#2275=DIRECTION('',(1.,0.,0.));
#2276=DIRECTION('',(1.,0.,0.));
#2277=DIRECTION('',(0.,0.,1.));
#2278=DIRECTION('',(0.,-1.,0.));
#2279=DIRECTION('',(-1.,0.,0.));
#2280=DIRECTION('',(-1.,0.,0.));
#2281=DIRECTION('',(1.,0.,0.));
#2282=DIRECTION('',(0.,-1.,0.));
#2283=DIRECTION('',(0.,0.,1.));
#2284=DIRECTION('',(0.,0.,1.));
#2285=DIRECTION('',(1.,0.,0.));
#2286=DIRECTION('',(0.,-1.,0.));
#2287=DIRECTION('',(0.,0.,1.));
#2288=DIRECTION('',(0.,0.,1.));
#2289=DIRECTION('',(1.,0.,0.));
#2290=DIRECTION('',(0.,-1.,0.));
#2291=DIRECTION('',(0.,0.,1.));
#2292=DIRECTION('',(0.,0.,1.));
#2293=DIRECTION('',(-2.47817639425259E-16,0.,-1.));
#2294=DIRECTION('',(-1.,0.,2.47817639425259E-16));
#2295=DIRECTION('',(1.,0.,-2.47817639425259E-16));
#2296=DIRECTION('',(1.,0.,-2.47817639425259E-16));
#2297=DIRECTION('',(-1.,0.,0.));
#2298=DIRECTION('',(0.,1.,0.));
#2299=DIRECTION('',(0.,0.,-1.));
#2300=DIRECTION('',(0.,0.,-1.));
#2301=DIRECTION('',(0.,0.,-1.));
#2302=DIRECTION('',(0.,1.,0.));
#2303=DIRECTION('',(1.,0.,0.));
#2304=DIRECTION('',(1.,0.,0.));
#2305=DIRECTION('',(0.,0.,1.));
#2306=DIRECTION('',(0.,-1.,0.));
#2307=DIRECTION('',(-1.,0.,0.));
#2308=DIRECTION('',(-1.,0.,0.));
#2309=DIRECTION('',(0.,0.,-1.));
#2310=DIRECTION('',(0.,1.,0.));
#2311=DIRECTION('',(1.,0.,0.));
#2312=DIRECTION('',(1.,0.,0.));
#2313=DIRECTION('',(0.,-1.,0.));
#2314=DIRECTION('',(-1.,0.,0.));
#2315=DIRECTION('',(0.,1.,0.));
#2316=DIRECTION('',(1.,0.,0.));
#2317=DIRECTION('',(0.,1.,0.));
#2318=DIRECTION('',(1.,0.,0.));
#2319=DIRECTION('',(0.,-1.,0.));
#2320=DIRECTION('',(-1.,0.,0.));
#2321=DIRECTION('',(0.,-1.,0.));
#2322=DIRECTION('',(1.,0.,0.));
#2323=DIRECTION('',(0.,-1.,0.));
#2324=DIRECTION('',(1.,0.,0.));
#2325=DIRECTION('',(1.,0.,0.));
#2326=DIRECTION('',(0.,-1.,0.));
#2327=DIRECTION('',(0.,0.,1.));
#2328=DIRECTION('',(0.,0.,1.));
#2329=DIRECTION('',(0.,1.,0.));
#2330=DIRECTION('',(1.,0.,0.));
#2331=DIRECTION('',(0.,-1.,0.));
#2332=DIRECTION('',(-1.,0.,0.));
#2333=DIRECTION('',(0.,1.,0.));
#2334=DIRECTION('',(1.,0.,0.));
#2335=DIRECTION('',(0.,1.,0.));
#2336=DIRECTION('',(1.,0.,0.));
#2337=DIRECTION('',(0.,-1.,0.));
#2338=DIRECTION('',(-1.,0.,0.));
#2339=CARTESIAN_POINT('',(0.,0.,0.));
#2340=CARTESIAN_POINT('',(-36.11,2.7,-58.48));
#2341=CARTESIAN_POINT('',(-36.11,0.,-58.48));
#2342=CARTESIAN_POINT('',(-39.72,0.,-58.48));
#2343=CARTESIAN_POINT('',(-25.72,0.,-58.48));
#2344=CARTESIAN_POINT('',(-25.72,2.7,-58.48));
#2345=CARTESIAN_POINT('',(-25.72,2.7,-58.48));
#2346=CARTESIAN_POINT('',(-36.11,2.7,-58.48));
#2347=CARTESIAN_POINT('',(-39.72,2.7,-58.48));
#2348=CARTESIAN_POINT('',(-39.72,2.7,-58.48));
#2349=CARTESIAN_POINT('',(-25.72,2.7,-51.48));
#2350=CARTESIAN_POINT('',(-25.72,0.,-51.48));
#2351=CARTESIAN_POINT('',(-25.72,0.,-44.48));
#2352=CARTESIAN_POINT('',(-25.72,2.7,-44.48));
#2353=CARTESIAN_POINT('',(-25.72,2.7,-44.48));
#2354=CARTESIAN_POINT('',(-25.72,2.7,-51.48));
#2355=CARTESIAN_POINT('',(-36.11,2.7,-44.48));
#2356=CARTESIAN_POINT('',(-36.11,0.,-44.48));
#2357=CARTESIAN_POINT('',(-39.72,0.,-44.48));
#2358=CARTESIAN_POINT('',(-39.72,2.7,-44.48));
#2359=CARTESIAN_POINT('',(-39.72,2.7,-44.48));
#2360=CARTESIAN_POINT('',(-36.11,2.7,-44.48));
#2361=CARTESIAN_POINT('',(-58.48,2.7,-70.24));
#2362=CARTESIAN_POINT('',(-58.48,0.,-70.24));
#2363=CARTESIAN_POINT('',(-58.48,0.,-77.24));
#2364=CARTESIAN_POINT('',(-58.48,0.,-63.24));
#2365=CARTESIAN_POINT('',(-58.48,2.7,-77.24));
#2366=CARTESIAN_POINT('',(-58.48,2.7,-77.24));
#2367=CARTESIAN_POINT('',(-58.48,2.7,-70.24));
#2368=CARTESIAN_POINT('',(-58.48,2.7,-63.24));
#2369=CARTESIAN_POINT('',(-58.48,2.7,-63.24));
#2370=CARTESIAN_POINT('',(-51.48,2.7,-77.24));
#2371=CARTESIAN_POINT('',(-51.48,0.,-77.24));
#2372=CARTESIAN_POINT('',(-44.48,0.,-77.24));
#2373=CARTESIAN_POINT('',(-44.48,2.7,-77.24));
#2374=CARTESIAN_POINT('',(-44.48,2.7,-77.24));
#2375=CARTESIAN_POINT('',(-51.48,2.7,-77.24));
#2376=CARTESIAN_POINT('',(-44.48,2.7,-70.24));
#2377=CARTESIAN_POINT('',(-44.48,0.,-70.24));
#2378=CARTESIAN_POINT('',(-44.48,0.,-63.24));
#2379=CARTESIAN_POINT('',(-44.48,2.7,-63.24));
#2380=CARTESIAN_POINT('',(-44.48,2.7,-63.24));
#2381=CARTESIAN_POINT('',(-44.48,2.7,-70.24));
#2382=CARTESIAN_POINT('',(-70.24,2.7,-63.24));
#2383=CARTESIAN_POINT('',(-70.24,0.,-63.24));
#2384=CARTESIAN_POINT('',(-77.24,0.,-63.24));
#2385=CARTESIAN_POINT('',(-63.24,0.,-63.24));
#2386=CARTESIAN_POINT('',(-77.24,2.7,-63.24));
#2387=CARTESIAN_POINT('',(-77.24,2.7,-63.24));
#2388=CARTESIAN_POINT('',(-70.24,2.7,-63.24));
#2389=CARTESIAN_POINT('',(-63.24,2.7,-63.24));
#2390=CARTESIAN_POINT('',(-63.24,2.7,-63.24));
#2391=CARTESIAN_POINT('',(-77.24,2.7,-70.24));
#2392=CARTESIAN_POINT('',(-77.24,0.,-70.24));
#2393=CARTESIAN_POINT('',(-77.24,0.,-77.24));
#2394=CARTESIAN_POINT('',(-77.24,2.7,-77.24));
#2395=CARTESIAN_POINT('',(-77.24,2.7,-77.24));
#2396=CARTESIAN_POINT('',(-77.24,2.7,-70.24));
#2397=CARTESIAN_POINT('',(-70.24,2.7,-77.24));
#2398=CARTESIAN_POINT('',(-70.24,0.,-77.24));
#2399=CARTESIAN_POINT('',(-63.24,0.,-77.24));
#2400=CARTESIAN_POINT('',(-63.24,2.7,-77.24));
#2401=CARTESIAN_POINT('',(-63.24,2.7,-77.24));
#2402=CARTESIAN_POINT('',(-70.24,2.7,-77.24));
#2403=CARTESIAN_POINT('',(-51.48,2.7,-44.48));
#2404=CARTESIAN_POINT('',(-51.48,0.,-44.48));
#2405=CARTESIAN_POINT('',(-58.48,0.,-44.48));
#2406=CARTESIAN_POINT('',(-44.48,0.,-44.48));
#2407=CARTESIAN_POINT('',(-58.48,2.7,-44.48));
#2408=CARTESIAN_POINT('',(-58.48,2.7,-44.48));
#2409=CARTESIAN_POINT('',(-51.48,2.7,-44.48));
#2410=CARTESIAN_POINT('',(-44.48,2.7,-44.48));
#2411=CARTESIAN_POINT('',(-44.48,2.7,-44.48));
#2412=CARTESIAN_POINT('',(-58.48,2.7,-51.48));
#2413=CARTESIAN_POINT('',(-58.48,0.,-51.48));
#2414=CARTESIAN_POINT('',(-58.48,0.,-58.48));
#2415=CARTESIAN_POINT('',(-58.48,2.7,-58.48));
#2416=CARTESIAN_POINT('',(-58.48,2.7,-58.48));
#2417=CARTESIAN_POINT('',(-58.48,2.7,-51.48));
#2418=CARTESIAN_POINT('',(-51.48,2.7,-58.48));
#2419=CARTESIAN_POINT('',(-51.48,0.,-58.48));
#2420=CARTESIAN_POINT('',(-44.48,0.,-58.48));
#2421=CARTESIAN_POINT('',(-44.48,2.7,-58.48));
#2422=CARTESIAN_POINT('',(-44.48,2.7,-58.48));
#2423=CARTESIAN_POINT('',(-51.48,2.7,-58.48));
#2424=CARTESIAN_POINT('',(-70.24,2.7,-44.48));
#2425=CARTESIAN_POINT('',(-70.24,0.,-44.48));
#2426=CARTESIAN_POINT('',(-77.24,0.,-44.48));
#2427=CARTESIAN_POINT('',(-63.24,0.,-44.48));
#2428=CARTESIAN_POINT('',(-77.24,2.7,-44.48));
#2429=CARTESIAN_POINT('',(-77.24,2.7,-44.48));
#2430=CARTESIAN_POINT('',(-70.24,2.7,-44.48));
#2431=CARTESIAN_POINT('',(-63.24,2.7,-44.48));
#2432=CARTESIAN_POINT('',(-63.24,2.7,-44.48));
#2433=CARTESIAN_POINT('',(-77.24,2.7,-51.48));
#2434=CARTESIAN_POINT('',(-77.24,0.,-51.48));
#2435=CARTESIAN_POINT('',(-77.24,0.,-58.48));
#2436=CARTESIAN_POINT('',(-77.24,2.7,-58.48));
#2437=CARTESIAN_POINT('',(-77.24,2.7,-58.48));
#2438=CARTESIAN_POINT('',(-77.24,2.7,-51.48));
#2439=CARTESIAN_POINT('',(-70.24,2.7,-58.48));
#2440=CARTESIAN_POINT('',(-70.24,0.,-58.48));
#2441=CARTESIAN_POINT('',(-63.24,0.,-58.48));
#2442=CARTESIAN_POINT('',(-63.24,2.7,-58.48));
#2443=CARTESIAN_POINT('',(-63.24,2.7,-58.48));
#2444=CARTESIAN_POINT('',(-70.24,2.7,-58.48));
#2445=CARTESIAN_POINT('',(-63.24,2.7,-32.72));
#2446=CARTESIAN_POINT('',(-63.24,0.,-32.72));
#2447=CARTESIAN_POINT('',(-63.24,0.,-39.72));
#2448=CARTESIAN_POINT('',(-63.24,0.,-25.72));
#2449=CARTESIAN_POINT('',(-63.24,2.7,-25.72));
#2450=CARTESIAN_POINT('',(-63.24,2.7,-25.72));
#2451=CARTESIAN_POINT('',(-63.24,2.7,-32.72));
#2452=CARTESIAN_POINT('',(-63.24,2.7,-39.72));
#2453=CARTESIAN_POINT('',(-63.24,2.7,-39.72));
#2454=CARTESIAN_POINT('',(-70.24,2.7,-25.72));
#2455=CARTESIAN_POINT('',(-70.24,0.,-25.72));
#2456=CARTESIAN_POINT('',(-77.24,0.,-25.72));
#2457=CARTESIAN_POINT('',(-77.24,2.7,-25.72));
#2458=CARTESIAN_POINT('',(-77.24,2.7,-25.72));
#2459=CARTESIAN_POINT('',(-70.24,2.7,-25.72));
#2460=CARTESIAN_POINT('',(-77.24,2.7,-32.72));
#2461=CARTESIAN_POINT('',(-77.24,0.,-32.72));
#2462=CARTESIAN_POINT('',(-77.24,0.,-39.72));
#2463=CARTESIAN_POINT('',(-77.24,2.7,-39.72));
#2464=CARTESIAN_POINT('',(-77.24,2.7,-39.72));
#2465=CARTESIAN_POINT('',(-77.24,2.7,-32.72));
#2466=CARTESIAN_POINT('',(-51.48,2.7,-25.72));
#2467=CARTESIAN_POINT('',(-51.48,0.,-25.72));
#2468=CARTESIAN_POINT('',(-58.48,0.,-25.72));
#2469=CARTESIAN_POINT('',(-44.48,0.,-25.72));
#2470=CARTESIAN_POINT('',(-58.48,2.7,-25.72));
#2471=CARTESIAN_POINT('',(-58.48,2.7,-25.72));
#2472=CARTESIAN_POINT('',(-51.48,2.7,-25.72));
#2473=CARTESIAN_POINT('',(-44.48,2.7,-25.72));
#2474=CARTESIAN_POINT('',(-44.48,2.7,-25.72));
#2475=CARTESIAN_POINT('',(-58.48,2.7,-32.72));
#2476=CARTESIAN_POINT('',(-58.48,0.,-32.72));
#2477=CARTESIAN_POINT('',(-58.48,0.,-39.72));
#2478=CARTESIAN_POINT('',(-58.48,2.7,-39.72));
#2479=CARTESIAN_POINT('',(-58.48,2.7,-39.72));
#2480=CARTESIAN_POINT('',(-58.48,2.7,-32.72));
#2481=CARTESIAN_POINT('',(-51.48,2.7,-39.72));
#2482=CARTESIAN_POINT('',(-51.48,0.,-39.72));
#2483=CARTESIAN_POINT('',(-44.48,0.,-39.72));
#2484=CARTESIAN_POINT('',(-44.48,2.7,-39.72));
#2485=CARTESIAN_POINT('',(-44.48,2.7,-39.72));
#2486=CARTESIAN_POINT('',(-51.48,2.7,-39.72));
#2487=CARTESIAN_POINT('',(-25.72,2.7,-32.72));
#2488=CARTESIAN_POINT('',(-25.72,0.,-32.72));
#2489=CARTESIAN_POINT('',(-25.72,0.,-39.72));
#2490=CARTESIAN_POINT('',(-25.72,0.,-25.72));
#2491=CARTESIAN_POINT('',(-25.72,2.7,-25.72));
#2492=CARTESIAN_POINT('',(-25.72,2.7,-25.72));
#2493=CARTESIAN_POINT('',(-25.72,2.7,-32.72));
#2494=CARTESIAN_POINT('',(-25.72,2.7,-39.72));
#2495=CARTESIAN_POINT('',(-25.72,2.7,-39.72));
#2496=CARTESIAN_POINT('',(-36.11,2.7,-25.72));
#2497=CARTESIAN_POINT('',(-36.11,0.,-25.72));
#2498=CARTESIAN_POINT('',(-39.72,0.,-25.72));
#2499=CARTESIAN_POINT('',(-39.72,2.7,-25.72));
#2500=CARTESIAN_POINT('',(-39.72,2.7,-25.72));
#2501=CARTESIAN_POINT('',(-36.11,2.7,-25.72));
#2502=CARTESIAN_POINT('',(-39.72,2.7,-32.72));
#2503=CARTESIAN_POINT('',(-39.72,0.,-32.72));
#2504=CARTESIAN_POINT('',(-39.72,0.,-39.72));
#2505=CARTESIAN_POINT('',(-39.72,2.7,-39.72));
#2506=CARTESIAN_POINT('',(-39.72,2.7,-39.72));
#2507=CARTESIAN_POINT('',(-39.72,2.7,-32.72));
#2508=CARTESIAN_POINT('',(-32.5,2.7,-10.75));
#2509=CARTESIAN_POINT('',(-32.5,0.,-10.75));
#2510=CARTESIAN_POINT('',(-32.5,0.,-5.));
#2511=CARTESIAN_POINT('',(-32.5,0.,-16.5));
#2512=CARTESIAN_POINT('',(-32.5,2.7,-5.));
#2513=CARTESIAN_POINT('',(-32.5,2.7,-5.));
#2514=CARTESIAN_POINT('',(-32.5,2.7,-10.75));
#2515=CARTESIAN_POINT('',(-32.5,2.7,-16.5));
#2516=CARTESIAN_POINT('',(-32.5,2.7,-16.5));
#2517=CARTESIAN_POINT('',(-45.8,2.7,-5.));
#2518=CARTESIAN_POINT('',(-45.8,0.,-5.));
#2519=CARTESIAN_POINT('',(-59.1,0.,-5.));
#2520=CARTESIAN_POINT('',(-59.1,2.7,-5.));
#2521=CARTESIAN_POINT('',(-59.1,2.7,-5.));
#2522=CARTESIAN_POINT('',(-45.8,2.7,-5.));
#2523=CARTESIAN_POINT('',(-59.1,2.7,-10.75));
#2524=CARTESIAN_POINT('',(-59.1,0.,-10.75));
#2525=CARTESIAN_POINT('',(-59.1,0.,-16.5));
#2526=CARTESIAN_POINT('',(-59.1,2.7,-16.5));
#2527=CARTESIAN_POINT('',(-59.1,2.7,-16.5));
#2528=CARTESIAN_POINT('',(-59.1,2.7,-10.75));
#2529=CARTESIAN_POINT('',(-36.11,2.7,-77.24));
#2530=CARTESIAN_POINT('',(-36.11,0.,-77.24));
#2531=CARTESIAN_POINT('',(-39.72,0.,-77.24));
#2532=CARTESIAN_POINT('',(-25.72,0.,-77.24));
#2533=CARTESIAN_POINT('',(-25.72,2.7,-77.24));
#2534=CARTESIAN_POINT('',(-25.72,2.7,-77.24));
#2535=CARTESIAN_POINT('',(-36.11,2.7,-77.24));
#2536=CARTESIAN_POINT('',(-39.72,2.7,-77.24));
#2537=CARTESIAN_POINT('',(-39.72,2.7,-77.24));
#2538=CARTESIAN_POINT('',(-25.72,2.7,-70.24));
#2539=CARTESIAN_POINT('',(-25.72,0.,-70.24));
#2540=CARTESIAN_POINT('',(-25.72,0.,-63.24));
#2541=CARTESIAN_POINT('',(-25.72,2.7,-63.24));
#2542=CARTESIAN_POINT('',(-25.72,2.7,-63.24));
#2543=CARTESIAN_POINT('',(-25.72,2.7,-70.24));
#2544=CARTESIAN_POINT('',(-36.11,2.7,-63.24));
#2545=CARTESIAN_POINT('',(-36.11,0.,-63.24));
#2546=CARTESIAN_POINT('',(-39.72,0.,-63.24));
#2547=CARTESIAN_POINT('',(-39.72,2.7,-63.24));
#2548=CARTESIAN_POINT('',(-39.72,2.7,-63.24));
#2549=CARTESIAN_POINT('',(-36.11,2.7,-63.24));
#2550=CARTESIAN_POINT('',(-89.,2.7,-63.24));
#2551=CARTESIAN_POINT('',(-89.,0.,-63.24));
#2552=CARTESIAN_POINT('',(-96.,0.,-63.24));
#2553=CARTESIAN_POINT('',(-82.,0.,-63.24));
#2554=CARTESIAN_POINT('',(-96.,2.7,-63.24));
#2555=CARTESIAN_POINT('',(-96.,2.7,-63.24));
#2556=CARTESIAN_POINT('',(-89.,2.7,-63.24));
#2557=CARTESIAN_POINT('',(-82.,2.7,-63.24));
#2558=CARTESIAN_POINT('',(-82.,2.7,-63.24));
#2559=CARTESIAN_POINT('',(-96.,2.7,-70.24));
#2560=CARTESIAN_POINT('',(-96.,0.,-70.24));
#2561=CARTESIAN_POINT('',(-96.,0.,-77.24));
#2562=CARTESIAN_POINT('',(-96.,2.7,-77.24));
#2563=CARTESIAN_POINT('',(-96.,2.7,-77.24));
#2564=CARTESIAN_POINT('',(-96.,2.7,-70.24));
#2565=CARTESIAN_POINT('',(-89.,2.7,-77.24));
#2566=CARTESIAN_POINT('',(-89.,0.,-77.24));
#2567=CARTESIAN_POINT('',(-82.,0.,-77.24));
#2568=CARTESIAN_POINT('',(-82.,2.7,-77.24));
#2569=CARTESIAN_POINT('',(-82.,2.7,-77.24));
#2570=CARTESIAN_POINT('',(-89.,2.7,-77.24));
#2571=CARTESIAN_POINT('',(-96.0099979559227,2.7,-58.48));
#2572=CARTESIAN_POINT('',(-96.0099979559227,0.,-58.48));
#2573=CARTESIAN_POINT('',(-96.0199959118454,0.,-58.48));
#2574=CARTESIAN_POINT('',(-82.,0.,-58.48));
#2575=CARTESIAN_POINT('',(-82.,2.7,-58.48));
#2576=CARTESIAN_POINT('',(-82.,2.7,-58.48));
#2577=CARTESIAN_POINT('',(-96.0099979559227,2.7,-58.48));
#2578=CARTESIAN_POINT('',(-96.0199959118454,2.7,-58.48));
#2579=CARTESIAN_POINT('',(-96.0199959118454,2.7,-58.48));
#2580=CARTESIAN_POINT('',(-82.,2.7,-51.48));
#2581=CARTESIAN_POINT('',(-82.,0.,-51.48));
#2582=CARTESIAN_POINT('',(-82.,0.,-44.48));
#2583=CARTESIAN_POINT('',(-82.,2.7,-44.48));
#2584=CARTESIAN_POINT('',(-82.,2.7,-44.48));
#2585=CARTESIAN_POINT('',(-82.,2.7,-51.48));
#2586=CARTESIAN_POINT('',(-96.0099979559227,2.7,-44.48));
#2587=CARTESIAN_POINT('',(-96.0099979559227,0.,-44.48));
#2588=CARTESIAN_POINT('',(-96.0199959118454,0.,-44.48));
#2589=CARTESIAN_POINT('',(-96.0199959118454,2.7,-44.48));
#2590=CARTESIAN_POINT('',(-96.0199959118454,2.7,-44.48));
#2591=CARTESIAN_POINT('',(-96.0099979559227,2.7,-44.48));
#2592=CARTESIAN_POINT('',(-96.,2.7,-32.72));
#2593=CARTESIAN_POINT('',(-96.,0.,-32.72));
#2594=CARTESIAN_POINT('',(-96.,0.,-39.72));
#2595=CARTESIAN_POINT('',(-96.,0.,-25.72));
#2596=CARTESIAN_POINT('',(-96.,2.7,-39.72));
#2597=CARTESIAN_POINT('',(-96.,2.7,-39.72));
#2598=CARTESIAN_POINT('',(-96.,2.7,-32.72));
#2599=CARTESIAN_POINT('',(-96.,2.7,-25.72));
#2600=CARTESIAN_POINT('',(-96.,2.7,-25.72));
#2601=CARTESIAN_POINT('',(-89.,2.7,-39.72));
#2602=CARTESIAN_POINT('',(-89.,0.,-39.72));
#2603=CARTESIAN_POINT('',(-82.,0.,-39.72));
#2604=CARTESIAN_POINT('',(-82.,2.7,-39.72));
#2605=CARTESIAN_POINT('',(-82.,2.7,-39.72));
#2606=CARTESIAN_POINT('',(-89.,2.7,-39.72));
#2607=CARTESIAN_POINT('',(-82.,2.7,-32.72));
#2608=CARTESIAN_POINT('',(-82.,0.,-32.72));
#2609=CARTESIAN_POINT('',(-82.,0.,-25.72));
#2610=CARTESIAN_POINT('',(-82.,2.7,-25.72));
#2611=CARTESIAN_POINT('',(-82.,2.7,-25.72));
#2612=CARTESIAN_POINT('',(-82.,2.7,-32.72));
#2613=CARTESIAN_POINT('',(-51.48,2.7,-96.));
#2614=CARTESIAN_POINT('',(-51.48,0.,-96.));
#2615=CARTESIAN_POINT('',(-58.48,0.,-96.));
#2616=CARTESIAN_POINT('',(-44.48,0.,-96.));
#2617=CARTESIAN_POINT('',(-44.48,2.7,-96.));
#2618=CARTESIAN_POINT('',(-44.48,2.7,-96.));
#2619=CARTESIAN_POINT('',(-51.48,2.7,-96.));
#2620=CARTESIAN_POINT('',(-58.48,2.7,-96.));
#2621=CARTESIAN_POINT('',(-58.48,2.7,-96.));
#2622=CARTESIAN_POINT('',(-44.48,2.7,-89.));
#2623=CARTESIAN_POINT('',(-44.48,0.,-89.));
#2624=CARTESIAN_POINT('',(-44.48,0.,-82.));
#2625=CARTESIAN_POINT('',(-44.48,2.7,-82.));
#2626=CARTESIAN_POINT('',(-44.48,2.7,-82.));
#2627=CARTESIAN_POINT('',(-44.48,2.7,-89.));
#2628=CARTESIAN_POINT('',(-51.48,2.7,-82.));
#2629=CARTESIAN_POINT('',(-51.48,0.,-82.));
#2630=CARTESIAN_POINT('',(-58.48,0.,-82.));
#2631=CARTESIAN_POINT('',(-58.48,2.7,-82.));
#2632=CARTESIAN_POINT('',(-58.48,2.7,-82.));
#2633=CARTESIAN_POINT('',(-51.48,2.7,-82.));
#2634=CARTESIAN_POINT('',(-77.24,2.7,-89.));
#2635=CARTESIAN_POINT('',(-77.24,0.,-89.));
#2636=CARTESIAN_POINT('',(-77.24,0.,-96.));
#2637=CARTESIAN_POINT('',(-77.24,0.,-82.));
#2638=CARTESIAN_POINT('',(-77.24,2.7,-96.));
#2639=CARTESIAN_POINT('',(-77.24,2.7,-96.));
#2640=CARTESIAN_POINT('',(-77.24,2.7,-89.));
#2641=CARTESIAN_POINT('',(-77.24,2.7,-82.));
#2642=CARTESIAN_POINT('',(-77.24,2.7,-82.));
#2643=CARTESIAN_POINT('',(-70.24,2.7,-96.));
#2644=CARTESIAN_POINT('',(-70.24,0.,-96.));
#2645=CARTESIAN_POINT('',(-63.24,0.,-96.));
#2646=CARTESIAN_POINT('',(-63.24,2.7,-96.));
#2647=CARTESIAN_POINT('',(-63.24,2.7,-96.));
#2648=CARTESIAN_POINT('',(-70.24,2.7,-96.));
#2649=CARTESIAN_POINT('',(-63.24,2.7,-89.));
#2650=CARTESIAN_POINT('',(-63.24,0.,-89.));
#2651=CARTESIAN_POINT('',(-63.24,0.,-82.));
#2652=CARTESIAN_POINT('',(-63.24,2.7,-82.));
#2653=CARTESIAN_POINT('',(-63.24,2.7,-82.));
#2654=CARTESIAN_POINT('',(-63.24,2.7,-89.));
#2655=CARTESIAN_POINT('',(-39.72,2.7,-89.));
#2656=CARTESIAN_POINT('',(-39.72,0.,-89.));
#2657=CARTESIAN_POINT('',(-39.72,0.,-96.));
#2658=CARTESIAN_POINT('',(-39.72,0.,-82.));
#2659=CARTESIAN_POINT('',(-39.72,2.7,-96.));
#2660=CARTESIAN_POINT('',(-39.72,2.7,-96.));
#2661=CARTESIAN_POINT('',(-39.72,2.7,-89.));
#2662=CARTESIAN_POINT('',(-39.72,2.7,-82.));
#2663=CARTESIAN_POINT('',(-39.72,2.7,-82.));
#2664=CARTESIAN_POINT('',(-36.11,2.7,-96.));
#2665=CARTESIAN_POINT('',(-36.11,0.,-96.));
#2666=CARTESIAN_POINT('',(-25.72,0.,-96.));
#2667=CARTESIAN_POINT('',(-25.72,2.7,-96.));
#2668=CARTESIAN_POINT('',(-25.72,2.7,-96.));
#2669=CARTESIAN_POINT('',(-36.11,2.7,-96.));
#2670=CARTESIAN_POINT('',(-25.72,2.7,-89.));
#2671=CARTESIAN_POINT('',(-25.72,0.,-89.));
#2672=CARTESIAN_POINT('',(-25.72,0.,-82.));
#2673=CARTESIAN_POINT('',(-25.72,2.7,-82.));
#2674=CARTESIAN_POINT('',(-25.72,2.7,-82.));
#2675=CARTESIAN_POINT('',(-25.72,2.7,-89.));
#2676=CARTESIAN_POINT('',(-96.,2.7,-89.));
#2677=CARTESIAN_POINT('',(-96.,0.,-89.));
#2678=CARTESIAN_POINT('',(-96.,0.,-96.));
#2679=CARTESIAN_POINT('',(-96.,0.,-82.));
#2680=CARTESIAN_POINT('',(-96.,2.7,-96.));
#2681=CARTESIAN_POINT('',(-96.,2.7,-96.));
#2682=CARTESIAN_POINT('',(-96.,2.7,-89.));
#2683=CARTESIAN_POINT('',(-96.,2.7,-82.));
#2684=CARTESIAN_POINT('',(-96.,2.7,-82.));
#2685=CARTESIAN_POINT('',(-89.,2.7,-96.));
#2686=CARTESIAN_POINT('',(-89.,0.,-96.));
#2687=CARTESIAN_POINT('',(-82.,0.,-96.));
#2688=CARTESIAN_POINT('',(-82.,2.7,-96.));
#2689=CARTESIAN_POINT('',(-82.,2.7,-96.));
#2690=CARTESIAN_POINT('',(-89.,2.7,-96.));
#2691=CARTESIAN_POINT('',(-82.,2.7,-89.));
#2692=CARTESIAN_POINT('',(-82.,0.,-89.));
#2693=CARTESIAN_POINT('',(-82.,0.,-82.));
#2694=CARTESIAN_POINT('',(-82.,2.7,-82.));
#2695=CARTESIAN_POINT('',(-82.,2.7,-82.));
#2696=CARTESIAN_POINT('',(-82.,2.7,-89.));
#2697=CARTESIAN_POINT('',(-106.,2.7,-74.9947961799572));
#2698=CARTESIAN_POINT('',(-106.,0.,-74.9947961799572));
#2699=CARTESIAN_POINT('',(-106.,0.,-50.));
#2700=CARTESIAN_POINT('',(-106.,0.,-99.9895923599143));
#2701=CARTESIAN_POINT('',(-106.,2.7,-50.));
#2702=CARTESIAN_POINT('',(-106.,2.7,-50.));
#2703=CARTESIAN_POINT('',(-106.,2.7,-74.9947961799572));
#2704=CARTESIAN_POINT('',(-106.,2.7,-99.9895923599143));
#2705=CARTESIAN_POINT('',(-106.,2.7,-99.9895923599143));
#2706=CARTESIAN_POINT('',(-103.4,2.7,-24.6));
#2707=CARTESIAN_POINT('',(-103.4,0.,-24.6));
#2708=CARTESIAN_POINT('',(-100.8,0.,0.8));
#2709=CARTESIAN_POINT('',(-100.8,2.7,0.8));
#2710=CARTESIAN_POINT('',(-100.8,2.7,0.8));
#2711=CARTESIAN_POINT('',(-103.4,2.7,-24.6));
#2712=CARTESIAN_POINT('',(-92.5908820116285,2.7,1.64030341613256));
#2713=CARTESIAN_POINT('',(-92.5908820116285,0.,1.64030341613256));
#2714=CARTESIAN_POINT('',(-95.4187932973323,0.,9.39263504850983));
#2715=CARTESIAN_POINT('',(-95.4187932973323,2.7,9.39263504850983));
#2716=CARTESIAN_POINT('',(-95.4187932973323,2.7,9.39263504850983));
#2717=CARTESIAN_POINT('',(-92.5908820116285,2.7,1.64030341613256));
#2718=CARTESIAN_POINT('',(-72.9135875727457,2.7,11.6963175242549));
#2719=CARTESIAN_POINT('',(-72.9135875727457,0.,11.6963175242549));
#2720=CARTESIAN_POINT('',(-50.4083818481591,0.,14.));
#2721=CARTESIAN_POINT('',(-50.4083818481591,2.7,14.));
#2722=CARTESIAN_POINT('',(-50.4083818481591,2.7,14.));
#2723=CARTESIAN_POINT('',(-72.9135875727457,2.7,11.6963175242549));
#2724=CARTESIAN_POINT('',(-29.5380202868525,2.7,14.));
#2725=CARTESIAN_POINT('',(-29.5380202868525,0.,14.));
#2726=CARTESIAN_POINT('',(-8.66765872554573,0.,14.));
#2727=CARTESIAN_POINT('',(-8.66765872554573,2.7,14.));
#2728=CARTESIAN_POINT('',(-8.66765872554573,2.7,14.));
#2729=CARTESIAN_POINT('',(-29.5380202868525,2.7,14.));
#2730=CARTESIAN_POINT('',(-10.0605118139449,2.7,-2.));
#2731=CARTESIAN_POINT('',(-10.0605118139449,0.,-2.));
#2732=CARTESIAN_POINT('',(6.,0.,-2.));
#2733=CARTESIAN_POINT('',(6.,2.7,-2.));
#2734=CARTESIAN_POINT('',(6.,2.7,-2.));
#2735=CARTESIAN_POINT('',(-10.0605118139449,2.7,-2.));
#2736=CARTESIAN_POINT('',(6.,2.7,-51.));
#2737=CARTESIAN_POINT('',(6.,0.,-51.));
#2738=CARTESIAN_POINT('',(6.,0.,-100.));
#2739=CARTESIAN_POINT('',(6.,2.7,-100.));
#2740=CARTESIAN_POINT('',(6.,2.7,-100.));
#2741=CARTESIAN_POINT('',(6.,2.7,-51.));
#2742=CARTESIAN_POINT('',(6.86542647133178E-17,2.7,-100.));
#2743=CARTESIAN_POINT('',(6.86542647133178E-17,0.,-100.));
#2744=CARTESIAN_POINT('',(0.,0.,-106.));
#2745=CARTESIAN_POINT('',(0.,2.7,-106.));
#2746=CARTESIAN_POINT('',(0.,2.7,-106.));
#2747=CARTESIAN_POINT('',(6.86542647133178E-17,2.7,-100.));
#2748=CARTESIAN_POINT('',(-49.9947961799572,2.7,-106.));
#2749=CARTESIAN_POINT('',(-49.9947961799572,0.,-106.));
#2750=CARTESIAN_POINT('',(-99.9895923599144,0.,-106.));
#2751=CARTESIAN_POINT('',(-99.9895923599144,2.7,-106.));
#2752=CARTESIAN_POINT('',(-99.9895923599144,2.7,-106.));
#2753=CARTESIAN_POINT('',(-49.9947961799572,2.7,-106.));
#2754=CARTESIAN_POINT('',(-51.48,2.7,-63.24));
#2755=CARTESIAN_POINT('',(-51.48,0.,-63.24));
#2756=CARTESIAN_POINT('',(-51.48,2.7,-63.24));
#2757=CARTESIAN_POINT('',(-63.24,2.7,-70.24));
#2758=CARTESIAN_POINT('',(-63.24,0.,-70.24));
#2759=CARTESIAN_POINT('',(-63.24,2.7,-70.24));
#2760=CARTESIAN_POINT('',(-44.48,2.7,-51.48));
#2761=CARTESIAN_POINT('',(-44.48,0.,-51.48));
#2762=CARTESIAN_POINT('',(-44.48,2.7,-51.48));
#2763=CARTESIAN_POINT('',(-63.24,2.7,-51.48));
#2764=CARTESIAN_POINT('',(-63.24,0.,-51.48));
#2765=CARTESIAN_POINT('',(-63.24,2.7,-51.48));
#2766=CARTESIAN_POINT('',(-1.0842021724855E-16,2.7,3.42));
#2767=CARTESIAN_POINT('',(-1.0842021724855E-16,2.7,3.42));
#2768=CARTESIAN_POINT('',(1.7,2.7,3.42));
#2769=CARTESIAN_POINT('',(-1.0842021724855E-16,0.,3.42));
#2770=CARTESIAN_POINT('',(1.7,0.,3.42));
#2771=CARTESIAN_POINT('',(-1.04094977927525E-16,2.7,-103.4));
#2772=CARTESIAN_POINT('',(-1.04094977927525E-16,2.7,-103.4));
#2773=CARTESIAN_POINT('',(1.7,2.7,-103.4));
#2774=CARTESIAN_POINT('',(-1.04094977927525E-16,0.,-103.4));
#2775=CARTESIAN_POINT('',(1.7,0.,-103.4));
#2776=CARTESIAN_POINT('',(-70.24,2.7,-39.72));
#2777=CARTESIAN_POINT('',(-70.24,0.,-39.72));
#2778=CARTESIAN_POINT('',(-70.24,2.7,-39.72));
#2779=CARTESIAN_POINT('',(-44.48,2.7,-32.72));
#2780=CARTESIAN_POINT('',(-44.48,0.,-32.72));
#2781=CARTESIAN_POINT('',(-44.48,2.7,-32.72));
#2782=CARTESIAN_POINT('',(-36.11,2.7,-39.72));
#2783=CARTESIAN_POINT('',(-36.11,0.,-39.72));
#2784=CARTESIAN_POINT('',(-36.11,2.7,-39.72));
#2785=CARTESIAN_POINT('',(-45.8,2.7,-16.5));
#2786=CARTESIAN_POINT('',(-45.8,0.,-16.5));
#2787=CARTESIAN_POINT('',(-45.8,2.7,-16.5));
#2788=CARTESIAN_POINT('',(-39.72,2.7,-70.24));
#2789=CARTESIAN_POINT('',(-39.72,0.,-70.24));
#2790=CARTESIAN_POINT('',(-39.72,2.7,-70.24));
#2791=CARTESIAN_POINT('',(-82.,2.7,-70.24));
#2792=CARTESIAN_POINT('',(-82.,0.,-70.24));
#2793=CARTESIAN_POINT('',(-82.,2.7,-70.24));
#2794=CARTESIAN_POINT('',(-96.0199959118454,2.7,-51.48));
#2795=CARTESIAN_POINT('',(-96.0199959118454,0.,-51.48));
#2796=CARTESIAN_POINT('',(-96.0199959118454,2.7,-51.48));
#2797=CARTESIAN_POINT('',(-89.,2.7,-25.72));
#2798=CARTESIAN_POINT('',(-89.,0.,-25.72));
#2799=CARTESIAN_POINT('',(-89.,2.7,-25.72));
#2800=CARTESIAN_POINT('',(-58.48,2.7,-89.));
#2801=CARTESIAN_POINT('',(-58.48,0.,-89.));
#2802=CARTESIAN_POINT('',(-58.48,2.7,-89.));
#2803=CARTESIAN_POINT('',(-70.24,2.7,-82.));
#2804=CARTESIAN_POINT('',(-70.24,0.,-82.));
#2805=CARTESIAN_POINT('',(-70.24,2.7,-82.));
#2806=CARTESIAN_POINT('',(-36.11,2.7,-82.));
#2807=CARTESIAN_POINT('',(-36.11,0.,-82.));
#2808=CARTESIAN_POINT('',(-36.11,2.7,-82.));
#2809=CARTESIAN_POINT('',(-89.,2.7,-82.));
#2810=CARTESIAN_POINT('',(-89.,0.,-82.));
#2811=CARTESIAN_POINT('',(-89.,2.7,-82.));
#2812=CARTESIAN_POINT('',(-99.9947961799572,2.7,-103.4));
#2813=CARTESIAN_POINT('',(-99.9947961799572,2.7,-103.4));
#2814=CARTESIAN_POINT('',(-98.2947961799572,2.7,-103.4));
#2815=CARTESIAN_POINT('',(-99.9947961799572,0.,-103.4));
#2816=CARTESIAN_POINT('',(-98.2947961799572,0.,-103.4));
#2817=CARTESIAN_POINT('',(-99.9895923599144,2.7,-99.9895923599143));
#2818=CARTESIAN_POINT('',(-99.9895923599144,0.,-99.9895923599143));
#2819=CARTESIAN_POINT('',(-99.9895923599144,2.7,-99.9895923599143));
#2820=CARTESIAN_POINT('',(-39.72,2.7,-51.48));
#2821=CARTESIAN_POINT('',(-39.72,0.,-51.48));
#2822=CARTESIAN_POINT('',(-39.72,2.7,-51.48));
#2823=CARTESIAN_POINT('',(-49.8284271247462,2.7,-46.));
#2824=CARTESIAN_POINT('',(-96.4342239126106,2.7,5.39472719565446));
#2825=CARTESIAN_POINT('',(-98.1342239126106,2.7,5.39472719565446));
#2826=CARTESIAN_POINT('',(-49.8284271247462,0.,-46.));
#2827=CARTESIAN_POINT('',(-96.4342239126106,0.,5.39472719565446));
#2828=CARTESIAN_POINT('',(-94.7342239126106,0.,5.39472719565446));
#2829=CARTESIAN_POINT('',(-96.4342239126106,2.7,5.39472719565446));
#2830=MECHANICAL_DESIGN_GEOMETRIC_PRESENTATION_REPRESENTATION('',(#1799),
#2831);
#2831=(
GEOMETRIC_REPRESENTATION_CONTEXT(3)
GLOBAL_UNCERTAINTY_ASSIGNED_CONTEXT((#2832))
GLOBAL_UNIT_ASSIGNED_CONTEXT((#2835,#2834,#2833))
REPRESENTATION_CONTEXT('plate','TOP_LEVEL_ASSEMBLY_PART')
);
#2832=UNCERTAINTY_MEASURE_WITH_UNIT(LENGTH_MEASURE(1.E-5),#2835,
'DISTANCE_ACCURACY_VALUE','Maximum Tolerance applied to model');
#2833=(
NAMED_UNIT(*)
SI_UNIT($,.STERADIAN.)
SOLID_ANGLE_UNIT()
);
#2834=(
NAMED_UNIT(*)
PLANE_ANGLE_UNIT()
SI_UNIT($,.RADIAN.)
);
#2835=(
LENGTH_UNIT()
NAMED_UNIT(*)
SI_UNIT(.MILLI.,.METRE.)
);
#2836=PRODUCT_DEFINITION_SHAPE('','',#2837);
#2837=PRODUCT_DEFINITION('','',#2839,#2838);
#2838=PRODUCT_DEFINITION_CONTEXT('',#2845,'design');
#2839=PRODUCT_DEFINITION_FORMATION_WITH_SPECIFIED_SOURCE('','',#2841,
 .NOT_KNOWN.);
#2840=PRODUCT_RELATED_PRODUCT_CATEGORY('','',(#2841));
#2841=PRODUCT('plate','plate','plate',(#2843));
#2842=PRODUCT_CATEGORY('','');
#2843=PRODUCT_CONTEXT('',#2845,'mechanical');
#2844=APPLICATION_PROTOCOL_DEFINITION('international standard',
'ap242_managed_model_based_3d_engineering',2020,#2845);
#2845=APPLICATION_CONTEXT('managed model based 3d engineering');
ENDSEC;
END-ISO-10303-21;
