ISO-10303-21;
HEADER;
/* Generated by software containing ST-Developer
 * from STEP Tools, Inc. (www.steptools.com) 
 */
/* OPTION: using custom renumber hook */

FILE_DESCRIPTION(
/* description */ ('STEP AP242 Edition 2',
'CAx-IF Rec.Pracs.---Representation and Presentation of Product Manufa
cturing Information (PMI)---4.0---2014-10-13',
'CAx-IF Rec.Pracs.---3D Tessellated Geometry---0.4---2014-09-14','2;1',
'CAx-IF Rec.Pracs.---User Defined Attributes---1.5---2016-08-15'),
/* implementation_level */ '2;1');

FILE_NAME(
/* name */ '6a9acd6438727a4d7ce29e7d',
/* time_stamp */ '2026-09-04T13:53:43Z',
/* author */ (''),
/* organization */ (''),
/* preprocessor_version */ 'ST-DEVELOPER v20',
/* originating_system */ 'ONSHAPE BY PTC INC, 1.220',
/* authorisation */ '  ');

FILE_SCHEMA (('AP242_MANAGED_MODEL_BASED_3D_ENGINEERING_MIM_LF { 1 0 10303 442 3 1 4 }'));
ENDSEC;

DATA;
#10=CONTEXT_DEPENDENT_SHAPE_REPRESENTATION(#16,#4586);
#11=CONTEXT_DEPENDENT_SHAPE_REPRESENTATION(#17,#4588);
#12=CONTEXT_DEPENDENT_SHAPE_REPRESENTATION(#18,#4590);
#13=NEXT_ASSEMBLY_USAGE_OCCURRENCE('NAUO1','plate','plate',#4591,#4592,
'');
#14=NEXT_ASSEMBLY_USAGE_OCCURRENCE('NAUO2','pcb','pcb',#4591,#4593,'');
#15=NEXT_ASSEMBLY_USAGE_OCCURRENCE('NAUO3','case','case',#4591,#4594,'');
#16=(
REPRESENTATION_RELATIONSHIP(' ',' ',#2895,#2894)
REPRESENTATION_RELATIONSHIP_WITH_TRANSFORMATION(#19)
SHAPE_REPRESENTATION_RELATIONSHIP()
);
#17=(
REPRESENTATION_RELATIONSHIP(' ',' ',#2896,#2894)
REPRESENTATION_RELATIONSHIP_WITH_TRANSFORMATION(#20)
SHAPE_REPRESENTATION_RELATIONSHIP()
);
#18=(
REPRESENTATION_RELATIONSHIP(' ',' ',#2897,#2894)
REPRESENTATION_RELATIONSHIP_WITH_TRANSFORMATION(#21)
SHAPE_REPRESENTATION_RELATIONSHIP()
);
#19=ITEM_DEFINED_TRANSFORMATION(' ',' ',#2898,#2999);
#20=ITEM_DEFINED_TRANSFORMATION(' ',' ',#2898,#3006);
#21=ITEM_DEFINED_TRANSFORMATION(' ',' ',#2898,#3073);
#22=SHAPE_REPRESENTATION_RELATIONSHIP('','',#2895,#25);
#23=SHAPE_REPRESENTATION_RELATIONSHIP('','',#2896,#26);
#24=SHAPE_REPRESENTATION_RELATIONSHIP('','',#2897,#27);
#25=ADVANCED_BREP_SHAPE_REPRESENTATION('',(#2887),#4574);
#26=ADVANCED_BREP_SHAPE_REPRESENTATION('',(#2888),#4575);
#27=ADVANCED_BREP_SHAPE_REPRESENTATION('',(#2889),#4576);
#28=CIRCLE('',#2953,8.25201357113332);
#29=CIRCLE('',#2954,8.25201357113332);
#30=CIRCLE('',#2958,16.0605118139449);
#31=CIRCLE('',#2959,16.0605118139449);
#32=CIRCLE('',#2962,6.);
#33=CIRCLE('',#2963,6.);
#34=CIRCLE('',#2970,1.7);
#35=CIRCLE('',#2971,1.7);
#36=CIRCLE('',#2973,1.7);
#37=CIRCLE('',#2974,1.7);
#38=CIRCLE('',#2988,1.7);
#39=CIRCLE('',#2989,1.7);
#40=CIRCLE('',#2991,6.01040764008564);
#41=CIRCLE('',#2992,6.01040764008564);
#42=CIRCLE('',#2995,1.7);
#43=CIRCLE('',#2997,1.7);
#44=CIRCLE('',#3008,2.35);
#45=CIRCLE('',#3009,2.35);
#46=CIRCLE('',#3010,2.35);
#47=CIRCLE('',#3011,2.35);
#48=CIRCLE('',#3012,6.8);
#49=CIRCLE('',#3013,6.81040764008564);
#50=CIRCLE('',#3038,2.35);
#51=CIRCLE('',#3041,2.35);
#52=CIRCLE('',#3044,2.35);
#53=CIRCLE('',#3047,2.35);
#54=CIRCLE('',#3054,6.81040764008564);
#55=CIRCLE('',#3057,6.8);
#56=CYLINDRICAL_SURFACE('',#2952,8.25201357113332);
#57=CYLINDRICAL_SURFACE('',#2957,16.0605118139449);
#58=CYLINDRICAL_SURFACE('',#2961,6.);
#59=CYLINDRICAL_SURFACE('',#2969,1.7);
#60=CYLINDRICAL_SURFACE('',#2972,1.7);
#61=CYLINDRICAL_SURFACE('',#2987,1.7);
#62=CYLINDRICAL_SURFACE('',#2990,6.01040764008564);
#63=CYLINDRICAL_SURFACE('',#2998,1.7);
#64=CYLINDRICAL_SURFACE('',#3039,2.35);
#65=CYLINDRICAL_SURFACE('',#3042,2.35);
#66=CYLINDRICAL_SURFACE('',#3045,2.35);
#67=CYLINDRICAL_SURFACE('',#3048,2.35);
#68=CYLINDRICAL_SURFACE('',#3053,6.81040764008564);
#69=CYLINDRICAL_SURFACE('',#3056,6.8);
#70=ORIENTED_EDGE('',*,*,#838,.T.);
#71=ORIENTED_EDGE('',*,*,#839,.F.);
#72=ORIENTED_EDGE('',*,*,#840,.F.);
#73=ORIENTED_EDGE('',*,*,#841,.T.);
#74=ORIENTED_EDGE('',*,*,#842,.T.);
#75=ORIENTED_EDGE('',*,*,#843,.F.);
#76=ORIENTED_EDGE('',*,*,#844,.F.);
#77=ORIENTED_EDGE('',*,*,#839,.T.);
#78=ORIENTED_EDGE('',*,*,#845,.F.);
#79=ORIENTED_EDGE('',*,*,#846,.F.);
#80=ORIENTED_EDGE('',*,*,#847,.T.);
#81=ORIENTED_EDGE('',*,*,#843,.T.);
#82=ORIENTED_EDGE('',*,*,#848,.F.);
#83=ORIENTED_EDGE('',*,*,#849,.F.);
#84=ORIENTED_EDGE('',*,*,#850,.T.);
#85=ORIENTED_EDGE('',*,*,#851,.T.);
#86=ORIENTED_EDGE('',*,*,#852,.T.);
#87=ORIENTED_EDGE('',*,*,#853,.F.);
#88=ORIENTED_EDGE('',*,*,#854,.F.);
#89=ORIENTED_EDGE('',*,*,#849,.T.);
#90=ORIENTED_EDGE('',*,*,#855,.T.);
#91=ORIENTED_EDGE('',*,*,#856,.F.);
#92=ORIENTED_EDGE('',*,*,#857,.F.);
#93=ORIENTED_EDGE('',*,*,#853,.T.);
#94=ORIENTED_EDGE('',*,*,#858,.F.);
#95=ORIENTED_EDGE('',*,*,#859,.F.);
#96=ORIENTED_EDGE('',*,*,#860,.T.);
#97=ORIENTED_EDGE('',*,*,#861,.T.);
#98=ORIENTED_EDGE('',*,*,#862,.F.);
#99=ORIENTED_EDGE('',*,*,#863,.F.);
#100=ORIENTED_EDGE('',*,*,#864,.T.);
#101=ORIENTED_EDGE('',*,*,#859,.T.);
#102=ORIENTED_EDGE('',*,*,#865,.T.);
#103=ORIENTED_EDGE('',*,*,#866,.F.);
#104=ORIENTED_EDGE('',*,*,#867,.F.);
#105=ORIENTED_EDGE('',*,*,#863,.T.);
#106=ORIENTED_EDGE('',*,*,#868,.F.);
#107=ORIENTED_EDGE('',*,*,#869,.F.);
#108=ORIENTED_EDGE('',*,*,#870,.T.);
#109=ORIENTED_EDGE('',*,*,#871,.T.);
#110=ORIENTED_EDGE('',*,*,#872,.F.);
#111=ORIENTED_EDGE('',*,*,#873,.F.);
#112=ORIENTED_EDGE('',*,*,#874,.T.);
#113=ORIENTED_EDGE('',*,*,#869,.T.);
#114=ORIENTED_EDGE('',*,*,#875,.T.);
#115=ORIENTED_EDGE('',*,*,#876,.F.);
#116=ORIENTED_EDGE('',*,*,#877,.F.);
#117=ORIENTED_EDGE('',*,*,#873,.T.);
#118=ORIENTED_EDGE('',*,*,#878,.F.);
#119=ORIENTED_EDGE('',*,*,#879,.F.);
#120=ORIENTED_EDGE('',*,*,#880,.T.);
#121=ORIENTED_EDGE('',*,*,#881,.T.);
#122=ORIENTED_EDGE('',*,*,#882,.F.);
#123=ORIENTED_EDGE('',*,*,#883,.F.);
#124=ORIENTED_EDGE('',*,*,#884,.T.);
#125=ORIENTED_EDGE('',*,*,#879,.T.);
#126=ORIENTED_EDGE('',*,*,#885,.T.);
#127=ORIENTED_EDGE('',*,*,#886,.F.);
#128=ORIENTED_EDGE('',*,*,#887,.F.);
#129=ORIENTED_EDGE('',*,*,#883,.T.);
#130=ORIENTED_EDGE('',*,*,#888,.T.);
#131=ORIENTED_EDGE('',*,*,#889,.F.);
#132=ORIENTED_EDGE('',*,*,#890,.F.);
#133=ORIENTED_EDGE('',*,*,#891,.T.);
#134=ORIENTED_EDGE('',*,*,#892,.F.);
#135=ORIENTED_EDGE('',*,*,#893,.F.);
#136=ORIENTED_EDGE('',*,*,#894,.T.);
#137=ORIENTED_EDGE('',*,*,#889,.T.);
#138=ORIENTED_EDGE('',*,*,#895,.F.);
#139=ORIENTED_EDGE('',*,*,#896,.F.);
#140=ORIENTED_EDGE('',*,*,#897,.T.);
#141=ORIENTED_EDGE('',*,*,#893,.T.);
#142=ORIENTED_EDGE('',*,*,#898,.F.);
#143=ORIENTED_EDGE('',*,*,#899,.F.);
#144=ORIENTED_EDGE('',*,*,#900,.T.);
#145=ORIENTED_EDGE('',*,*,#901,.T.);
#146=ORIENTED_EDGE('',*,*,#902,.F.);
#147=ORIENTED_EDGE('',*,*,#903,.F.);
#148=ORIENTED_EDGE('',*,*,#904,.T.);
#149=ORIENTED_EDGE('',*,*,#899,.T.);
#150=ORIENTED_EDGE('',*,*,#905,.T.);
#151=ORIENTED_EDGE('',*,*,#906,.F.);
#152=ORIENTED_EDGE('',*,*,#907,.F.);
#153=ORIENTED_EDGE('',*,*,#903,.T.);
#154=ORIENTED_EDGE('',*,*,#908,.T.);
#155=ORIENTED_EDGE('',*,*,#909,.F.);
#156=ORIENTED_EDGE('',*,*,#910,.F.);
#157=ORIENTED_EDGE('',*,*,#911,.T.);
#158=ORIENTED_EDGE('',*,*,#912,.F.);
#159=ORIENTED_EDGE('',*,*,#913,.F.);
#160=ORIENTED_EDGE('',*,*,#914,.T.);
#161=ORIENTED_EDGE('',*,*,#909,.T.);
#162=ORIENTED_EDGE('',*,*,#915,.F.);
#163=ORIENTED_EDGE('',*,*,#916,.F.);
#164=ORIENTED_EDGE('',*,*,#917,.T.);
#165=ORIENTED_EDGE('',*,*,#913,.T.);
#166=ORIENTED_EDGE('',*,*,#918,.F.);
#167=ORIENTED_EDGE('',*,*,#919,.F.);
#168=ORIENTED_EDGE('',*,*,#920,.T.);
#169=ORIENTED_EDGE('',*,*,#921,.T.);
#170=ORIENTED_EDGE('',*,*,#922,.T.);
#171=ORIENTED_EDGE('',*,*,#923,.F.);
#172=ORIENTED_EDGE('',*,*,#924,.F.);
#173=ORIENTED_EDGE('',*,*,#919,.T.);
#174=ORIENTED_EDGE('',*,*,#925,.T.);
#175=ORIENTED_EDGE('',*,*,#926,.F.);
#176=ORIENTED_EDGE('',*,*,#927,.F.);
#177=ORIENTED_EDGE('',*,*,#923,.T.);
#178=ORIENTED_EDGE('',*,*,#928,.T.);
#179=ORIENTED_EDGE('',*,*,#929,.F.);
#180=ORIENTED_EDGE('',*,*,#930,.F.);
#181=ORIENTED_EDGE('',*,*,#931,.T.);
#182=ORIENTED_EDGE('',*,*,#932,.T.);
#183=ORIENTED_EDGE('',*,*,#933,.F.);
#184=ORIENTED_EDGE('',*,*,#934,.F.);
#185=ORIENTED_EDGE('',*,*,#929,.T.);
#186=ORIENTED_EDGE('',*,*,#935,.F.);
#187=ORIENTED_EDGE('',*,*,#936,.F.);
#188=ORIENTED_EDGE('',*,*,#937,.T.);
#189=ORIENTED_EDGE('',*,*,#933,.T.);
#190=ORIENTED_EDGE('',*,*,#938,.F.);
#191=ORIENTED_EDGE('',*,*,#939,.F.);
#192=ORIENTED_EDGE('',*,*,#940,.T.);
#193=ORIENTED_EDGE('',*,*,#941,.T.);
#194=ORIENTED_EDGE('',*,*,#942,.F.);
#195=ORIENTED_EDGE('',*,*,#943,.F.);
#196=ORIENTED_EDGE('',*,*,#944,.T.);
#197=ORIENTED_EDGE('',*,*,#939,.T.);
#198=ORIENTED_EDGE('',*,*,#945,.T.);
#199=ORIENTED_EDGE('',*,*,#946,.F.);
#200=ORIENTED_EDGE('',*,*,#947,.F.);
#201=ORIENTED_EDGE('',*,*,#943,.T.);
#202=ORIENTED_EDGE('',*,*,#948,.T.);
#203=ORIENTED_EDGE('',*,*,#949,.F.);
#204=ORIENTED_EDGE('',*,*,#950,.F.);
#205=ORIENTED_EDGE('',*,*,#951,.T.);
#206=ORIENTED_EDGE('',*,*,#952,.T.);
#207=ORIENTED_EDGE('',*,*,#953,.F.);
#208=ORIENTED_EDGE('',*,*,#954,.F.);
#209=ORIENTED_EDGE('',*,*,#949,.T.);
#210=ORIENTED_EDGE('',*,*,#955,.F.);
#211=ORIENTED_EDGE('',*,*,#956,.F.);
#212=ORIENTED_EDGE('',*,*,#957,.T.);
#213=ORIENTED_EDGE('',*,*,#953,.T.);
#214=ORIENTED_EDGE('',*,*,#958,.F.);
#215=ORIENTED_EDGE('',*,*,#959,.F.);
#216=ORIENTED_EDGE('',*,*,#960,.T.);
#217=ORIENTED_EDGE('',*,*,#961,.T.);
#218=ORIENTED_EDGE('',*,*,#962,.T.);
#219=ORIENTED_EDGE('',*,*,#963,.F.);
#220=ORIENTED_EDGE('',*,*,#964,.F.);
#221=ORIENTED_EDGE('',*,*,#959,.T.);
#222=ORIENTED_EDGE('',*,*,#965,.T.);
#223=ORIENTED_EDGE('',*,*,#966,.F.);
#224=ORIENTED_EDGE('',*,*,#967,.F.);
#225=ORIENTED_EDGE('',*,*,#963,.T.);
#226=ORIENTED_EDGE('',*,*,#968,.T.);
#227=ORIENTED_EDGE('',*,*,#969,.F.);
#228=ORIENTED_EDGE('',*,*,#970,.F.);
#229=ORIENTED_EDGE('',*,*,#971,.T.);
#230=ORIENTED_EDGE('',*,*,#972,.T.);
#231=ORIENTED_EDGE('',*,*,#973,.F.);
#232=ORIENTED_EDGE('',*,*,#974,.F.);
#233=ORIENTED_EDGE('',*,*,#969,.T.);
#234=ORIENTED_EDGE('',*,*,#975,.T.);
#235=ORIENTED_EDGE('',*,*,#976,.F.);
#236=ORIENTED_EDGE('',*,*,#977,.F.);
#237=ORIENTED_EDGE('',*,*,#973,.T.);
#238=ORIENTED_EDGE('',*,*,#978,.F.);
#239=ORIENTED_EDGE('',*,*,#979,.F.);
#240=ORIENTED_EDGE('',*,*,#980,.T.);
#241=ORIENTED_EDGE('',*,*,#981,.T.);
#242=ORIENTED_EDGE('',*,*,#982,.T.);
#243=ORIENTED_EDGE('',*,*,#983,.F.);
#244=ORIENTED_EDGE('',*,*,#984,.F.);
#245=ORIENTED_EDGE('',*,*,#979,.T.);
#246=ORIENTED_EDGE('',*,*,#985,.F.);
#247=ORIENTED_EDGE('',*,*,#986,.F.);
#248=ORIENTED_EDGE('',*,*,#987,.T.);
#249=ORIENTED_EDGE('',*,*,#983,.T.);
#250=ORIENTED_EDGE('',*,*,#988,.F.);
#251=ORIENTED_EDGE('',*,*,#989,.F.);
#252=ORIENTED_EDGE('',*,*,#990,.T.);
#253=ORIENTED_EDGE('',*,*,#991,.T.);
#254=ORIENTED_EDGE('',*,*,#992,.T.);
#255=ORIENTED_EDGE('',*,*,#993,.F.);
#256=ORIENTED_EDGE('',*,*,#994,.F.);
#257=ORIENTED_EDGE('',*,*,#989,.T.);
#258=ORIENTED_EDGE('',*,*,#995,.T.);
#259=ORIENTED_EDGE('',*,*,#996,.F.);
#260=ORIENTED_EDGE('',*,*,#997,.F.);
#261=ORIENTED_EDGE('',*,*,#993,.T.);
#262=ORIENTED_EDGE('',*,*,#998,.F.);
#263=ORIENTED_EDGE('',*,*,#999,.F.);
#264=ORIENTED_EDGE('',*,*,#1000,.T.);
#265=ORIENTED_EDGE('',*,*,#1001,.T.);
#266=ORIENTED_EDGE('',*,*,#1002,.T.);
#267=ORIENTED_EDGE('',*,*,#1003,.F.);
#268=ORIENTED_EDGE('',*,*,#1004,.F.);
#269=ORIENTED_EDGE('',*,*,#999,.T.);
#270=ORIENTED_EDGE('',*,*,#1005,.T.);
#271=ORIENTED_EDGE('',*,*,#1006,.F.);
#272=ORIENTED_EDGE('',*,*,#1007,.F.);
#273=ORIENTED_EDGE('',*,*,#1003,.T.);
#274=ORIENTED_EDGE('',*,*,#1008,.F.);
#275=ORIENTED_EDGE('',*,*,#1009,.F.);
#276=ORIENTED_EDGE('',*,*,#1010,.T.);
#277=ORIENTED_EDGE('',*,*,#1011,.T.);
#278=ORIENTED_EDGE('',*,*,#1012,.F.);
#279=ORIENTED_EDGE('',*,*,#1013,.F.);
#280=ORIENTED_EDGE('',*,*,#1014,.T.);
#281=ORIENTED_EDGE('',*,*,#1009,.T.);
#282=ORIENTED_EDGE('',*,*,#1015,.T.);
#283=ORIENTED_EDGE('',*,*,#1016,.F.);
#284=ORIENTED_EDGE('',*,*,#1017,.F.);
#285=ORIENTED_EDGE('',*,*,#1013,.T.);
#286=ORIENTED_EDGE('',*,*,#1018,.T.);
#287=ORIENTED_EDGE('',*,*,#1019,.F.);
#288=ORIENTED_EDGE('',*,*,#1020,.F.);
#289=ORIENTED_EDGE('',*,*,#1016,.T.);
#290=ORIENTED_EDGE('',*,*,#1021,.F.);
#291=ORIENTED_EDGE('',*,*,#1022,.F.);
#292=ORIENTED_EDGE('',*,*,#1023,.T.);
#293=ORIENTED_EDGE('',*,*,#1019,.T.);
#294=ORIENTED_EDGE('',*,*,#1024,.T.);
#295=ORIENTED_EDGE('',*,*,#1025,.F.);
#296=ORIENTED_EDGE('',*,*,#1026,.F.);
#297=ORIENTED_EDGE('',*,*,#1022,.T.);
#298=ORIENTED_EDGE('',*,*,#1027,.T.);
#299=ORIENTED_EDGE('',*,*,#1028,.F.);
#300=ORIENTED_EDGE('',*,*,#1029,.F.);
#301=ORIENTED_EDGE('',*,*,#1025,.T.);
#302=ORIENTED_EDGE('',*,*,#1030,.F.);
#303=ORIENTED_EDGE('',*,*,#1031,.F.);
#304=ORIENTED_EDGE('',*,*,#1032,.T.);
#305=ORIENTED_EDGE('',*,*,#1028,.T.);
#306=ORIENTED_EDGE('',*,*,#1033,.T.);
#307=ORIENTED_EDGE('',*,*,#1034,.F.);
#308=ORIENTED_EDGE('',*,*,#1035,.F.);
#309=ORIENTED_EDGE('',*,*,#1031,.T.);
#310=ORIENTED_EDGE('',*,*,#1036,.F.);
#311=ORIENTED_EDGE('',*,*,#851,.F.);
#312=ORIENTED_EDGE('',*,*,#1037,.T.);
#313=ORIENTED_EDGE('',*,*,#856,.T.);
#314=ORIENTED_EDGE('',*,*,#1038,.T.);
#315=ORIENTED_EDGE('',*,*,#861,.F.);
#316=ORIENTED_EDGE('',*,*,#1039,.F.);
#317=ORIENTED_EDGE('',*,*,#866,.T.);
#318=ORIENTED_EDGE('',*,*,#1040,.T.);
#319=ORIENTED_EDGE('',*,*,#871,.F.);
#320=ORIENTED_EDGE('',*,*,#1041,.F.);
#321=ORIENTED_EDGE('',*,*,#876,.T.);
#322=ORIENTED_EDGE('',*,*,#1042,.T.);
#323=ORIENTED_EDGE('',*,*,#881,.F.);
#324=ORIENTED_EDGE('',*,*,#1043,.F.);
#325=ORIENTED_EDGE('',*,*,#886,.T.);
#326=ORIENTED_EDGE('',*,*,#1044,.T.);
#327=ORIENTED_EDGE('',*,*,#1045,.F.);
#328=ORIENTED_EDGE('',*,*,#1046,.T.);
#329=ORIENTED_EDGE('',*,*,#1047,.F.);
#330=ORIENTED_EDGE('',*,*,#1048,.T.);
#331=ORIENTED_EDGE('',*,*,#891,.F.);
#332=ORIENTED_EDGE('',*,*,#1049,.F.);
#333=ORIENTED_EDGE('',*,*,#896,.T.);
#334=ORIENTED_EDGE('',*,*,#1050,.T.);
#335=ORIENTED_EDGE('',*,*,#901,.F.);
#336=ORIENTED_EDGE('',*,*,#1051,.F.);
#337=ORIENTED_EDGE('',*,*,#906,.T.);
#338=ORIENTED_EDGE('',*,*,#1052,.T.);
#339=ORIENTED_EDGE('',*,*,#911,.F.);
#340=ORIENTED_EDGE('',*,*,#1053,.F.);
#341=ORIENTED_EDGE('',*,*,#916,.T.);
#342=ORIENTED_EDGE('',*,*,#1054,.F.);
#343=ORIENTED_EDGE('',*,*,#921,.F.);
#344=ORIENTED_EDGE('',*,*,#1055,.T.);
#345=ORIENTED_EDGE('',*,*,#926,.T.);
#346=ORIENTED_EDGE('',*,*,#1056,.F.);
#347=ORIENTED_EDGE('',*,*,#931,.F.);
#348=ORIENTED_EDGE('',*,*,#1057,.T.);
#349=ORIENTED_EDGE('',*,*,#936,.T.);
#350=ORIENTED_EDGE('',*,*,#1058,.T.);
#351=ORIENTED_EDGE('',*,*,#941,.F.);
#352=ORIENTED_EDGE('',*,*,#1059,.F.);
#353=ORIENTED_EDGE('',*,*,#946,.T.);
#354=ORIENTED_EDGE('',*,*,#1060,.F.);
#355=ORIENTED_EDGE('',*,*,#951,.F.);
#356=ORIENTED_EDGE('',*,*,#1061,.T.);
#357=ORIENTED_EDGE('',*,*,#956,.T.);
#358=ORIENTED_EDGE('',*,*,#1062,.F.);
#359=ORIENTED_EDGE('',*,*,#961,.F.);
#360=ORIENTED_EDGE('',*,*,#1063,.T.);
#361=ORIENTED_EDGE('',*,*,#966,.T.);
#362=ORIENTED_EDGE('',*,*,#1064,.T.);
#363=ORIENTED_EDGE('',*,*,#971,.F.);
#364=ORIENTED_EDGE('',*,*,#1065,.F.);
#365=ORIENTED_EDGE('',*,*,#976,.T.);
#366=ORIENTED_EDGE('',*,*,#1066,.F.);
#367=ORIENTED_EDGE('',*,*,#981,.F.);
#368=ORIENTED_EDGE('',*,*,#1067,.T.);
#369=ORIENTED_EDGE('',*,*,#986,.T.);
#370=ORIENTED_EDGE('',*,*,#1068,.T.);
#371=ORIENTED_EDGE('',*,*,#991,.F.);
#372=ORIENTED_EDGE('',*,*,#1069,.F.);
#373=ORIENTED_EDGE('',*,*,#996,.T.);
#374=ORIENTED_EDGE('',*,*,#1070,.F.);
#375=ORIENTED_EDGE('',*,*,#1001,.F.);
#376=ORIENTED_EDGE('',*,*,#1071,.T.);
#377=ORIENTED_EDGE('',*,*,#1006,.T.);
#378=ORIENTED_EDGE('',*,*,#1072,.T.);
#379=ORIENTED_EDGE('',*,*,#1073,.F.);
#380=ORIENTED_EDGE('',*,*,#1074,.F.);
#381=ORIENTED_EDGE('',*,*,#1011,.F.);
#382=ORIENTED_EDGE('',*,*,#1075,.T.);
#383=ORIENTED_EDGE('',*,*,#1034,.T.);
#384=ORIENTED_EDGE('',*,*,#1076,.F.);
#385=ORIENTED_EDGE('',*,*,#841,.F.);
#386=ORIENTED_EDGE('',*,*,#1077,.T.);
#387=ORIENTED_EDGE('',*,*,#846,.T.);
#388=ORIENTED_EDGE('',*,*,#1078,.T.);
#389=ORIENTED_EDGE('',*,*,#1010,.F.);
#390=ORIENTED_EDGE('',*,*,#1014,.F.);
#391=ORIENTED_EDGE('',*,*,#1017,.T.);
#392=ORIENTED_EDGE('',*,*,#1020,.T.);
#393=ORIENTED_EDGE('',*,*,#1023,.F.);
#394=ORIENTED_EDGE('',*,*,#1026,.T.);
#395=ORIENTED_EDGE('',*,*,#1029,.T.);
#396=ORIENTED_EDGE('',*,*,#1032,.F.);
#397=ORIENTED_EDGE('',*,*,#1035,.T.);
#398=ORIENTED_EDGE('',*,*,#1075,.F.);
#399=ORIENTED_EDGE('',*,*,#1072,.F.);
#400=ORIENTED_EDGE('',*,*,#1000,.F.);
#401=ORIENTED_EDGE('',*,*,#1004,.T.);
#402=ORIENTED_EDGE('',*,*,#1007,.T.);
#403=ORIENTED_EDGE('',*,*,#1071,.F.);
#404=ORIENTED_EDGE('',*,*,#990,.F.);
#405=ORIENTED_EDGE('',*,*,#994,.T.);
#406=ORIENTED_EDGE('',*,*,#997,.T.);
#407=ORIENTED_EDGE('',*,*,#1069,.T.);
#408=ORIENTED_EDGE('',*,*,#980,.F.);
#409=ORIENTED_EDGE('',*,*,#984,.T.);
#410=ORIENTED_EDGE('',*,*,#987,.F.);
#411=ORIENTED_EDGE('',*,*,#1067,.F.);
#412=ORIENTED_EDGE('',*,*,#970,.T.);
#413=ORIENTED_EDGE('',*,*,#974,.T.);
#414=ORIENTED_EDGE('',*,*,#977,.T.);
#415=ORIENTED_EDGE('',*,*,#1065,.T.);
#416=ORIENTED_EDGE('',*,*,#960,.F.);
#417=ORIENTED_EDGE('',*,*,#964,.T.);
#418=ORIENTED_EDGE('',*,*,#967,.T.);
#419=ORIENTED_EDGE('',*,*,#1063,.F.);
#420=ORIENTED_EDGE('',*,*,#950,.T.);
#421=ORIENTED_EDGE('',*,*,#954,.T.);
#422=ORIENTED_EDGE('',*,*,#957,.F.);
#423=ORIENTED_EDGE('',*,*,#1061,.F.);
#424=ORIENTED_EDGE('',*,*,#940,.F.);
#425=ORIENTED_EDGE('',*,*,#944,.F.);
#426=ORIENTED_EDGE('',*,*,#947,.T.);
#427=ORIENTED_EDGE('',*,*,#1059,.T.);
#428=ORIENTED_EDGE('',*,*,#930,.T.);
#429=ORIENTED_EDGE('',*,*,#934,.T.);
#430=ORIENTED_EDGE('',*,*,#937,.F.);
#431=ORIENTED_EDGE('',*,*,#1057,.F.);
#432=ORIENTED_EDGE('',*,*,#920,.F.);
#433=ORIENTED_EDGE('',*,*,#924,.T.);
#434=ORIENTED_EDGE('',*,*,#927,.T.);
#435=ORIENTED_EDGE('',*,*,#1055,.F.);
#436=ORIENTED_EDGE('',*,*,#910,.T.);
#437=ORIENTED_EDGE('',*,*,#914,.F.);
#438=ORIENTED_EDGE('',*,*,#917,.F.);
#439=ORIENTED_EDGE('',*,*,#1053,.T.);
#440=ORIENTED_EDGE('',*,*,#900,.F.);
#441=ORIENTED_EDGE('',*,*,#904,.F.);
#442=ORIENTED_EDGE('',*,*,#907,.T.);
#443=ORIENTED_EDGE('',*,*,#1051,.T.);
#444=ORIENTED_EDGE('',*,*,#890,.T.);
#445=ORIENTED_EDGE('',*,*,#894,.F.);
#446=ORIENTED_EDGE('',*,*,#897,.F.);
#447=ORIENTED_EDGE('',*,*,#1049,.T.);
#448=ORIENTED_EDGE('',*,*,#1046,.F.);
#449=ORIENTED_EDGE('',*,*,#1044,.F.);
#450=ORIENTED_EDGE('',*,*,#880,.F.);
#451=ORIENTED_EDGE('',*,*,#884,.F.);
#452=ORIENTED_EDGE('',*,*,#887,.T.);
#453=ORIENTED_EDGE('',*,*,#1043,.T.);
#454=ORIENTED_EDGE('',*,*,#870,.F.);
#455=ORIENTED_EDGE('',*,*,#874,.F.);
#456=ORIENTED_EDGE('',*,*,#877,.T.);
#457=ORIENTED_EDGE('',*,*,#1041,.T.);
#458=ORIENTED_EDGE('',*,*,#860,.F.);
#459=ORIENTED_EDGE('',*,*,#864,.F.);
#460=ORIENTED_EDGE('',*,*,#867,.T.);
#461=ORIENTED_EDGE('',*,*,#1039,.T.);
#462=ORIENTED_EDGE('',*,*,#850,.F.);
#463=ORIENTED_EDGE('',*,*,#854,.T.);
#464=ORIENTED_EDGE('',*,*,#857,.T.);
#465=ORIENTED_EDGE('',*,*,#1037,.F.);
#466=ORIENTED_EDGE('',*,*,#840,.T.);
#467=ORIENTED_EDGE('',*,*,#844,.T.);
#468=ORIENTED_EDGE('',*,*,#847,.F.);
#469=ORIENTED_EDGE('',*,*,#1077,.F.);
#470=ORIENTED_EDGE('',*,*,#1079,.F.);
#471=ORIENTED_EDGE('',*,*,#1008,.T.);
#472=ORIENTED_EDGE('',*,*,#1074,.T.);
#473=ORIENTED_EDGE('',*,*,#1033,.F.);
#474=ORIENTED_EDGE('',*,*,#1030,.T.);
#475=ORIENTED_EDGE('',*,*,#1027,.F.);
#476=ORIENTED_EDGE('',*,*,#1024,.F.);
#477=ORIENTED_EDGE('',*,*,#1021,.T.);
#478=ORIENTED_EDGE('',*,*,#1018,.F.);
#479=ORIENTED_EDGE('',*,*,#1015,.F.);
#480=ORIENTED_EDGE('',*,*,#1012,.T.);
#481=ORIENTED_EDGE('',*,*,#1073,.T.);
#482=ORIENTED_EDGE('',*,*,#998,.T.);
#483=ORIENTED_EDGE('',*,*,#1070,.T.);
#484=ORIENTED_EDGE('',*,*,#1005,.F.);
#485=ORIENTED_EDGE('',*,*,#1002,.F.);
#486=ORIENTED_EDGE('',*,*,#988,.T.);
#487=ORIENTED_EDGE('',*,*,#1068,.F.);
#488=ORIENTED_EDGE('',*,*,#995,.F.);
#489=ORIENTED_EDGE('',*,*,#992,.F.);
#490=ORIENTED_EDGE('',*,*,#978,.T.);
#491=ORIENTED_EDGE('',*,*,#1066,.T.);
#492=ORIENTED_EDGE('',*,*,#985,.T.);
#493=ORIENTED_EDGE('',*,*,#982,.F.);
#494=ORIENTED_EDGE('',*,*,#968,.F.);
#495=ORIENTED_EDGE('',*,*,#1064,.F.);
#496=ORIENTED_EDGE('',*,*,#975,.F.);
#497=ORIENTED_EDGE('',*,*,#972,.F.);
#498=ORIENTED_EDGE('',*,*,#958,.T.);
#499=ORIENTED_EDGE('',*,*,#1062,.T.);
#500=ORIENTED_EDGE('',*,*,#965,.F.);
#501=ORIENTED_EDGE('',*,*,#962,.F.);
#502=ORIENTED_EDGE('',*,*,#948,.F.);
#503=ORIENTED_EDGE('',*,*,#1060,.T.);
#504=ORIENTED_EDGE('',*,*,#955,.T.);
#505=ORIENTED_EDGE('',*,*,#952,.F.);
#506=ORIENTED_EDGE('',*,*,#938,.T.);
#507=ORIENTED_EDGE('',*,*,#1058,.F.);
#508=ORIENTED_EDGE('',*,*,#945,.F.);
#509=ORIENTED_EDGE('',*,*,#942,.T.);
#510=ORIENTED_EDGE('',*,*,#928,.F.);
#511=ORIENTED_EDGE('',*,*,#1056,.T.);
#512=ORIENTED_EDGE('',*,*,#935,.T.);
#513=ORIENTED_EDGE('',*,*,#932,.F.);
#514=ORIENTED_EDGE('',*,*,#918,.T.);
#515=ORIENTED_EDGE('',*,*,#1054,.T.);
#516=ORIENTED_EDGE('',*,*,#925,.F.);
#517=ORIENTED_EDGE('',*,*,#922,.F.);
#518=ORIENTED_EDGE('',*,*,#908,.F.);
#519=ORIENTED_EDGE('',*,*,#1052,.F.);
#520=ORIENTED_EDGE('',*,*,#915,.T.);
#521=ORIENTED_EDGE('',*,*,#912,.T.);
#522=ORIENTED_EDGE('',*,*,#898,.T.);
#523=ORIENTED_EDGE('',*,*,#1050,.F.);
#524=ORIENTED_EDGE('',*,*,#905,.F.);
#525=ORIENTED_EDGE('',*,*,#902,.T.);
#526=ORIENTED_EDGE('',*,*,#888,.F.);
#527=ORIENTED_EDGE('',*,*,#1048,.F.);
#528=ORIENTED_EDGE('',*,*,#895,.T.);
#529=ORIENTED_EDGE('',*,*,#892,.T.);
#530=ORIENTED_EDGE('',*,*,#1047,.T.);
#531=ORIENTED_EDGE('',*,*,#1045,.T.);
#532=ORIENTED_EDGE('',*,*,#878,.T.);
#533=ORIENTED_EDGE('',*,*,#1042,.F.);
#534=ORIENTED_EDGE('',*,*,#885,.F.);
#535=ORIENTED_EDGE('',*,*,#882,.T.);
#536=ORIENTED_EDGE('',*,*,#868,.T.);
#537=ORIENTED_EDGE('',*,*,#1040,.F.);
#538=ORIENTED_EDGE('',*,*,#875,.F.);
#539=ORIENTED_EDGE('',*,*,#872,.T.);
#540=ORIENTED_EDGE('',*,*,#858,.T.);
#541=ORIENTED_EDGE('',*,*,#1038,.F.);
#542=ORIENTED_EDGE('',*,*,#865,.F.);
#543=ORIENTED_EDGE('',*,*,#862,.T.);
#544=ORIENTED_EDGE('',*,*,#848,.T.);
#545=ORIENTED_EDGE('',*,*,#1036,.T.);
#546=ORIENTED_EDGE('',*,*,#855,.F.);
#547=ORIENTED_EDGE('',*,*,#852,.F.);
#548=ORIENTED_EDGE('',*,*,#838,.F.);
#549=ORIENTED_EDGE('',*,*,#1076,.T.);
#550=ORIENTED_EDGE('',*,*,#845,.T.);
#551=ORIENTED_EDGE('',*,*,#842,.F.);
#552=ORIENTED_EDGE('',*,*,#1078,.F.);
#553=ORIENTED_EDGE('',*,*,#1079,.T.);
#554=ORIENTED_EDGE('',*,*,#1080,.F.);
#555=ORIENTED_EDGE('',*,*,#1081,.F.);
#556=ORIENTED_EDGE('',*,*,#1082,.T.);
#557=ORIENTED_EDGE('',*,*,#1083,.T.);
#558=ORIENTED_EDGE('',*,*,#1084,.T.);
#559=ORIENTED_EDGE('',*,*,#1085,.F.);
#560=ORIENTED_EDGE('',*,*,#1086,.F.);
#561=ORIENTED_EDGE('',*,*,#1081,.T.);
#562=ORIENTED_EDGE('',*,*,#1087,.T.);
#563=ORIENTED_EDGE('',*,*,#1088,.F.);
#564=ORIENTED_EDGE('',*,*,#1089,.F.);
#565=ORIENTED_EDGE('',*,*,#1085,.T.);
#566=ORIENTED_EDGE('',*,*,#1090,.F.);
#567=ORIENTED_EDGE('',*,*,#1083,.F.);
#568=ORIENTED_EDGE('',*,*,#1091,.T.);
#569=ORIENTED_EDGE('',*,*,#1088,.T.);
#570=ORIENTED_EDGE('',*,*,#1082,.F.);
#571=ORIENTED_EDGE('',*,*,#1086,.T.);
#572=ORIENTED_EDGE('',*,*,#1089,.T.);
#573=ORIENTED_EDGE('',*,*,#1091,.F.);
#574=ORIENTED_EDGE('',*,*,#1080,.T.);
#575=ORIENTED_EDGE('',*,*,#1090,.T.);
#576=ORIENTED_EDGE('',*,*,#1087,.F.);
#577=ORIENTED_EDGE('',*,*,#1084,.F.);
#578=ORIENTED_EDGE('',*,*,#1092,.T.);
#579=ORIENTED_EDGE('',*,*,#1093,.T.);
#580=ORIENTED_EDGE('',*,*,#1094,.T.);
#581=ORIENTED_EDGE('',*,*,#1095,.T.);
#582=ORIENTED_EDGE('',*,*,#1096,.T.);
#583=ORIENTED_EDGE('',*,*,#1097,.T.);
#584=ORIENTED_EDGE('',*,*,#1098,.T.);
#585=ORIENTED_EDGE('',*,*,#1099,.T.);
#586=ORIENTED_EDGE('',*,*,#1100,.T.);
#587=ORIENTED_EDGE('',*,*,#1101,.T.);
#588=ORIENTED_EDGE('',*,*,#1102,.F.);
#589=ORIENTED_EDGE('',*,*,#1103,.T.);
#590=ORIENTED_EDGE('',*,*,#1104,.F.);
#591=ORIENTED_EDGE('',*,*,#1105,.T.);
#592=ORIENTED_EDGE('',*,*,#1106,.F.);
#593=ORIENTED_EDGE('',*,*,#1107,.F.);
#594=ORIENTED_EDGE('',*,*,#1108,.T.);
#595=ORIENTED_EDGE('',*,*,#1109,.T.);
#596=ORIENTED_EDGE('',*,*,#1110,.F.);
#597=ORIENTED_EDGE('',*,*,#1111,.F.);
#598=ORIENTED_EDGE('',*,*,#1112,.F.);
#599=ORIENTED_EDGE('',*,*,#1113,.T.);
#600=ORIENTED_EDGE('',*,*,#1114,.F.);
#601=ORIENTED_EDGE('',*,*,#1115,.T.);
#602=ORIENTED_EDGE('',*,*,#1116,.F.);
#603=ORIENTED_EDGE('',*,*,#1117,.F.);
#604=ORIENTED_EDGE('',*,*,#1118,.T.);
#605=ORIENTED_EDGE('',*,*,#1119,.F.);
#606=ORIENTED_EDGE('',*,*,#1110,.T.);
#607=ORIENTED_EDGE('',*,*,#1120,.T.);
#608=ORIENTED_EDGE('',*,*,#1121,.F.);
#609=ORIENTED_EDGE('',*,*,#1122,.T.);
#610=ORIENTED_EDGE('',*,*,#1123,.T.);
#611=ORIENTED_EDGE('',*,*,#1124,.F.);
#612=ORIENTED_EDGE('',*,*,#1125,.F.);
#613=ORIENTED_EDGE('',*,*,#1126,.T.);
#614=ORIENTED_EDGE('',*,*,#1121,.T.);
#615=ORIENTED_EDGE('',*,*,#1127,.T.);
#616=ORIENTED_EDGE('',*,*,#1128,.F.);
#617=ORIENTED_EDGE('',*,*,#1129,.T.);
#618=ORIENTED_EDGE('',*,*,#1125,.T.);
#619=ORIENTED_EDGE('',*,*,#1130,.T.);
#620=ORIENTED_EDGE('',*,*,#1131,.F.);
#621=ORIENTED_EDGE('',*,*,#1132,.F.);
#622=ORIENTED_EDGE('',*,*,#1131,.T.);
#623=ORIENTED_EDGE('',*,*,#1133,.F.);
#624=ORIENTED_EDGE('',*,*,#1134,.F.);
#625=ORIENTED_EDGE('',*,*,#1135,.F.);
#626=ORIENTED_EDGE('',*,*,#1136,.T.);
#627=ORIENTED_EDGE('',*,*,#1137,.F.);
#628=ORIENTED_EDGE('',*,*,#1138,.F.);
#629=ORIENTED_EDGE('',*,*,#1139,.T.);
#630=ORIENTED_EDGE('',*,*,#1140,.F.);
#631=ORIENTED_EDGE('',*,*,#1141,.F.);
#632=ORIENTED_EDGE('',*,*,#1098,.F.);
#633=ORIENTED_EDGE('',*,*,#1142,.T.);
#634=ORIENTED_EDGE('',*,*,#1134,.T.);
#635=ORIENTED_EDGE('',*,*,#1143,.F.);
#636=ORIENTED_EDGE('',*,*,#1144,.F.);
#637=ORIENTED_EDGE('',*,*,#1145,.T.);
#638=ORIENTED_EDGE('',*,*,#1140,.T.);
#639=ORIENTED_EDGE('',*,*,#1146,.F.);
#640=ORIENTED_EDGE('',*,*,#1147,.T.);
#641=ORIENTED_EDGE('',*,*,#1100,.F.);
#642=ORIENTED_EDGE('',*,*,#1148,.T.);
#643=ORIENTED_EDGE('',*,*,#1144,.T.);
#644=ORIENTED_EDGE('',*,*,#1149,.T.);
#645=ORIENTED_EDGE('',*,*,#1150,.F.);
#646=ORIENTED_EDGE('',*,*,#1151,.T.);
#647=ORIENTED_EDGE('',*,*,#1146,.T.);
#648=ORIENTED_EDGE('',*,*,#1152,.T.);
#649=ORIENTED_EDGE('',*,*,#1153,.F.);
#650=ORIENTED_EDGE('',*,*,#1154,.T.);
#651=ORIENTED_EDGE('',*,*,#1150,.T.);
#652=ORIENTED_EDGE('',*,*,#1155,.F.);
#653=ORIENTED_EDGE('',*,*,#1156,.F.);
#654=ORIENTED_EDGE('',*,*,#1157,.T.);
#655=ORIENTED_EDGE('',*,*,#1153,.T.);
#656=ORIENTED_EDGE('',*,*,#1158,.F.);
#657=ORIENTED_EDGE('',*,*,#1123,.F.);
#658=ORIENTED_EDGE('',*,*,#1159,.T.);
#659=ORIENTED_EDGE('',*,*,#1156,.T.);
#660=ORIENTED_EDGE('',*,*,#1160,.F.);
#661=ORIENTED_EDGE('',*,*,#1124,.T.);
#662=ORIENTED_EDGE('',*,*,#1160,.T.);
#663=ORIENTED_EDGE('',*,*,#1158,.T.);
#664=ORIENTED_EDGE('',*,*,#1155,.T.);
#665=ORIENTED_EDGE('',*,*,#1152,.F.);
#666=ORIENTED_EDGE('',*,*,#1149,.F.);
#667=ORIENTED_EDGE('',*,*,#1143,.T.);
#668=ORIENTED_EDGE('',*,*,#1139,.F.);
#669=ORIENTED_EDGE('',*,*,#1133,.T.);
#670=ORIENTED_EDGE('',*,*,#1130,.F.);
#671=ORIENTED_EDGE('',*,*,#1127,.F.);
#672=ORIENTED_EDGE('',*,*,#1161,.F.);
#673=ORIENTED_EDGE('',*,*,#1162,.T.);
#674=ORIENTED_EDGE('',*,*,#1163,.F.);
#675=ORIENTED_EDGE('',*,*,#1164,.F.);
#676=ORIENTED_EDGE('',*,*,#1112,.T.);
#677=ORIENTED_EDGE('',*,*,#1165,.F.);
#678=ORIENTED_EDGE('',*,*,#1166,.F.);
#679=ORIENTED_EDGE('',*,*,#1167,.F.);
#680=ORIENTED_EDGE('',*,*,#1168,.F.);
#681=ORIENTED_EDGE('',*,*,#1169,.T.);
#682=ORIENTED_EDGE('',*,*,#1170,.T.);
#683=ORIENTED_EDGE('',*,*,#1171,.F.);
#684=ORIENTED_EDGE('',*,*,#1113,.F.);
#685=ORIENTED_EDGE('',*,*,#1164,.T.);
#686=ORIENTED_EDGE('',*,*,#1172,.F.);
#687=ORIENTED_EDGE('',*,*,#1173,.F.);
#688=ORIENTED_EDGE('',*,*,#1114,.T.);
#689=ORIENTED_EDGE('',*,*,#1171,.T.);
#690=ORIENTED_EDGE('',*,*,#1174,.T.);
#691=ORIENTED_EDGE('',*,*,#1175,.F.);
#692=ORIENTED_EDGE('',*,*,#1115,.F.);
#693=ORIENTED_EDGE('',*,*,#1173,.T.);
#694=ORIENTED_EDGE('',*,*,#1176,.F.);
#695=ORIENTED_EDGE('',*,*,#1177,.F.);
#696=ORIENTED_EDGE('',*,*,#1116,.T.);
#697=ORIENTED_EDGE('',*,*,#1175,.T.);
#698=ORIENTED_EDGE('',*,*,#1178,.F.);
#699=ORIENTED_EDGE('',*,*,#1179,.F.);
#700=ORIENTED_EDGE('',*,*,#1117,.T.);
#701=ORIENTED_EDGE('',*,*,#1177,.T.);
#702=ORIENTED_EDGE('',*,*,#1180,.T.);
#703=ORIENTED_EDGE('',*,*,#1181,.F.);
#704=ORIENTED_EDGE('',*,*,#1118,.F.);
#705=ORIENTED_EDGE('',*,*,#1179,.T.);
#706=ORIENTED_EDGE('',*,*,#1145,.F.);
#707=ORIENTED_EDGE('',*,*,#1148,.F.);
#708=ORIENTED_EDGE('',*,*,#1099,.F.);
#709=ORIENTED_EDGE('',*,*,#1141,.T.);
#710=ORIENTED_EDGE('',*,*,#1182,.T.);
#711=ORIENTED_EDGE('',*,*,#1162,.F.);
#712=ORIENTED_EDGE('',*,*,#1183,.F.);
#713=ORIENTED_EDGE('',*,*,#1096,.F.);
#714=ORIENTED_EDGE('',*,*,#1181,.T.);
#715=ORIENTED_EDGE('',*,*,#1170,.F.);
#716=ORIENTED_EDGE('',*,*,#1163,.T.);
#717=ORIENTED_EDGE('',*,*,#1182,.F.);
#718=ORIENTED_EDGE('',*,*,#1180,.F.);
#719=ORIENTED_EDGE('',*,*,#1178,.T.);
#720=ORIENTED_EDGE('',*,*,#1176,.T.);
#721=ORIENTED_EDGE('',*,*,#1174,.F.);
#722=ORIENTED_EDGE('',*,*,#1172,.T.);
#723=ORIENTED_EDGE('',*,*,#1184,.F.);
#724=ORIENTED_EDGE('',*,*,#1184,.T.);
#725=ORIENTED_EDGE('',*,*,#1095,.F.);
#726=ORIENTED_EDGE('',*,*,#1185,.F.);
#727=ORIENTED_EDGE('',*,*,#1185,.T.);
#728=ORIENTED_EDGE('',*,*,#1094,.F.);
#729=ORIENTED_EDGE('',*,*,#1186,.F.);
#730=ORIENTED_EDGE('',*,*,#1186,.T.);
#731=ORIENTED_EDGE('',*,*,#1093,.F.);
#732=ORIENTED_EDGE('',*,*,#1187,.F.);
#733=ORIENTED_EDGE('',*,*,#1187,.T.);
#734=ORIENTED_EDGE('',*,*,#1092,.F.);
#735=ORIENTED_EDGE('',*,*,#1103,.F.);
#736=ORIENTED_EDGE('',*,*,#1188,.F.);
#737=ORIENTED_EDGE('',*,*,#1189,.T.);
#738=ORIENTED_EDGE('',*,*,#1190,.T.);
#739=ORIENTED_EDGE('',*,*,#1102,.T.);
#740=ORIENTED_EDGE('',*,*,#1191,.T.);
#741=ORIENTED_EDGE('',*,*,#1192,.F.);
#742=ORIENTED_EDGE('',*,*,#1188,.T.);
#743=ORIENTED_EDGE('',*,*,#1193,.T.);
#744=ORIENTED_EDGE('',*,*,#1194,.T.);
#745=ORIENTED_EDGE('',*,*,#1108,.F.);
#746=ORIENTED_EDGE('',*,*,#1195,.F.);
#747=ORIENTED_EDGE('',*,*,#1107,.T.);
#748=ORIENTED_EDGE('',*,*,#1196,.F.);
#749=ORIENTED_EDGE('',*,*,#1197,.F.);
#750=ORIENTED_EDGE('',*,*,#1195,.T.);
#751=ORIENTED_EDGE('',*,*,#1106,.T.);
#752=ORIENTED_EDGE('',*,*,#1198,.F.);
#753=ORIENTED_EDGE('',*,*,#1199,.F.);
#754=ORIENTED_EDGE('',*,*,#1196,.T.);
#755=ORIENTED_EDGE('',*,*,#1105,.F.);
#756=ORIENTED_EDGE('',*,*,#1200,.F.);
#757=ORIENTED_EDGE('',*,*,#1201,.T.);
#758=ORIENTED_EDGE('',*,*,#1198,.T.);
#759=ORIENTED_EDGE('',*,*,#1104,.T.);
#760=ORIENTED_EDGE('',*,*,#1190,.F.);
#761=ORIENTED_EDGE('',*,*,#1202,.F.);
#762=ORIENTED_EDGE('',*,*,#1200,.T.);
#763=ORIENTED_EDGE('',*,*,#1203,.T.);
#764=ORIENTED_EDGE('',*,*,#1204,.T.);
#765=ORIENTED_EDGE('',*,*,#1193,.F.);
#766=ORIENTED_EDGE('',*,*,#1197,.T.);
#767=ORIENTED_EDGE('',*,*,#1199,.T.);
#768=ORIENTED_EDGE('',*,*,#1201,.F.);
#769=ORIENTED_EDGE('',*,*,#1202,.T.);
#770=ORIENTED_EDGE('',*,*,#1189,.F.);
#771=ORIENTED_EDGE('',*,*,#1192,.T.);
#772=ORIENTED_EDGE('',*,*,#1205,.T.);
#773=ORIENTED_EDGE('',*,*,#1206,.T.);
#774=ORIENTED_EDGE('',*,*,#1207,.T.);
#775=ORIENTED_EDGE('',*,*,#1208,.T.);
#776=ORIENTED_EDGE('',*,*,#1209,.T.);
#777=ORIENTED_EDGE('',*,*,#1147,.F.);
#778=ORIENTED_EDGE('',*,*,#1151,.F.);
#779=ORIENTED_EDGE('',*,*,#1210,.F.);
#780=ORIENTED_EDGE('',*,*,#1205,.F.);
#781=ORIENTED_EDGE('',*,*,#1191,.F.);
#782=ORIENTED_EDGE('',*,*,#1101,.F.);
#783=ORIENTED_EDGE('',*,*,#1210,.T.);
#784=ORIENTED_EDGE('',*,*,#1154,.F.);
#785=ORIENTED_EDGE('',*,*,#1211,.F.);
#786=ORIENTED_EDGE('',*,*,#1206,.F.);
#787=ORIENTED_EDGE('',*,*,#1211,.T.);
#788=ORIENTED_EDGE('',*,*,#1157,.F.);
#789=ORIENTED_EDGE('',*,*,#1212,.F.);
#790=ORIENTED_EDGE('',*,*,#1207,.F.);
#791=ORIENTED_EDGE('',*,*,#1212,.T.);
#792=ORIENTED_EDGE('',*,*,#1159,.F.);
#793=ORIENTED_EDGE('',*,*,#1213,.F.);
#794=ORIENTED_EDGE('',*,*,#1208,.F.);
#795=ORIENTED_EDGE('',*,*,#1213,.T.);
#796=ORIENTED_EDGE('',*,*,#1122,.F.);
#797=ORIENTED_EDGE('',*,*,#1214,.F.);
#798=ORIENTED_EDGE('',*,*,#1209,.F.);
#799=ORIENTED_EDGE('',*,*,#1214,.T.);
#800=ORIENTED_EDGE('',*,*,#1126,.F.);
#801=ORIENTED_EDGE('',*,*,#1215,.F.);
#802=ORIENTED_EDGE('',*,*,#1203,.F.);
#803=ORIENTED_EDGE('',*,*,#1215,.T.);
#804=ORIENTED_EDGE('',*,*,#1129,.F.);
#805=ORIENTED_EDGE('',*,*,#1120,.F.);
#806=ORIENTED_EDGE('',*,*,#1109,.F.);
#807=ORIENTED_EDGE('',*,*,#1194,.F.);
#808=ORIENTED_EDGE('',*,*,#1204,.F.);
#809=ORIENTED_EDGE('',*,*,#1183,.T.);
#810=ORIENTED_EDGE('',*,*,#1216,.T.);
#811=ORIENTED_EDGE('',*,*,#1142,.F.);
#812=ORIENTED_EDGE('',*,*,#1097,.F.);
#813=ORIENTED_EDGE('',*,*,#1217,.T.);
#814=ORIENTED_EDGE('',*,*,#1136,.F.);
#815=ORIENTED_EDGE('',*,*,#1218,.F.);
#816=ORIENTED_EDGE('',*,*,#1169,.F.);
#817=ORIENTED_EDGE('',*,*,#1161,.T.);
#818=ORIENTED_EDGE('',*,*,#1218,.T.);
#819=ORIENTED_EDGE('',*,*,#1135,.T.);
#820=ORIENTED_EDGE('',*,*,#1216,.F.);
#821=ORIENTED_EDGE('',*,*,#1165,.T.);
#822=ORIENTED_EDGE('',*,*,#1111,.T.);
#823=ORIENTED_EDGE('',*,*,#1119,.T.);
#824=ORIENTED_EDGE('',*,*,#1128,.T.);
#825=ORIENTED_EDGE('',*,*,#1219,.F.);
#826=ORIENTED_EDGE('',*,*,#1166,.T.);
#827=ORIENTED_EDGE('',*,*,#1219,.T.);
#828=ORIENTED_EDGE('',*,*,#1132,.T.);
#829=ORIENTED_EDGE('',*,*,#1220,.F.);
#830=ORIENTED_EDGE('',*,*,#1167,.T.);
#831=ORIENTED_EDGE('',*,*,#1220,.T.);
#832=ORIENTED_EDGE('',*,*,#1138,.T.);
#833=ORIENTED_EDGE('',*,*,#1221,.F.);
#834=ORIENTED_EDGE('',*,*,#1168,.T.);
#835=ORIENTED_EDGE('',*,*,#1221,.T.);
#836=ORIENTED_EDGE('',*,*,#1137,.T.);
#837=ORIENTED_EDGE('',*,*,#1217,.F.);
#838=EDGE_CURVE('',#1222,#1223,#1480,.T.);
#839=EDGE_CURVE('',#1224,#1223,#1481,.T.);
#840=EDGE_CURVE('',#1225,#1224,#1482,.T.);
#841=EDGE_CURVE('',#1225,#1222,#1483,.T.);
#842=EDGE_CURVE('',#1223,#1226,#1484,.T.);
#843=EDGE_CURVE('',#1227,#1226,#1485,.T.);
#844=EDGE_CURVE('',#1224,#1227,#1486,.T.);
#845=EDGE_CURVE('',#1228,#1226,#1487,.T.);
#846=EDGE_CURVE('',#1229,#1228,#1488,.T.);
#847=EDGE_CURVE('',#1229,#1227,#1489,.T.);
#848=EDGE_CURVE('',#1230,#1231,#1490,.T.);
#849=EDGE_CURVE('',#1232,#1230,#1491,.T.);
#850=EDGE_CURVE('',#1232,#1233,#1492,.T.);
#851=EDGE_CURVE('',#1233,#1231,#1493,.T.);
#852=EDGE_CURVE('',#1230,#1234,#1494,.T.);
#853=EDGE_CURVE('',#1235,#1234,#1495,.T.);
#854=EDGE_CURVE('',#1232,#1235,#1496,.T.);
#855=EDGE_CURVE('',#1234,#1236,#1497,.T.);
#856=EDGE_CURVE('',#1237,#1236,#1498,.T.);
#857=EDGE_CURVE('',#1235,#1237,#1499,.T.);
#858=EDGE_CURVE('',#1238,#1239,#1500,.T.);
#859=EDGE_CURVE('',#1240,#1238,#1501,.T.);
#860=EDGE_CURVE('',#1240,#1241,#1502,.T.);
#861=EDGE_CURVE('',#1241,#1239,#1503,.T.);
#862=EDGE_CURVE('',#1242,#1238,#1504,.T.);
#863=EDGE_CURVE('',#1243,#1242,#1505,.T.);
#864=EDGE_CURVE('',#1243,#1240,#1506,.T.);
#865=EDGE_CURVE('',#1242,#1244,#1507,.T.);
#866=EDGE_CURVE('',#1245,#1244,#1508,.T.);
#867=EDGE_CURVE('',#1243,#1245,#1509,.T.);
#868=EDGE_CURVE('',#1246,#1247,#1510,.T.);
#869=EDGE_CURVE('',#1248,#1246,#1511,.T.);
#870=EDGE_CURVE('',#1248,#1249,#1512,.T.);
#871=EDGE_CURVE('',#1249,#1247,#1513,.T.);
#872=EDGE_CURVE('',#1250,#1246,#1514,.T.);
#873=EDGE_CURVE('',#1251,#1250,#1515,.T.);
#874=EDGE_CURVE('',#1251,#1248,#1516,.T.);
#875=EDGE_CURVE('',#1250,#1252,#1517,.T.);
#876=EDGE_CURVE('',#1253,#1252,#1518,.T.);
#877=EDGE_CURVE('',#1251,#1253,#1519,.T.);
#878=EDGE_CURVE('',#1254,#1255,#1520,.T.);
#879=EDGE_CURVE('',#1256,#1254,#1521,.T.);
#880=EDGE_CURVE('',#1256,#1257,#1522,.T.);
#881=EDGE_CURVE('',#1257,#1255,#1523,.T.);
#882=EDGE_CURVE('',#1258,#1254,#1524,.T.);
#883=EDGE_CURVE('',#1259,#1258,#1525,.T.);
#884=EDGE_CURVE('',#1259,#1256,#1526,.T.);
#885=EDGE_CURVE('',#1258,#1260,#1527,.T.);
#886=EDGE_CURVE('',#1261,#1260,#1528,.T.);
#887=EDGE_CURVE('',#1259,#1261,#1529,.T.);
#888=EDGE_CURVE('',#1262,#1263,#1530,.T.);
#889=EDGE_CURVE('',#1264,#1263,#1531,.T.);
#890=EDGE_CURVE('',#1265,#1264,#1532,.T.);
#891=EDGE_CURVE('',#1265,#1262,#1533,.T.);
#892=EDGE_CURVE('',#1266,#1263,#1534,.T.);
#893=EDGE_CURVE('',#1267,#1266,#1535,.T.);
#894=EDGE_CURVE('',#1267,#1264,#1536,.T.);
#895=EDGE_CURVE('',#1268,#1266,#1537,.T.);
#896=EDGE_CURVE('',#1269,#1268,#1538,.T.);
#897=EDGE_CURVE('',#1269,#1267,#1539,.T.);
#898=EDGE_CURVE('',#1270,#1271,#1540,.T.);
#899=EDGE_CURVE('',#1272,#1270,#1541,.T.);
#900=EDGE_CURVE('',#1272,#1273,#1542,.T.);
#901=EDGE_CURVE('',#1273,#1271,#1543,.T.);
#902=EDGE_CURVE('',#1274,#1270,#1544,.T.);
#903=EDGE_CURVE('',#1275,#1274,#1545,.T.);
#904=EDGE_CURVE('',#1275,#1272,#1546,.T.);
#905=EDGE_CURVE('',#1274,#1276,#1547,.T.);
#906=EDGE_CURVE('',#1277,#1276,#1548,.T.);
#907=EDGE_CURVE('',#1275,#1277,#1549,.T.);
#908=EDGE_CURVE('',#1278,#1279,#1550,.T.);
#909=EDGE_CURVE('',#1280,#1279,#1551,.T.);
#910=EDGE_CURVE('',#1281,#1280,#1552,.T.);
#911=EDGE_CURVE('',#1281,#1278,#1553,.T.);
#912=EDGE_CURVE('',#1282,#1279,#1554,.T.);
#913=EDGE_CURVE('',#1283,#1282,#1555,.T.);
#914=EDGE_CURVE('',#1283,#1280,#1556,.T.);
#915=EDGE_CURVE('',#1284,#1282,#1557,.T.);
#916=EDGE_CURVE('',#1285,#1284,#1558,.T.);
#917=EDGE_CURVE('',#1285,#1283,#1559,.T.);
#918=EDGE_CURVE('',#1286,#1287,#1560,.T.);
#919=EDGE_CURVE('',#1288,#1286,#1561,.T.);
#920=EDGE_CURVE('',#1288,#1289,#1562,.T.);
#921=EDGE_CURVE('',#1289,#1287,#1563,.T.);
#922=EDGE_CURVE('',#1286,#1290,#1564,.T.);
#923=EDGE_CURVE('',#1291,#1290,#1565,.T.);
#924=EDGE_CURVE('',#1288,#1291,#1566,.T.);
#925=EDGE_CURVE('',#1290,#1292,#1567,.T.);
#926=EDGE_CURVE('',#1293,#1292,#1568,.T.);
#927=EDGE_CURVE('',#1291,#1293,#1569,.T.);
#928=EDGE_CURVE('',#1294,#1295,#1570,.T.);
#929=EDGE_CURVE('',#1296,#1295,#1571,.T.);
#930=EDGE_CURVE('',#1297,#1296,#1572,.T.);
#931=EDGE_CURVE('',#1297,#1294,#1573,.T.);
#932=EDGE_CURVE('',#1295,#1298,#1574,.T.);
#933=EDGE_CURVE('',#1299,#1298,#1575,.T.);
#934=EDGE_CURVE('',#1296,#1299,#1576,.T.);
#935=EDGE_CURVE('',#1300,#1298,#1577,.T.);
#936=EDGE_CURVE('',#1301,#1300,#1578,.T.);
#937=EDGE_CURVE('',#1301,#1299,#1579,.T.);
#938=EDGE_CURVE('',#1302,#1303,#1580,.T.);
#939=EDGE_CURVE('',#1304,#1302,#1581,.T.);
#940=EDGE_CURVE('',#1304,#1305,#1582,.T.);
#941=EDGE_CURVE('',#1305,#1303,#1583,.T.);
#942=EDGE_CURVE('',#1306,#1302,#1584,.T.);
#943=EDGE_CURVE('',#1307,#1306,#1585,.T.);
#944=EDGE_CURVE('',#1307,#1304,#1586,.T.);
#945=EDGE_CURVE('',#1306,#1308,#1587,.T.);
#946=EDGE_CURVE('',#1309,#1308,#1588,.T.);
#947=EDGE_CURVE('',#1307,#1309,#1589,.T.);
#948=EDGE_CURVE('',#1310,#1311,#1590,.T.);
#949=EDGE_CURVE('',#1312,#1311,#1591,.T.);
#950=EDGE_CURVE('',#1313,#1312,#1592,.T.);
#951=EDGE_CURVE('',#1313,#1310,#1593,.T.);
#952=EDGE_CURVE('',#1311,#1314,#1594,.T.);
#953=EDGE_CURVE('',#1315,#1314,#1595,.T.);
#954=EDGE_CURVE('',#1312,#1315,#1596,.T.);
#955=EDGE_CURVE('',#1316,#1314,#1597,.T.);
#956=EDGE_CURVE('',#1317,#1316,#1598,.T.);
#957=EDGE_CURVE('',#1317,#1315,#1599,.T.);
#958=EDGE_CURVE('',#1318,#1319,#1600,.T.);
#959=EDGE_CURVE('',#1320,#1318,#1601,.T.);
#960=EDGE_CURVE('',#1320,#1321,#1602,.T.);
#961=EDGE_CURVE('',#1321,#1319,#1603,.T.);
#962=EDGE_CURVE('',#1318,#1322,#1604,.T.);
#963=EDGE_CURVE('',#1323,#1322,#1605,.T.);
#964=EDGE_CURVE('',#1320,#1323,#1606,.T.);
#965=EDGE_CURVE('',#1322,#1324,#1607,.T.);
#966=EDGE_CURVE('',#1325,#1324,#1608,.T.);
#967=EDGE_CURVE('',#1323,#1325,#1609,.T.);
#968=EDGE_CURVE('',#1326,#1327,#1610,.T.);
#969=EDGE_CURVE('',#1328,#1327,#1611,.T.);
#970=EDGE_CURVE('',#1329,#1328,#1612,.T.);
#971=EDGE_CURVE('',#1329,#1326,#1613,.T.);
#972=EDGE_CURVE('',#1327,#1330,#1614,.T.);
#973=EDGE_CURVE('',#1331,#1330,#1615,.T.);
#974=EDGE_CURVE('',#1328,#1331,#1616,.T.);
#975=EDGE_CURVE('',#1330,#1332,#1617,.T.);
#976=EDGE_CURVE('',#1333,#1332,#1618,.T.);
#977=EDGE_CURVE('',#1331,#1333,#1619,.T.);
#978=EDGE_CURVE('',#1334,#1335,#1620,.T.);
#979=EDGE_CURVE('',#1336,#1334,#1621,.T.);
#980=EDGE_CURVE('',#1336,#1337,#1622,.T.);
#981=EDGE_CURVE('',#1337,#1335,#1623,.T.);
#982=EDGE_CURVE('',#1334,#1338,#1624,.T.);
#983=EDGE_CURVE('',#1339,#1338,#1625,.T.);
#984=EDGE_CURVE('',#1336,#1339,#1626,.T.);
#985=EDGE_CURVE('',#1340,#1338,#1627,.T.);
#986=EDGE_CURVE('',#1341,#1340,#1628,.T.);
#987=EDGE_CURVE('',#1341,#1339,#1629,.T.);
#988=EDGE_CURVE('',#1342,#1343,#1630,.T.);
#989=EDGE_CURVE('',#1344,#1342,#1631,.T.);
#990=EDGE_CURVE('',#1344,#1345,#1632,.T.);
#991=EDGE_CURVE('',#1345,#1343,#1633,.T.);
#992=EDGE_CURVE('',#1342,#1346,#1634,.T.);
#993=EDGE_CURVE('',#1347,#1346,#1635,.T.);
#994=EDGE_CURVE('',#1344,#1347,#1636,.T.);
#995=EDGE_CURVE('',#1346,#1348,#1637,.T.);
#996=EDGE_CURVE('',#1349,#1348,#1638,.T.);
#997=EDGE_CURVE('',#1347,#1349,#1639,.T.);
#998=EDGE_CURVE('',#1350,#1351,#1640,.T.);
#999=EDGE_CURVE('',#1352,#1350,#1641,.T.);
#1000=EDGE_CURVE('',#1352,#1353,#1642,.T.);
#1001=EDGE_CURVE('',#1353,#1351,#1643,.T.);
#1002=EDGE_CURVE('',#1350,#1354,#1644,.T.);
#1003=EDGE_CURVE('',#1355,#1354,#1645,.T.);
#1004=EDGE_CURVE('',#1352,#1355,#1646,.T.);
#1005=EDGE_CURVE('',#1354,#1356,#1647,.T.);
#1006=EDGE_CURVE('',#1357,#1356,#1648,.T.);
#1007=EDGE_CURVE('',#1355,#1357,#1649,.T.);
#1008=EDGE_CURVE('',#1358,#1359,#1650,.T.);
#1009=EDGE_CURVE('',#1360,#1358,#1651,.T.);
#1010=EDGE_CURVE('',#1360,#1361,#1652,.T.);
#1011=EDGE_CURVE('',#1361,#1359,#1653,.T.);
#1012=EDGE_CURVE('',#1362,#1358,#1654,.T.);
#1013=EDGE_CURVE('',#1363,#1362,#1655,.T.);
#1014=EDGE_CURVE('',#1363,#1360,#1656,.T.);
#1015=EDGE_CURVE('',#1362,#1364,#28,.T.);
#1016=EDGE_CURVE('',#1365,#1364,#1657,.T.);
#1017=EDGE_CURVE('',#1363,#1365,#29,.T.);
#1018=EDGE_CURVE('',#1364,#1366,#1658,.T.);
#1019=EDGE_CURVE('',#1367,#1366,#1659,.T.);
#1020=EDGE_CURVE('',#1365,#1367,#1660,.T.);
#1021=EDGE_CURVE('',#1368,#1366,#1661,.T.);
#1022=EDGE_CURVE('',#1369,#1368,#1662,.T.);
#1023=EDGE_CURVE('',#1369,#1367,#1663,.T.);
#1024=EDGE_CURVE('',#1368,#1370,#30,.T.);
#1025=EDGE_CURVE('',#1371,#1370,#1664,.T.);
#1026=EDGE_CURVE('',#1369,#1371,#31,.T.);
#1027=EDGE_CURVE('',#1370,#1372,#1665,.T.);
#1028=EDGE_CURVE('',#1373,#1372,#1666,.T.);
#1029=EDGE_CURVE('',#1371,#1373,#1667,.T.);
#1030=EDGE_CURVE('',#1374,#1372,#32,.T.);
#1031=EDGE_CURVE('',#1375,#1374,#1668,.T.);
#1032=EDGE_CURVE('',#1375,#1373,#33,.T.);
#1033=EDGE_CURVE('',#1374,#1376,#1669,.T.);
#1034=EDGE_CURVE('',#1377,#1376,#1670,.T.);
#1035=EDGE_CURVE('',#1375,#1377,#1671,.T.);
#1036=EDGE_CURVE('',#1231,#1236,#1672,.T.);
#1037=EDGE_CURVE('',#1233,#1237,#1673,.T.);
#1038=EDGE_CURVE('',#1244,#1239,#1674,.T.);
#1039=EDGE_CURVE('',#1245,#1241,#1675,.T.);
#1040=EDGE_CURVE('',#1252,#1247,#1676,.T.);
#1041=EDGE_CURVE('',#1253,#1249,#1677,.T.);
#1042=EDGE_CURVE('',#1260,#1255,#1678,.T.);
#1043=EDGE_CURVE('',#1261,#1257,#1679,.T.);
#1044=EDGE_CURVE('',#1378,#1378,#34,.T.);
#1045=EDGE_CURVE('',#1379,#1379,#35,.T.);
#1046=EDGE_CURVE('',#1380,#1380,#36,.T.);
#1047=EDGE_CURVE('',#1381,#1381,#37,.T.);
#1048=EDGE_CURVE('',#1268,#1262,#1680,.T.);
#1049=EDGE_CURVE('',#1269,#1265,#1681,.T.);
#1050=EDGE_CURVE('',#1276,#1271,#1682,.T.);
#1051=EDGE_CURVE('',#1277,#1273,#1683,.T.);
#1052=EDGE_CURVE('',#1284,#1278,#1684,.T.);
#1053=EDGE_CURVE('',#1285,#1281,#1685,.T.);
#1054=EDGE_CURVE('',#1287,#1292,#1686,.T.);
#1055=EDGE_CURVE('',#1289,#1293,#1687,.T.);
#1056=EDGE_CURVE('',#1294,#1300,#1688,.T.);
#1057=EDGE_CURVE('',#1297,#1301,#1689,.T.);
#1058=EDGE_CURVE('',#1308,#1303,#1690,.T.);
#1059=EDGE_CURVE('',#1309,#1305,#1691,.T.);
#1060=EDGE_CURVE('',#1310,#1316,#1692,.T.);
#1061=EDGE_CURVE('',#1313,#1317,#1693,.T.);
#1062=EDGE_CURVE('',#1319,#1324,#1694,.T.);
#1063=EDGE_CURVE('',#1321,#1325,#1695,.T.);
#1064=EDGE_CURVE('',#1332,#1326,#1696,.T.);
#1065=EDGE_CURVE('',#1333,#1329,#1697,.T.);
#1066=EDGE_CURVE('',#1335,#1340,#1698,.T.);
#1067=EDGE_CURVE('',#1337,#1341,#1699,.T.);
#1068=EDGE_CURVE('',#1348,#1343,#1700,.T.);
#1069=EDGE_CURVE('',#1349,#1345,#1701,.T.);
#1070=EDGE_CURVE('',#1351,#1356,#1702,.T.);
#1071=EDGE_CURVE('',#1353,#1357,#1703,.T.);
#1072=EDGE_CURVE('',#1382,#1382,#38,.T.);
#1073=EDGE_CURVE('',#1383,#1383,#39,.T.);
#1074=EDGE_CURVE('',#1359,#1376,#40,.T.);
#1075=EDGE_CURVE('',#1361,#1377,#41,.T.);
#1076=EDGE_CURVE('',#1222,#1228,#1704,.T.);
#1077=EDGE_CURVE('',#1225,#1229,#1705,.T.);
#1078=EDGE_CURVE('',#1384,#1384,#42,.T.);
#1079=EDGE_CURVE('',#1385,#1385,#43,.F.);
#1080=EDGE_CURVE('',#1386,#1387,#1706,.T.);
#1081=EDGE_CURVE('',#1388,#1386,#1707,.T.);
#1082=EDGE_CURVE('',#1388,#1389,#1708,.T.);
#1083=EDGE_CURVE('',#1389,#1387,#1709,.T.);
#1084=EDGE_CURVE('',#1386,#1390,#1710,.T.);
#1085=EDGE_CURVE('',#1391,#1390,#1711,.T.);
#1086=EDGE_CURVE('',#1388,#1391,#1712,.T.);
#1087=EDGE_CURVE('',#1390,#1392,#1713,.T.);
#1088=EDGE_CURVE('',#1393,#1392,#1714,.T.);
#1089=EDGE_CURVE('',#1391,#1393,#1715,.T.);
#1090=EDGE_CURVE('',#1387,#1392,#1716,.T.);
#1091=EDGE_CURVE('',#1389,#1393,#1717,.T.);
#1092=EDGE_CURVE('',#1394,#1394,#44,.T.);
#1093=EDGE_CURVE('',#1395,#1395,#45,.T.);
#1094=EDGE_CURVE('',#1396,#1396,#46,.T.);
#1095=EDGE_CURVE('',#1397,#1397,#47,.T.);
#1096=EDGE_CURVE('',#1398,#1399,#1718,.T.);
#1097=EDGE_CURVE('',#1399,#1400,#1719,.T.);
#1098=EDGE_CURVE('',#1400,#1401,#1720,.T.);
#1099=EDGE_CURVE('',#1401,#1402,#1721,.T.);
#1100=EDGE_CURVE('',#1402,#1403,#1722,.T.);
#1101=EDGE_CURVE('',#1403,#1404,#1723,.T.);
#1102=EDGE_CURVE('',#1405,#1404,#1724,.T.);
#1103=EDGE_CURVE('',#1405,#1406,#1725,.T.);
#1104=EDGE_CURVE('',#1407,#1406,#48,.T.);
#1105=EDGE_CURVE('',#1407,#1408,#1726,.T.);
#1106=EDGE_CURVE('',#1409,#1408,#49,.T.);
#1107=EDGE_CURVE('',#1410,#1409,#1727,.T.);
#1108=EDGE_CURVE('',#1410,#1411,#1728,.T.);
#1109=EDGE_CURVE('',#1411,#1412,#1729,.T.);
#1110=EDGE_CURVE('',#1413,#1412,#1730,.T.);
#1111=EDGE_CURVE('',#1414,#1413,#1731,.T.);
#1112=EDGE_CURVE('',#1415,#1414,#1732,.T.);
#1113=EDGE_CURVE('',#1415,#1416,#1733,.T.);
#1114=EDGE_CURVE('',#1417,#1416,#1734,.T.);
#1115=EDGE_CURVE('',#1417,#1418,#1735,.T.);
#1116=EDGE_CURVE('',#1419,#1418,#1736,.T.);
#1117=EDGE_CURVE('',#1420,#1419,#1737,.T.);
#1118=EDGE_CURVE('',#1420,#1398,#1738,.T.);
#1119=EDGE_CURVE('',#1413,#1421,#1739,.T.);
#1120=EDGE_CURVE('',#1412,#1421,#1740,.T.);
#1121=EDGE_CURVE('',#1422,#1423,#1741,.T.);
#1122=EDGE_CURVE('',#1422,#1424,#1742,.T.);
#1123=EDGE_CURVE('',#1424,#1425,#1743,.T.);
#1124=EDGE_CURVE('',#1423,#1425,#1744,.T.);
#1125=EDGE_CURVE('',#1426,#1427,#1745,.T.);
#1126=EDGE_CURVE('',#1426,#1422,#1746,.T.);
#1127=EDGE_CURVE('',#1423,#1427,#1747,.T.);
#1128=EDGE_CURVE('',#1421,#1428,#1748,.T.);
#1129=EDGE_CURVE('',#1421,#1426,#1749,.T.);
#1130=EDGE_CURVE('',#1427,#1429,#1750,.T.);
#1131=EDGE_CURVE('',#1428,#1429,#1751,.T.);
#1132=EDGE_CURVE('',#1428,#1430,#1752,.T.);
#1133=EDGE_CURVE('',#1431,#1429,#1753,.T.);
#1134=EDGE_CURVE('',#1432,#1431,#1754,.T.);
#1135=EDGE_CURVE('',#1433,#1432,#1755,.T.);
#1136=EDGE_CURVE('',#1433,#1434,#1756,.T.);
#1137=EDGE_CURVE('',#1435,#1434,#1757,.T.);
#1138=EDGE_CURVE('',#1430,#1435,#1758,.T.);
#1139=EDGE_CURVE('',#1431,#1436,#1759,.T.);
#1140=EDGE_CURVE('',#1437,#1436,#1760,.T.);
#1141=EDGE_CURVE('',#1401,#1437,#1761,.T.);
#1142=EDGE_CURVE('',#1400,#1432,#1762,.T.);
#1143=EDGE_CURVE('',#1438,#1436,#1763,.T.);
#1144=EDGE_CURVE('',#1439,#1438,#1764,.T.);
#1145=EDGE_CURVE('',#1439,#1437,#1765,.T.);
#1146=EDGE_CURVE('',#1440,#1441,#1766,.T.);
#1147=EDGE_CURVE('',#1440,#1403,#1767,.T.);
#1148=EDGE_CURVE('',#1402,#1439,#1768,.T.);
#1149=EDGE_CURVE('',#1438,#1441,#1769,.T.);
#1150=EDGE_CURVE('',#1442,#1443,#1770,.T.);
#1151=EDGE_CURVE('',#1442,#1440,#1771,.T.);
#1152=EDGE_CURVE('',#1441,#1443,#1772,.T.);
#1153=EDGE_CURVE('',#1444,#1445,#1773,.T.);
#1154=EDGE_CURVE('',#1444,#1442,#1774,.T.);
#1155=EDGE_CURVE('',#1445,#1443,#1775,.T.);
#1156=EDGE_CURVE('',#1446,#1447,#1776,.T.);
#1157=EDGE_CURVE('',#1446,#1444,#1777,.T.);
#1158=EDGE_CURVE('',#1447,#1445,#1778,.T.);
#1159=EDGE_CURVE('',#1424,#1446,#1779,.T.);
#1160=EDGE_CURVE('',#1425,#1447,#1780,.T.);
#1161=EDGE_CURVE('',#1448,#1449,#1781,.T.);
#1162=EDGE_CURVE('',#1448,#1450,#1782,.T.);
#1163=EDGE_CURVE('',#1451,#1450,#1783,.T.);
#1164=EDGE_CURVE('',#1415,#1451,#1784,.T.);
#1165=EDGE_CURVE('',#1452,#1414,#1785,.T.);
#1166=EDGE_CURVE('',#1453,#1452,#1786,.T.);
#1167=EDGE_CURVE('',#1454,#1453,#1787,.T.);
#1168=EDGE_CURVE('',#1455,#1454,#1788,.T.);
#1169=EDGE_CURVE('',#1455,#1449,#1789,.T.);
#1170=EDGE_CURVE('',#1451,#1456,#1790,.T.);
#1171=EDGE_CURVE('',#1416,#1456,#1791,.T.);
#1172=EDGE_CURVE('',#1457,#1456,#1792,.T.);
#1173=EDGE_CURVE('',#1417,#1457,#1793,.T.);
#1174=EDGE_CURVE('',#1457,#1458,#1794,.T.);
#1175=EDGE_CURVE('',#1418,#1458,#1795,.T.);
#1176=EDGE_CURVE('',#1459,#1458,#1796,.T.);
#1177=EDGE_CURVE('',#1419,#1459,#1797,.T.);
#1178=EDGE_CURVE('',#1460,#1459,#1798,.T.);
#1179=EDGE_CURVE('',#1420,#1460,#1799,.T.);
#1180=EDGE_CURVE('',#1460,#1461,#1800,.T.);
#1181=EDGE_CURVE('',#1398,#1461,#1801,.T.);
#1182=EDGE_CURVE('',#1461,#1450,#1802,.T.);
#1183=EDGE_CURVE('',#1399,#1448,#1803,.T.);
#1184=EDGE_CURVE('',#1462,#1462,#50,.T.);
#1185=EDGE_CURVE('',#1463,#1463,#51,.T.);
#1186=EDGE_CURVE('',#1464,#1464,#52,.T.);
#1187=EDGE_CURVE('',#1465,#1465,#53,.T.);
#1188=EDGE_CURVE('',#1466,#1405,#1804,.T.);
#1189=EDGE_CURVE('',#1466,#1467,#1805,.T.);
#1190=EDGE_CURVE('',#1467,#1406,#1806,.T.);
#1191=EDGE_CURVE('',#1404,#1468,#1807,.T.);
#1192=EDGE_CURVE('',#1466,#1468,#1808,.T.);
#1193=EDGE_CURVE('',#1469,#1470,#1809,.T.);
#1194=EDGE_CURVE('',#1470,#1411,#1810,.T.);
#1195=EDGE_CURVE('',#1469,#1410,#1811,.T.);
#1196=EDGE_CURVE('',#1471,#1409,#1812,.T.);
#1197=EDGE_CURVE('',#1469,#1471,#1813,.T.);
#1198=EDGE_CURVE('',#1472,#1408,#1814,.T.);
#1199=EDGE_CURVE('',#1471,#1472,#54,.T.);
#1200=EDGE_CURVE('',#1473,#1407,#1815,.T.);
#1201=EDGE_CURVE('',#1473,#1472,#1816,.T.);
#1202=EDGE_CURVE('',#1473,#1467,#55,.T.);
#1203=EDGE_CURVE('',#1474,#1475,#1817,.T.);
#1204=EDGE_CURVE('',#1475,#1470,#1818,.T.);
#1205=EDGE_CURVE('',#1468,#1476,#1819,.T.);
#1206=EDGE_CURVE('',#1476,#1477,#1820,.T.);
#1207=EDGE_CURVE('',#1477,#1478,#1821,.T.);
#1208=EDGE_CURVE('',#1478,#1479,#1822,.T.);
#1209=EDGE_CURVE('',#1479,#1474,#1823,.T.);
#1210=EDGE_CURVE('',#1476,#1442,#1824,.T.);
#1211=EDGE_CURVE('',#1477,#1444,#1825,.F.);
#1212=EDGE_CURVE('',#1478,#1446,#1826,.F.);
#1213=EDGE_CURVE('',#1479,#1424,#1827,.F.);
#1214=EDGE_CURVE('',#1474,#1422,#1828,.T.);
#1215=EDGE_CURVE('',#1475,#1426,#1829,.F.);
#1216=EDGE_CURVE('',#1448,#1432,#1830,.T.);
#1217=EDGE_CURVE('',#1455,#1434,#1831,.T.);
#1218=EDGE_CURVE('',#1449,#1433,#1832,.T.);
#1219=EDGE_CURVE('',#1452,#1428,#1833,.T.);
#1220=EDGE_CURVE('',#1453,#1430,#1834,.T.);
#1221=EDGE_CURVE('',#1454,#1435,#1835,.T.);
#1222=VERTEX_POINT('',#3785);
#1223=VERTEX_POINT('',#3786);
#1224=VERTEX_POINT('',#3788);
#1225=VERTEX_POINT('',#3790);
#1226=VERTEX_POINT('',#3794);
#1227=VERTEX_POINT('',#3796);
#1228=VERTEX_POINT('',#3800);
#1229=VERTEX_POINT('',#3802);
#1230=VERTEX_POINT('',#3806);
#1231=VERTEX_POINT('',#3807);
#1232=VERTEX_POINT('',#3809);
#1233=VERTEX_POINT('',#3811);
#1234=VERTEX_POINT('',#3815);
#1235=VERTEX_POINT('',#3817);
#1236=VERTEX_POINT('',#3821);
#1237=VERTEX_POINT('',#3823);
#1238=VERTEX_POINT('',#3827);
#1239=VERTEX_POINT('',#3828);
#1240=VERTEX_POINT('',#3830);
#1241=VERTEX_POINT('',#3832);
#1242=VERTEX_POINT('',#3836);
#1243=VERTEX_POINT('',#3838);
#1244=VERTEX_POINT('',#3842);
#1245=VERTEX_POINT('',#3844);
#1246=VERTEX_POINT('',#3848);
#1247=VERTEX_POINT('',#3849);
#1248=VERTEX_POINT('',#3851);
#1249=VERTEX_POINT('',#3853);
#1250=VERTEX_POINT('',#3857);
#1251=VERTEX_POINT('',#3859);
#1252=VERTEX_POINT('',#3863);
#1253=VERTEX_POINT('',#3865);
#1254=VERTEX_POINT('',#3869);
#1255=VERTEX_POINT('',#3870);
#1256=VERTEX_POINT('',#3872);
#1257=VERTEX_POINT('',#3874);
#1258=VERTEX_POINT('',#3878);
#1259=VERTEX_POINT('',#3880);
#1260=VERTEX_POINT('',#3884);
#1261=VERTEX_POINT('',#3886);
#1262=VERTEX_POINT('',#3890);
#1263=VERTEX_POINT('',#3891);
#1264=VERTEX_POINT('',#3893);
#1265=VERTEX_POINT('',#3895);
#1266=VERTEX_POINT('',#3899);
#1267=VERTEX_POINT('',#3901);
#1268=VERTEX_POINT('',#3905);
#1269=VERTEX_POINT('',#3907);
#1270=VERTEX_POINT('',#3911);
#1271=VERTEX_POINT('',#3912);
#1272=VERTEX_POINT('',#3914);
#1273=VERTEX_POINT('',#3916);
#1274=VERTEX_POINT('',#3920);
#1275=VERTEX_POINT('',#3922);
#1276=VERTEX_POINT('',#3926);
#1277=VERTEX_POINT('',#3928);
#1278=VERTEX_POINT('',#3932);
#1279=VERTEX_POINT('',#3933);
#1280=VERTEX_POINT('',#3935);
#1281=VERTEX_POINT('',#3937);
#1282=VERTEX_POINT('',#3941);
#1283=VERTEX_POINT('',#3943);
#1284=VERTEX_POINT('',#3947);
#1285=VERTEX_POINT('',#3949);
#1286=VERTEX_POINT('',#3953);
#1287=VERTEX_POINT('',#3954);
#1288=VERTEX_POINT('',#3956);
#1289=VERTEX_POINT('',#3958);
#1290=VERTEX_POINT('',#3962);
#1291=VERTEX_POINT('',#3964);
#1292=VERTEX_POINT('',#3968);
#1293=VERTEX_POINT('',#3970);
#1294=VERTEX_POINT('',#3974);
#1295=VERTEX_POINT('',#3975);
#1296=VERTEX_POINT('',#3977);
#1297=VERTEX_POINT('',#3979);
#1298=VERTEX_POINT('',#3983);
#1299=VERTEX_POINT('',#3985);
#1300=VERTEX_POINT('',#3989);
#1301=VERTEX_POINT('',#3991);
#1302=VERTEX_POINT('',#3995);
#1303=VERTEX_POINT('',#3996);
#1304=VERTEX_POINT('',#3998);
#1305=VERTEX_POINT('',#4000);
#1306=VERTEX_POINT('',#4004);
#1307=VERTEX_POINT('',#4006);
#1308=VERTEX_POINT('',#4010);
#1309=VERTEX_POINT('',#4012);
#1310=VERTEX_POINT('',#4016);
#1311=VERTEX_POINT('',#4017);
#1312=VERTEX_POINT('',#4019);
#1313=VERTEX_POINT('',#4021);
#1314=VERTEX_POINT('',#4025);
#1315=VERTEX_POINT('',#4027);
#1316=VERTEX_POINT('',#4031);
#1317=VERTEX_POINT('',#4033);
#1318=VERTEX_POINT('',#4037);
#1319=VERTEX_POINT('',#4038);
#1320=VERTEX_POINT('',#4040);
#1321=VERTEX_POINT('',#4042);
#1322=VERTEX_POINT('',#4046);
#1323=VERTEX_POINT('',#4048);
#1324=VERTEX_POINT('',#4052);
#1325=VERTEX_POINT('',#4054);
#1326=VERTEX_POINT('',#4058);
#1327=VERTEX_POINT('',#4059);
#1328=VERTEX_POINT('',#4061);
#1329=VERTEX_POINT('',#4063);
#1330=VERTEX_POINT('',#4067);
#1331=VERTEX_POINT('',#4069);
#1332=VERTEX_POINT('',#4073);
#1333=VERTEX_POINT('',#4075);
#1334=VERTEX_POINT('',#4079);
#1335=VERTEX_POINT('',#4080);
#1336=VERTEX_POINT('',#4082);
#1337=VERTEX_POINT('',#4084);
#1338=VERTEX_POINT('',#4088);
#1339=VERTEX_POINT('',#4090);
#1340=VERTEX_POINT('',#4094);
#1341=VERTEX_POINT('',#4096);
#1342=VERTEX_POINT('',#4100);
#1343=VERTEX_POINT('',#4101);
#1344=VERTEX_POINT('',#4103);
#1345=VERTEX_POINT('',#4105);
#1346=VERTEX_POINT('',#4109);
#1347=VERTEX_POINT('',#4111);
#1348=VERTEX_POINT('',#4115);
#1349=VERTEX_POINT('',#4117);
#1350=VERTEX_POINT('',#4121);
#1351=VERTEX_POINT('',#4122);
#1352=VERTEX_POINT('',#4124);
#1353=VERTEX_POINT('',#4126);
#1354=VERTEX_POINT('',#4130);
#1355=VERTEX_POINT('',#4132);
#1356=VERTEX_POINT('',#4136);
#1357=VERTEX_POINT('',#4138);
#1358=VERTEX_POINT('',#4142);
#1359=VERTEX_POINT('',#4143);
#1360=VERTEX_POINT('',#4145);
#1361=VERTEX_POINT('',#4147);
#1362=VERTEX_POINT('',#4151);
#1363=VERTEX_POINT('',#4153);
#1364=VERTEX_POINT('',#4157);
#1365=VERTEX_POINT('',#4159);
#1366=VERTEX_POINT('',#4163);
#1367=VERTEX_POINT('',#4165);
#1368=VERTEX_POINT('',#4169);
#1369=VERTEX_POINT('',#4171);
#1370=VERTEX_POINT('',#4175);
#1371=VERTEX_POINT('',#4177);
#1372=VERTEX_POINT('',#4181);
#1373=VERTEX_POINT('',#4183);
#1374=VERTEX_POINT('',#4187);
#1375=VERTEX_POINT('',#4189);
#1376=VERTEX_POINT('',#4193);
#1377=VERTEX_POINT('',#4195);
#1378=VERTEX_POINT('',#4211);
#1379=VERTEX_POINT('',#4213);
#1380=VERTEX_POINT('',#4216);
#1381=VERTEX_POINT('',#4218);
#1382=VERTEX_POINT('',#4257);
#1383=VERTEX_POINT('',#4259);
#1384=VERTEX_POINT('',#4268);
#1385=VERTEX_POINT('',#4271);
#1386=VERTEX_POINT('',#4276);
#1387=VERTEX_POINT('',#4277);
#1388=VERTEX_POINT('',#4279);
#1389=VERTEX_POINT('',#4281);
#1390=VERTEX_POINT('',#4285);
#1391=VERTEX_POINT('',#4287);
#1392=VERTEX_POINT('',#4291);
#1393=VERTEX_POINT('',#4293);
#1394=VERTEX_POINT('',#4303);
#1395=VERTEX_POINT('',#4305);
#1396=VERTEX_POINT('',#4307);
#1397=VERTEX_POINT('',#4309);
#1398=VERTEX_POINT('',#4311);
#1399=VERTEX_POINT('',#4312);
#1400=VERTEX_POINT('',#4314);
#1401=VERTEX_POINT('',#4316);
#1402=VERTEX_POINT('',#4318);
#1403=VERTEX_POINT('',#4320);
#1404=VERTEX_POINT('',#4322);
#1405=VERTEX_POINT('',#4324);
#1406=VERTEX_POINT('',#4326);
#1407=VERTEX_POINT('',#4328);
#1408=VERTEX_POINT('',#4330);
#1409=VERTEX_POINT('',#4332);
#1410=VERTEX_POINT('',#4334);
#1411=VERTEX_POINT('',#4336);
#1412=VERTEX_POINT('',#4338);
#1413=VERTEX_POINT('',#4340);
#1414=VERTEX_POINT('',#4342);
#1415=VERTEX_POINT('',#4344);
#1416=VERTEX_POINT('',#4346);
#1417=VERTEX_POINT('',#4348);
#1418=VERTEX_POINT('',#4350);
#1419=VERTEX_POINT('',#4352);
#1420=VERTEX_POINT('',#4354);
#1421=VERTEX_POINT('',#4358);
#1422=VERTEX_POINT('',#4362);
#1423=VERTEX_POINT('',#4363);
#1424=VERTEX_POINT('',#4365);
#1425=VERTEX_POINT('',#4367);
#1426=VERTEX_POINT('',#4371);
#1427=VERTEX_POINT('',#4372);
#1428=VERTEX_POINT('',#4377);
#1429=VERTEX_POINT('',#4380);
#1430=VERTEX_POINT('',#4384);
#1431=VERTEX_POINT('',#4386);
#1432=VERTEX_POINT('',#4388);
#1433=VERTEX_POINT('',#4390);
#1434=VERTEX_POINT('',#4392);
#1435=VERTEX_POINT('',#4394);
#1436=VERTEX_POINT('',#4398);
#1437=VERTEX_POINT('',#4400);
#1438=VERTEX_POINT('',#4405);
#1439=VERTEX_POINT('',#4407);
#1440=VERTEX_POINT('',#4411);
#1441=VERTEX_POINT('',#4412);
#1442=VERTEX_POINT('',#4418);
#1443=VERTEX_POINT('',#4419);
#1444=VERTEX_POINT('',#4424);
#1445=VERTEX_POINT('',#4425);
#1446=VERTEX_POINT('',#4430);
#1447=VERTEX_POINT('',#4431);
#1448=VERTEX_POINT('',#4440);
#1449=VERTEX_POINT('',#4441);
#1450=VERTEX_POINT('',#4443);
#1451=VERTEX_POINT('',#4445);
#1452=VERTEX_POINT('',#4448);
#1453=VERTEX_POINT('',#4450);
#1454=VERTEX_POINT('',#4452);
#1455=VERTEX_POINT('',#4454);
#1456=VERTEX_POINT('',#4458);
#1457=VERTEX_POINT('',#4462);
#1458=VERTEX_POINT('',#4466);
#1459=VERTEX_POINT('',#4470);
#1460=VERTEX_POINT('',#4474);
#1461=VERTEX_POINT('',#4478);
#1462=VERTEX_POINT('',#4487);
#1463=VERTEX_POINT('',#4491);
#1464=VERTEX_POINT('',#4495);
#1465=VERTEX_POINT('',#4499);
#1466=VERTEX_POINT('',#4503);
#1467=VERTEX_POINT('',#4505);
#1468=VERTEX_POINT('',#4509);
#1469=VERTEX_POINT('',#4513);
#1470=VERTEX_POINT('',#4514);
#1471=VERTEX_POINT('',#4519);
#1472=VERTEX_POINT('',#4523);
#1473=VERTEX_POINT('',#4527);
#1474=VERTEX_POINT('',#4533);
#1475=VERTEX_POINT('',#4534);
#1476=VERTEX_POINT('',#4537);
#1477=VERTEX_POINT('',#4539);
#1478=VERTEX_POINT('',#4541);
#1479=VERTEX_POINT('',#4543);
#1480=LINE('',#3784,#1836);
#1481=LINE('',#3787,#1837);
#1482=LINE('',#3789,#1838);
#1483=LINE('',#3791,#1839);
#1484=LINE('',#3793,#1840);
#1485=LINE('',#3795,#1841);
#1486=LINE('',#3797,#1842);
#1487=LINE('',#3799,#1843);
#1488=LINE('',#3801,#1844);
#1489=LINE('',#3803,#1845);
#1490=LINE('',#3805,#1846);
#1491=LINE('',#3808,#1847);
#1492=LINE('',#3810,#1848);
#1493=LINE('',#3812,#1849);
#1494=LINE('',#3814,#1850);
#1495=LINE('',#3816,#1851);
#1496=LINE('',#3818,#1852);
#1497=LINE('',#3820,#1853);
#1498=LINE('',#3822,#1854);
#1499=LINE('',#3824,#1855);
#1500=LINE('',#3826,#1856);
#1501=LINE('',#3829,#1857);
#1502=LINE('',#3831,#1858);
#1503=LINE('',#3833,#1859);
#1504=LINE('',#3835,#1860);
#1505=LINE('',#3837,#1861);
#1506=LINE('',#3839,#1862);
#1507=LINE('',#3841,#1863);
#1508=LINE('',#3843,#1864);
#1509=LINE('',#3845,#1865);
#1510=LINE('',#3847,#1866);
#1511=LINE('',#3850,#1867);
#1512=LINE('',#3852,#1868);
#1513=LINE('',#3854,#1869);
#1514=LINE('',#3856,#1870);
#1515=LINE('',#3858,#1871);
#1516=LINE('',#3860,#1872);
#1517=LINE('',#3862,#1873);
#1518=LINE('',#3864,#1874);
#1519=LINE('',#3866,#1875);
#1520=LINE('',#3868,#1876);
#1521=LINE('',#3871,#1877);
#1522=LINE('',#3873,#1878);
#1523=LINE('',#3875,#1879);
#1524=LINE('',#3877,#1880);
#1525=LINE('',#3879,#1881);
#1526=LINE('',#3881,#1882);
#1527=LINE('',#3883,#1883);
#1528=LINE('',#3885,#1884);
#1529=LINE('',#3887,#1885);
#1530=LINE('',#3889,#1886);
#1531=LINE('',#3892,#1887);
#1532=LINE('',#3894,#1888);
#1533=LINE('',#3896,#1889);
#1534=LINE('',#3898,#1890);
#1535=LINE('',#3900,#1891);
#1536=LINE('',#3902,#1892);
#1537=LINE('',#3904,#1893);
#1538=LINE('',#3906,#1894);
#1539=LINE('',#3908,#1895);
#1540=LINE('',#3910,#1896);
#1541=LINE('',#3913,#1897);
#1542=LINE('',#3915,#1898);
#1543=LINE('',#3917,#1899);
#1544=LINE('',#3919,#1900);
#1545=LINE('',#3921,#1901);
#1546=LINE('',#3923,#1902);
#1547=LINE('',#3925,#1903);
#1548=LINE('',#3927,#1904);
#1549=LINE('',#3929,#1905);
#1550=LINE('',#3931,#1906);
#1551=LINE('',#3934,#1907);
#1552=LINE('',#3936,#1908);
#1553=LINE('',#3938,#1909);
#1554=LINE('',#3940,#1910);
#1555=LINE('',#3942,#1911);
#1556=LINE('',#3944,#1912);
#1557=LINE('',#3946,#1913);
#1558=LINE('',#3948,#1914);
#1559=LINE('',#3950,#1915);
#1560=LINE('',#3952,#1916);
#1561=LINE('',#3955,#1917);
#1562=LINE('',#3957,#1918);
#1563=LINE('',#3959,#1919);
#1564=LINE('',#3961,#1920);
#1565=LINE('',#3963,#1921);
#1566=LINE('',#3965,#1922);
#1567=LINE('',#3967,#1923);
#1568=LINE('',#3969,#1924);
#1569=LINE('',#3971,#1925);
#1570=LINE('',#3973,#1926);
#1571=LINE('',#3976,#1927);
#1572=LINE('',#3978,#1928);
#1573=LINE('',#3980,#1929);
#1574=LINE('',#3982,#1930);
#1575=LINE('',#3984,#1931);
#1576=LINE('',#3986,#1932);
#1577=LINE('',#3988,#1933);
#1578=LINE('',#3990,#1934);
#1579=LINE('',#3992,#1935);
#1580=LINE('',#3994,#1936);
#1581=LINE('',#3997,#1937);
#1582=LINE('',#3999,#1938);
#1583=LINE('',#4001,#1939);
#1584=LINE('',#4003,#1940);
#1585=LINE('',#4005,#1941);
#1586=LINE('',#4007,#1942);
#1587=LINE('',#4009,#1943);
#1588=LINE('',#4011,#1944);
#1589=LINE('',#4013,#1945);
#1590=LINE('',#4015,#1946);
#1591=LINE('',#4018,#1947);
#1592=LINE('',#4020,#1948);
#1593=LINE('',#4022,#1949);
#1594=LINE('',#4024,#1950);
#1595=LINE('',#4026,#1951);
#1596=LINE('',#4028,#1952);
#1597=LINE('',#4030,#1953);
#1598=LINE('',#4032,#1954);
#1599=LINE('',#4034,#1955);
#1600=LINE('',#4036,#1956);
#1601=LINE('',#4039,#1957);
#1602=LINE('',#4041,#1958);
#1603=LINE('',#4043,#1959);
#1604=LINE('',#4045,#1960);
#1605=LINE('',#4047,#1961);
#1606=LINE('',#4049,#1962);
#1607=LINE('',#4051,#1963);
#1608=LINE('',#4053,#1964);
#1609=LINE('',#4055,#1965);
#1610=LINE('',#4057,#1966);
#1611=LINE('',#4060,#1967);
#1612=LINE('',#4062,#1968);
#1613=LINE('',#4064,#1969);
#1614=LINE('',#4066,#1970);
#1615=LINE('',#4068,#1971);
#1616=LINE('',#4070,#1972);
#1617=LINE('',#4072,#1973);
#1618=LINE('',#4074,#1974);
#1619=LINE('',#4076,#1975);
#1620=LINE('',#4078,#1976);
#1621=LINE('',#4081,#1977);
#1622=LINE('',#4083,#1978);
#1623=LINE('',#4085,#1979);
#1624=LINE('',#4087,#1980);
#1625=LINE('',#4089,#1981);
#1626=LINE('',#4091,#1982);
#1627=LINE('',#4093,#1983);
#1628=LINE('',#4095,#1984);
#1629=LINE('',#4097,#1985);
#1630=LINE('',#4099,#1986);
#1631=LINE('',#4102,#1987);
#1632=LINE('',#4104,#1988);
#1633=LINE('',#4106,#1989);
#1634=LINE('',#4108,#1990);
#1635=LINE('',#4110,#1991);
#1636=LINE('',#4112,#1992);
#1637=LINE('',#4114,#1993);
#1638=LINE('',#4116,#1994);
#1639=LINE('',#4118,#1995);
#1640=LINE('',#4120,#1996);
#1641=LINE('',#4123,#1997);
#1642=LINE('',#4125,#1998);
#1643=LINE('',#4127,#1999);
#1644=LINE('',#4129,#2000);
#1645=LINE('',#4131,#2001);
#1646=LINE('',#4133,#2002);
#1647=LINE('',#4135,#2003);
#1648=LINE('',#4137,#2004);
#1649=LINE('',#4139,#2005);
#1650=LINE('',#4141,#2006);
#1651=LINE('',#4144,#2007);
#1652=LINE('',#4146,#2008);
#1653=LINE('',#4148,#2009);
#1654=LINE('',#4150,#2010);
#1655=LINE('',#4152,#2011);
#1656=LINE('',#4154,#2012);
#1657=LINE('',#4158,#2013);
#1658=LINE('',#4162,#2014);
#1659=LINE('',#4164,#2015);
#1660=LINE('',#4166,#2016);
#1661=LINE('',#4168,#2017);
#1662=LINE('',#4170,#2018);
#1663=LINE('',#4172,#2019);
#1664=LINE('',#4176,#2020);
#1665=LINE('',#4180,#2021);
#1666=LINE('',#4182,#2022);
#1667=LINE('',#4184,#2023);
#1668=LINE('',#4188,#2024);
#1669=LINE('',#4192,#2025);
#1670=LINE('',#4194,#2026);
#1671=LINE('',#4196,#2027);
#1672=LINE('',#4198,#2028);
#1673=LINE('',#4199,#2029);
#1674=LINE('',#4201,#2030);
#1675=LINE('',#4202,#2031);
#1676=LINE('',#4204,#2032);
#1677=LINE('',#4205,#2033);
#1678=LINE('',#4207,#2034);
#1679=LINE('',#4208,#2035);
#1680=LINE('',#4220,#2036);
#1681=LINE('',#4221,#2037);
#1682=LINE('',#4223,#2038);
#1683=LINE('',#4224,#2039);
#1684=LINE('',#4226,#2040);
#1685=LINE('',#4227,#2041);
#1686=LINE('',#4229,#2042);
#1687=LINE('',#4230,#2043);
#1688=LINE('',#4232,#2044);
#1689=LINE('',#4233,#2045);
#1690=LINE('',#4235,#2046);
#1691=LINE('',#4236,#2047);
#1692=LINE('',#4238,#2048);
#1693=LINE('',#4239,#2049);
#1694=LINE('',#4241,#2050);
#1695=LINE('',#4242,#2051);
#1696=LINE('',#4244,#2052);
#1697=LINE('',#4245,#2053);
#1698=LINE('',#4247,#2054);
#1699=LINE('',#4248,#2055);
#1700=LINE('',#4250,#2056);
#1701=LINE('',#4251,#2057);
#1702=LINE('',#4253,#2058);
#1703=LINE('',#4254,#2059);
#1704=LINE('',#4264,#2060);
#1705=LINE('',#4265,#2061);
#1706=LINE('',#4275,#2062);
#1707=LINE('',#4278,#2063);
#1708=LINE('',#4280,#2064);
#1709=LINE('',#4282,#2065);
#1710=LINE('',#4284,#2066);
#1711=LINE('',#4286,#2067);
#1712=LINE('',#4288,#2068);
#1713=LINE('',#4290,#2069);
#1714=LINE('',#4292,#2070);
#1715=LINE('',#4294,#2071);
#1716=LINE('',#4296,#2072);
#1717=LINE('',#4297,#2073);
#1718=LINE('',#4310,#2074);
#1719=LINE('',#4313,#2075);
#1720=LINE('',#4315,#2076);
#1721=LINE('',#4317,#2077);
#1722=LINE('',#4319,#2078);
#1723=LINE('',#4321,#2079);
#1724=LINE('',#4323,#2080);
#1725=LINE('',#4325,#2081);
#1726=LINE('',#4329,#2082);
#1727=LINE('',#4333,#2083);
#1728=LINE('',#4335,#2084);
#1729=LINE('',#4337,#2085);
#1730=LINE('',#4339,#2086);
#1731=LINE('',#4341,#2087);
#1732=LINE('',#4343,#2088);
#1733=LINE('',#4345,#2089);
#1734=LINE('',#4347,#2090);
#1735=LINE('',#4349,#2091);
#1736=LINE('',#4351,#2092);
#1737=LINE('',#4353,#2093);
#1738=LINE('',#4355,#2094);
#1739=LINE('',#4357,#2095);
#1740=LINE('',#4359,#2096);
#1741=LINE('',#4361,#2097);
#1742=LINE('',#4364,#2098);
#1743=LINE('',#4366,#2099);
#1744=LINE('',#4368,#2100);
#1745=LINE('',#4370,#2101);
#1746=LINE('',#4373,#2102);
#1747=LINE('',#4374,#2103);
#1748=LINE('',#4376,#2104);
#1749=LINE('',#4378,#2105);
#1750=LINE('',#4379,#2106);
#1751=LINE('',#4381,#2107);
#1752=LINE('',#4383,#2108);
#1753=LINE('',#4385,#2109);
#1754=LINE('',#4387,#2110);
#1755=LINE('',#4389,#2111);
#1756=LINE('',#4391,#2112);
#1757=LINE('',#4393,#2113);
#1758=LINE('',#4395,#2114);
#1759=LINE('',#4397,#2115);
#1760=LINE('',#4399,#2116);
#1761=LINE('',#4401,#2117);
#1762=LINE('',#4402,#2118);
#1763=LINE('',#4404,#2119);
#1764=LINE('',#4406,#2120);
#1765=LINE('',#4408,#2121);
#1766=LINE('',#4410,#2122);
#1767=LINE('',#4413,#2123);
#1768=LINE('',#4414,#2124);
#1769=LINE('',#4415,#2125);
#1770=LINE('',#4417,#2126);
#1771=LINE('',#4420,#2127);
#1772=LINE('',#4421,#2128);
#1773=LINE('',#4423,#2129);
#1774=LINE('',#4426,#2130);
#1775=LINE('',#4427,#2131);
#1776=LINE('',#4429,#2132);
#1777=LINE('',#4432,#2133);
#1778=LINE('',#4433,#2134);
#1779=LINE('',#4435,#2135);
#1780=LINE('',#4436,#2136);
#1781=LINE('',#4439,#2137);
#1782=LINE('',#4442,#2138);
#1783=LINE('',#4444,#2139);
#1784=LINE('',#4446,#2140);
#1785=LINE('',#4447,#2141);
#1786=LINE('',#4449,#2142);
#1787=LINE('',#4451,#2143);
#1788=LINE('',#4453,#2144);
#1789=LINE('',#4455,#2145);
#1790=LINE('',#4457,#2146);
#1791=LINE('',#4459,#2147);
#1792=LINE('',#4461,#2148);
#1793=LINE('',#4463,#2149);
#1794=LINE('',#4465,#2150);
#1795=LINE('',#4467,#2151);
#1796=LINE('',#4469,#2152);
#1797=LINE('',#4471,#2153);
#1798=LINE('',#4473,#2154);
#1799=LINE('',#4475,#2155);
#1800=LINE('',#4477,#2156);
#1801=LINE('',#4479,#2157);
#1802=LINE('',#4482,#2158);
#1803=LINE('',#4483,#2159);
#1804=LINE('',#4502,#2160);
#1805=LINE('',#4504,#2161);
#1806=LINE('',#4506,#2162);
#1807=LINE('',#4508,#2163);
#1808=LINE('',#4510,#2164);
#1809=LINE('',#4512,#2165);
#1810=LINE('',#4515,#2166);
#1811=LINE('',#4516,#2167);
#1812=LINE('',#4518,#2168);
#1813=LINE('',#4520,#2169);
#1814=LINE('',#4522,#2170);
#1815=LINE('',#4526,#2171);
#1816=LINE('',#4528,#2172);
#1817=LINE('',#4532,#2173);
#1818=LINE('',#4535,#2174);
#1819=LINE('',#4536,#2175);
#1820=LINE('',#4538,#2176);
#1821=LINE('',#4540,#2177);
#1822=LINE('',#4542,#2178);
#1823=LINE('',#4544,#2179);
#1824=LINE('',#4546,#2180);
#1825=LINE('',#4548,#2181);
#1826=LINE('',#4550,#2182);
#1827=LINE('',#4552,#2183);
#1828=LINE('',#4554,#2184);
#1829=LINE('',#4556,#2185);
#1830=LINE('',#4559,#2186);
#1831=LINE('',#4561,#2187);
#1832=LINE('',#4562,#2188);
#1833=LINE('',#4565,#2189);
#1834=LINE('',#4567,#2190);
#1835=LINE('',#4569,#2191);
#1836=VECTOR('',#3078,1000.);
#1837=VECTOR('',#3079,1000.);
#1838=VECTOR('',#3080,1000.);
#1839=VECTOR('',#3081,1000.);
#1840=VECTOR('',#3084,1000.);
#1841=VECTOR('',#3085,1000.);
#1842=VECTOR('',#3086,1000.);
#1843=VECTOR('',#3089,1000.);
#1844=VECTOR('',#3090,1000.);
#1845=VECTOR('',#3091,1000.);
#1846=VECTOR('',#3094,1000.);
#1847=VECTOR('',#3095,1000.);
#1848=VECTOR('',#3096,1000.);
#1849=VECTOR('',#3097,1000.);
#1850=VECTOR('',#3100,1000.);
#1851=VECTOR('',#3101,1000.);
#1852=VECTOR('',#3102,1000.);
#1853=VECTOR('',#3105,1000.);
#1854=VECTOR('',#3106,1000.);
#1855=VECTOR('',#3107,1000.);
#1856=VECTOR('',#3110,1000.);
#1857=VECTOR('',#3111,1000.);
#1858=VECTOR('',#3112,1000.);
#1859=VECTOR('',#3113,1000.);
#1860=VECTOR('',#3116,1000.);
#1861=VECTOR('',#3117,1000.);
#1862=VECTOR('',#3118,1000.);
#1863=VECTOR('',#3121,1000.);
#1864=VECTOR('',#3122,1000.);
#1865=VECTOR('',#3123,1000.);
#1866=VECTOR('',#3126,1000.);
#1867=VECTOR('',#3127,1000.);
#1868=VECTOR('',#3128,1000.);
#1869=VECTOR('',#3129,1000.);
#1870=VECTOR('',#3132,1000.);
#1871=VECTOR('',#3133,1000.);
#1872=VECTOR('',#3134,1000.);
#1873=VECTOR('',#3137,1000.);
#1874=VECTOR('',#3138,1000.);
#1875=VECTOR('',#3139,1000.);
#1876=VECTOR('',#3142,1000.);
#1877=VECTOR('',#3143,1000.);
#1878=VECTOR('',#3144,1000.);
#1879=VECTOR('',#3145,1000.);
#1880=VECTOR('',#3148,1000.);
#1881=VECTOR('',#3149,1000.);
#1882=VECTOR('',#3150,1000.);
#1883=VECTOR('',#3153,1000.);
#1884=VECTOR('',#3154,1000.);
#1885=VECTOR('',#3155,1000.);
#1886=VECTOR('',#3158,1000.);
#1887=VECTOR('',#3159,1000.);
#1888=VECTOR('',#3160,1000.);
#1889=VECTOR('',#3161,1000.);
#1890=VECTOR('',#3164,1000.);
#1891=VECTOR('',#3165,1000.);
#1892=VECTOR('',#3166,1000.);
#1893=VECTOR('',#3169,1000.);
#1894=VECTOR('',#3170,1000.);
#1895=VECTOR('',#3171,1000.);
#1896=VECTOR('',#3174,1000.);
#1897=VECTOR('',#3175,1000.);
#1898=VECTOR('',#3176,1000.);
#1899=VECTOR('',#3177,1000.);
#1900=VECTOR('',#3180,1000.);
#1901=VECTOR('',#3181,1000.);
#1902=VECTOR('',#3182,1000.);
#1903=VECTOR('',#3185,1000.);
#1904=VECTOR('',#3186,1000.);
#1905=VECTOR('',#3187,1000.);
#1906=VECTOR('',#3190,1000.);
#1907=VECTOR('',#3191,1000.);
#1908=VECTOR('',#3192,1000.);
#1909=VECTOR('',#3193,1000.);
#1910=VECTOR('',#3196,1000.);
#1911=VECTOR('',#3197,1000.);
#1912=VECTOR('',#3198,1000.);
#1913=VECTOR('',#3201,1000.);
#1914=VECTOR('',#3202,1000.);
#1915=VECTOR('',#3203,1000.);
#1916=VECTOR('',#3206,1000.);
#1917=VECTOR('',#3207,1000.);
#1918=VECTOR('',#3208,1000.);
#1919=VECTOR('',#3209,1000.);
#1920=VECTOR('',#3212,1000.);
#1921=VECTOR('',#3213,1000.);
#1922=VECTOR('',#3214,1000.);
#1923=VECTOR('',#3217,1000.);
#1924=VECTOR('',#3218,1000.);
#1925=VECTOR('',#3219,1000.);
#1926=VECTOR('',#3222,1000.);
#1927=VECTOR('',#3223,1000.);
#1928=VECTOR('',#3224,1000.);
#1929=VECTOR('',#3225,1000.);
#1930=VECTOR('',#3228,1000.);
#1931=VECTOR('',#3229,1000.);
#1932=VECTOR('',#3230,1000.);
#1933=VECTOR('',#3233,1000.);
#1934=VECTOR('',#3234,1000.);
#1935=VECTOR('',#3235,1000.);
#1936=VECTOR('',#3238,1000.);
#1937=VECTOR('',#3239,1000.);
#1938=VECTOR('',#3240,1000.);
#1939=VECTOR('',#3241,1000.);
#1940=VECTOR('',#3244,1000.);
#1941=VECTOR('',#3245,1000.);
#1942=VECTOR('',#3246,1000.);
#1943=VECTOR('',#3249,1000.);
#1944=VECTOR('',#3250,1000.);
#1945=VECTOR('',#3251,1000.);
#1946=VECTOR('',#3254,1000.);
#1947=VECTOR('',#3255,1000.);
#1948=VECTOR('',#3256,1000.);
#1949=VECTOR('',#3257,1000.);
#1950=VECTOR('',#3260,1000.);
#1951=VECTOR('',#3261,1000.);
#1952=VECTOR('',#3262,1000.);
#1953=VECTOR('',#3265,1000.);
#1954=VECTOR('',#3266,1000.);
#1955=VECTOR('',#3267,1000.);
#1956=VECTOR('',#3270,1000.);
#1957=VECTOR('',#3271,1000.);
#1958=VECTOR('',#3272,1000.);
#1959=VECTOR('',#3273,1000.);
#1960=VECTOR('',#3276,1000.);
#1961=VECTOR('',#3277,1000.);
#1962=VECTOR('',#3278,1000.);
#1963=VECTOR('',#3281,1000.);
#1964=VECTOR('',#3282,1000.);
#1965=VECTOR('',#3283,1000.);
#1966=VECTOR('',#3286,1000.);
#1967=VECTOR('',#3287,1000.);
#1968=VECTOR('',#3288,1000.);
#1969=VECTOR('',#3289,1000.);
#1970=VECTOR('',#3292,1000.);
#1971=VECTOR('',#3293,1000.);
#1972=VECTOR('',#3294,1000.);
#1973=VECTOR('',#3297,1000.);
#1974=VECTOR('',#3298,1000.);
#1975=VECTOR('',#3299,1000.);
#1976=VECTOR('',#3302,1000.);
#1977=VECTOR('',#3303,1000.);
#1978=VECTOR('',#3304,1000.);
#1979=VECTOR('',#3305,1000.);
#1980=VECTOR('',#3308,1000.);
#1981=VECTOR('',#3309,1000.);
#1982=VECTOR('',#3310,1000.);
#1983=VECTOR('',#3313,1000.);
#1984=VECTOR('',#3314,1000.);
#1985=VECTOR('',#3315,1000.);
#1986=VECTOR('',#3318,1000.);
#1987=VECTOR('',#3319,1000.);
#1988=VECTOR('',#3320,1000.);
#1989=VECTOR('',#3321,1000.);
#1990=VECTOR('',#3324,1000.);
#1991=VECTOR('',#3325,1000.);
#1992=VECTOR('',#3326,1000.);
#1993=VECTOR('',#3329,1000.);
#1994=VECTOR('',#3330,1000.);
#1995=VECTOR('',#3331,1000.);
#1996=VECTOR('',#3334,1000.);
#1997=VECTOR('',#3335,1000.);
#1998=VECTOR('',#3336,1000.);
#1999=VECTOR('',#3337,1000.);
#2000=VECTOR('',#3340,1000.);
#2001=VECTOR('',#3341,1000.);
#2002=VECTOR('',#3342,1000.);
#2003=VECTOR('',#3345,1000.);
#2004=VECTOR('',#3346,1000.);
#2005=VECTOR('',#3347,1000.);
#2006=VECTOR('',#3350,1000.);
#2007=VECTOR('',#3351,1000.);
#2008=VECTOR('',#3352,1000.);
#2009=VECTOR('',#3353,1000.);
#2010=VECTOR('',#3356,1000.);
#2011=VECTOR('',#3357,1000.);
#2012=VECTOR('',#3358,1000.);
#2013=VECTOR('',#3363,1000.);
#2014=VECTOR('',#3368,1000.);
#2015=VECTOR('',#3369,1000.);
#2016=VECTOR('',#3370,1000.);
#2017=VECTOR('',#3373,1000.);
#2018=VECTOR('',#3374,1000.);
#2019=VECTOR('',#3375,1000.);
#2020=VECTOR('',#3380,1000.);
#2021=VECTOR('',#3385,1000.);
#2022=VECTOR('',#3386,1000.);
#2023=VECTOR('',#3387,1000.);
#2024=VECTOR('',#3392,1000.);
#2025=VECTOR('',#3397,1000.);
#2026=VECTOR('',#3398,1000.);
#2027=VECTOR('',#3399,1000.);
#2028=VECTOR('',#3402,1000.);
#2029=VECTOR('',#3403,1000.);
#2030=VECTOR('',#3406,1000.);
#2031=VECTOR('',#3407,1000.);
#2032=VECTOR('',#3410,1000.);
#2033=VECTOR('',#3411,1000.);
#2034=VECTOR('',#3414,1000.);
#2035=VECTOR('',#3415,1000.);
#2036=VECTOR('',#3430,1000.);
#2037=VECTOR('',#3431,1000.);
#2038=VECTOR('',#3434,1000.);
#2039=VECTOR('',#3435,1000.);
#2040=VECTOR('',#3438,1000.);
#2041=VECTOR('',#3439,1000.);
#2042=VECTOR('',#3442,1000.);
#2043=VECTOR('',#3443,1000.);
#2044=VECTOR('',#3446,1000.);
#2045=VECTOR('',#3447,1000.);
#2046=VECTOR('',#3450,1000.);
#2047=VECTOR('',#3451,1000.);
#2048=VECTOR('',#3454,1000.);
#2049=VECTOR('',#3455,1000.);
#2050=VECTOR('',#3458,1000.);
#2051=VECTOR('',#3459,1000.);
#2052=VECTOR('',#3462,1000.);
#2053=VECTOR('',#3463,1000.);
#2054=VECTOR('',#3466,1000.);
#2055=VECTOR('',#3467,1000.);
#2056=VECTOR('',#3470,1000.);
#2057=VECTOR('',#3471,1000.);
#2058=VECTOR('',#3474,1000.);
#2059=VECTOR('',#3475,1000.);
#2060=VECTOR('',#3490,1000.);
#2061=VECTOR('',#3491,1000.);
#2062=VECTOR('',#3506,1000.);
#2063=VECTOR('',#3507,1000.);
#2064=VECTOR('',#3508,1000.);
#2065=VECTOR('',#3509,1000.);
#2066=VECTOR('',#3512,1000.);
#2067=VECTOR('',#3513,1000.);
#2068=VECTOR('',#3514,1000.);
#2069=VECTOR('',#3517,1000.);
#2070=VECTOR('',#3518,1000.);
#2071=VECTOR('',#3519,1000.);
#2072=VECTOR('',#3522,1000.);
#2073=VECTOR('',#3523,1000.);
#2074=VECTOR('',#3540,1000.);
#2075=VECTOR('',#3541,1000.);
#2076=VECTOR('',#3542,1000.);
#2077=VECTOR('',#3543,1000.);
#2078=VECTOR('',#3544,1000.);
#2079=VECTOR('',#3545,1000.);
#2080=VECTOR('',#3546,1000.);
#2081=VECTOR('',#3547,1000.);
#2082=VECTOR('',#3550,1000.);
#2083=VECTOR('',#3553,1000.);
#2084=VECTOR('',#3554,1000.);
#2085=VECTOR('',#3555,1000.);
#2086=VECTOR('',#3556,1000.);
#2087=VECTOR('',#3557,1000.);
#2088=VECTOR('',#3558,1000.);
#2089=VECTOR('',#3559,1000.);
#2090=VECTOR('',#3560,1000.);
#2091=VECTOR('',#3561,1000.);
#2092=VECTOR('',#3562,1000.);
#2093=VECTOR('',#3563,1000.);
#2094=VECTOR('',#3564,1000.);
#2095=VECTOR('',#3567,1000.);
#2096=VECTOR('',#3568,1000.);
#2097=VECTOR('',#3571,1000.);
#2098=VECTOR('',#3572,1000.);
#2099=VECTOR('',#3573,1000.);
#2100=VECTOR('',#3574,1000.);
#2101=VECTOR('',#3577,1000.);
#2102=VECTOR('',#3578,1000.);
#2103=VECTOR('',#3579,1000.);
#2104=VECTOR('',#3582,1000.);
#2105=VECTOR('',#3583,1000.);
#2106=VECTOR('',#3584,1000.);
#2107=VECTOR('',#3585,1000.);
#2108=VECTOR('',#3588,1000.);
#2109=VECTOR('',#3589,1000.);
#2110=VECTOR('',#3590,1000.);
#2111=VECTOR('',#3591,1000.);
#2112=VECTOR('',#3592,1000.);
#2113=VECTOR('',#3593,1000.);
#2114=VECTOR('',#3594,1000.);
#2115=VECTOR('',#3597,1000.);
#2116=VECTOR('',#3598,1000.);
#2117=VECTOR('',#3599,1000.);
#2118=VECTOR('',#3600,1000.);
#2119=VECTOR('',#3603,1000.);
#2120=VECTOR('',#3604,1000.);
#2121=VECTOR('',#3605,1000.);
#2122=VECTOR('',#3608,1000.);
#2123=VECTOR('',#3609,1000.);
#2124=VECTOR('',#3610,1000.);
#2125=VECTOR('',#3611,1000.);
#2126=VECTOR('',#3614,1000.);
#2127=VECTOR('',#3615,1000.);
#2128=VECTOR('',#3616,1000.);
#2129=VECTOR('',#3619,1000.);
#2130=VECTOR('',#3620,1000.);
#2131=VECTOR('',#3621,1000.);
#2132=VECTOR('',#3624,1000.);
#2133=VECTOR('',#3625,1000.);
#2134=VECTOR('',#3626,1000.);
#2135=VECTOR('',#3629,1000.);
#2136=VECTOR('',#3630,1000.);
#2137=VECTOR('',#3635,1000.);
#2138=VECTOR('',#3636,1000.);
#2139=VECTOR('',#3637,1000.);
#2140=VECTOR('',#3638,1000.);
#2141=VECTOR('',#3639,1000.);
#2142=VECTOR('',#3640,1000.);
#2143=VECTOR('',#3641,1000.);
#2144=VECTOR('',#3642,1000.);
#2145=VECTOR('',#3643,1000.);
#2146=VECTOR('',#3646,1000.);
#2147=VECTOR('',#3647,1000.);
#2148=VECTOR('',#3650,1000.);
#2149=VECTOR('',#3651,1000.);
#2150=VECTOR('',#3654,1000.);
#2151=VECTOR('',#3655,1000.);
#2152=VECTOR('',#3658,1000.);
#2153=VECTOR('',#3659,1000.);
#2154=VECTOR('',#3662,1000.);
#2155=VECTOR('',#3663,1000.);
#2156=VECTOR('',#3666,1000.);
#2157=VECTOR('',#3667,1000.);
#2158=VECTOR('',#3672,1000.);
#2159=VECTOR('',#3673,1000.);
#2160=VECTOR('',#3702,1000.);
#2161=VECTOR('',#3703,1000.);
#2162=VECTOR('',#3704,1000.);
#2163=VECTOR('',#3707,1000.);
#2164=VECTOR('',#3708,1000.);
#2165=VECTOR('',#3711,1000.);
#2166=VECTOR('',#3712,1000.);
#2167=VECTOR('',#3713,1000.);
#2168=VECTOR('',#3716,1000.);
#2169=VECTOR('',#3717,1000.);
#2170=VECTOR('',#3720,1000.);
#2171=VECTOR('',#3725,1000.);
#2172=VECTOR('',#3726,1000.);
#2173=VECTOR('',#3733,1000.);
#2174=VECTOR('',#3734,1000.);
#2175=VECTOR('',#3735,1000.);
#2176=VECTOR('',#3736,1000.);
#2177=VECTOR('',#3737,1000.);
#2178=VECTOR('',#3738,1000.);
#2179=VECTOR('',#3739,1000.);
#2180=VECTOR('',#3742,1000.);
#2181=VECTOR('',#3745,1000.);
#2182=VECTOR('',#3748,1000.);
#2183=VECTOR('',#3751,1000.);
#2184=VECTOR('',#3754,1000.);
#2185=VECTOR('',#3757,1000.);
#2186=VECTOR('',#3762,1000.);
#2187=VECTOR('',#3765,1000.);
#2188=VECTOR('',#3766,1000.);
#2189=VECTOR('',#3771,1000.);
#2190=VECTOR('',#3774,1000.);
#2191=VECTOR('',#3777,1000.);
#2192=EDGE_LOOP('',(#70,#71,#72,#73));
#2193=EDGE_LOOP('',(#74,#75,#76,#77));
#2194=EDGE_LOOP('',(#78,#79,#80,#81));
#2195=EDGE_LOOP('',(#82,#83,#84,#85));
#2196=EDGE_LOOP('',(#86,#87,#88,#89));
#2197=EDGE_LOOP('',(#90,#91,#92,#93));
#2198=EDGE_LOOP('',(#94,#95,#96,#97));
#2199=EDGE_LOOP('',(#98,#99,#100,#101));
#2200=EDGE_LOOP('',(#102,#103,#104,#105));
#2201=EDGE_LOOP('',(#106,#107,#108,#109));
#2202=EDGE_LOOP('',(#110,#111,#112,#113));
#2203=EDGE_LOOP('',(#114,#115,#116,#117));
#2204=EDGE_LOOP('',(#118,#119,#120,#121));
#2205=EDGE_LOOP('',(#122,#123,#124,#125));
#2206=EDGE_LOOP('',(#126,#127,#128,#129));
#2207=EDGE_LOOP('',(#130,#131,#132,#133));
#2208=EDGE_LOOP('',(#134,#135,#136,#137));
#2209=EDGE_LOOP('',(#138,#139,#140,#141));
#2210=EDGE_LOOP('',(#142,#143,#144,#145));
#2211=EDGE_LOOP('',(#146,#147,#148,#149));
#2212=EDGE_LOOP('',(#150,#151,#152,#153));
#2213=EDGE_LOOP('',(#154,#155,#156,#157));
#2214=EDGE_LOOP('',(#158,#159,#160,#161));
#2215=EDGE_LOOP('',(#162,#163,#164,#165));
#2216=EDGE_LOOP('',(#166,#167,#168,#169));
#2217=EDGE_LOOP('',(#170,#171,#172,#173));
#2218=EDGE_LOOP('',(#174,#175,#176,#177));
#2219=EDGE_LOOP('',(#178,#179,#180,#181));
#2220=EDGE_LOOP('',(#182,#183,#184,#185));
#2221=EDGE_LOOP('',(#186,#187,#188,#189));
#2222=EDGE_LOOP('',(#190,#191,#192,#193));
#2223=EDGE_LOOP('',(#194,#195,#196,#197));
#2224=EDGE_LOOP('',(#198,#199,#200,#201));
#2225=EDGE_LOOP('',(#202,#203,#204,#205));
#2226=EDGE_LOOP('',(#206,#207,#208,#209));
#2227=EDGE_LOOP('',(#210,#211,#212,#213));
#2228=EDGE_LOOP('',(#214,#215,#216,#217));
#2229=EDGE_LOOP('',(#218,#219,#220,#221));
#2230=EDGE_LOOP('',(#222,#223,#224,#225));
#2231=EDGE_LOOP('',(#226,#227,#228,#229));
#2232=EDGE_LOOP('',(#230,#231,#232,#233));
#2233=EDGE_LOOP('',(#234,#235,#236,#237));
#2234=EDGE_LOOP('',(#238,#239,#240,#241));
#2235=EDGE_LOOP('',(#242,#243,#244,#245));
#2236=EDGE_LOOP('',(#246,#247,#248,#249));
#2237=EDGE_LOOP('',(#250,#251,#252,#253));
#2238=EDGE_LOOP('',(#254,#255,#256,#257));
#2239=EDGE_LOOP('',(#258,#259,#260,#261));
#2240=EDGE_LOOP('',(#262,#263,#264,#265));
#2241=EDGE_LOOP('',(#266,#267,#268,#269));
#2242=EDGE_LOOP('',(#270,#271,#272,#273));
#2243=EDGE_LOOP('',(#274,#275,#276,#277));
#2244=EDGE_LOOP('',(#278,#279,#280,#281));
#2245=EDGE_LOOP('',(#282,#283,#284,#285));
#2246=EDGE_LOOP('',(#286,#287,#288,#289));
#2247=EDGE_LOOP('',(#290,#291,#292,#293));
#2248=EDGE_LOOP('',(#294,#295,#296,#297));
#2249=EDGE_LOOP('',(#298,#299,#300,#301));
#2250=EDGE_LOOP('',(#302,#303,#304,#305));
#2251=EDGE_LOOP('',(#306,#307,#308,#309));
#2252=EDGE_LOOP('',(#310,#311,#312,#313));
#2253=EDGE_LOOP('',(#314,#315,#316,#317));
#2254=EDGE_LOOP('',(#318,#319,#320,#321));
#2255=EDGE_LOOP('',(#322,#323,#324,#325));
#2256=EDGE_LOOP('',(#326));
#2257=EDGE_LOOP('',(#327));
#2258=EDGE_LOOP('',(#328));
#2259=EDGE_LOOP('',(#329));
#2260=EDGE_LOOP('',(#330,#331,#332,#333));
#2261=EDGE_LOOP('',(#334,#335,#336,#337));
#2262=EDGE_LOOP('',(#338,#339,#340,#341));
#2263=EDGE_LOOP('',(#342,#343,#344,#345));
#2264=EDGE_LOOP('',(#346,#347,#348,#349));
#2265=EDGE_LOOP('',(#350,#351,#352,#353));
#2266=EDGE_LOOP('',(#354,#355,#356,#357));
#2267=EDGE_LOOP('',(#358,#359,#360,#361));
#2268=EDGE_LOOP('',(#362,#363,#364,#365));
#2269=EDGE_LOOP('',(#366,#367,#368,#369));
#2270=EDGE_LOOP('',(#370,#371,#372,#373));
#2271=EDGE_LOOP('',(#374,#375,#376,#377));
#2272=EDGE_LOOP('',(#378));
#2273=EDGE_LOOP('',(#379));
#2274=EDGE_LOOP('',(#380,#381,#382,#383));
#2275=EDGE_LOOP('',(#384,#385,#386,#387));
#2276=EDGE_LOOP('',(#388));
#2277=EDGE_LOOP('',(#389,#390,#391,#392,#393,#394,#395,#396,#397,#398));
#2278=EDGE_LOOP('',(#399));
#2279=EDGE_LOOP('',(#400,#401,#402,#403));
#2280=EDGE_LOOP('',(#404,#405,#406,#407));
#2281=EDGE_LOOP('',(#408,#409,#410,#411));
#2282=EDGE_LOOP('',(#412,#413,#414,#415));
#2283=EDGE_LOOP('',(#416,#417,#418,#419));
#2284=EDGE_LOOP('',(#420,#421,#422,#423));
#2285=EDGE_LOOP('',(#424,#425,#426,#427));
#2286=EDGE_LOOP('',(#428,#429,#430,#431));
#2287=EDGE_LOOP('',(#432,#433,#434,#435));
#2288=EDGE_LOOP('',(#436,#437,#438,#439));
#2289=EDGE_LOOP('',(#440,#441,#442,#443));
#2290=EDGE_LOOP('',(#444,#445,#446,#447));
#2291=EDGE_LOOP('',(#448));
#2292=EDGE_LOOP('',(#449));
#2293=EDGE_LOOP('',(#450,#451,#452,#453));
#2294=EDGE_LOOP('',(#454,#455,#456,#457));
#2295=EDGE_LOOP('',(#458,#459,#460,#461));
#2296=EDGE_LOOP('',(#462,#463,#464,#465));
#2297=EDGE_LOOP('',(#466,#467,#468,#469));
#2298=EDGE_LOOP('',(#470));
#2299=EDGE_LOOP('',(#471,#472,#473,#474,#475,#476,#477,#478,#479,#480));
#2300=EDGE_LOOP('',(#481));
#2301=EDGE_LOOP('',(#482,#483,#484,#485));
#2302=EDGE_LOOP('',(#486,#487,#488,#489));
#2303=EDGE_LOOP('',(#490,#491,#492,#493));
#2304=EDGE_LOOP('',(#494,#495,#496,#497));
#2305=EDGE_LOOP('',(#498,#499,#500,#501));
#2306=EDGE_LOOP('',(#502,#503,#504,#505));
#2307=EDGE_LOOP('',(#506,#507,#508,#509));
#2308=EDGE_LOOP('',(#510,#511,#512,#513));
#2309=EDGE_LOOP('',(#514,#515,#516,#517));
#2310=EDGE_LOOP('',(#518,#519,#520,#521));
#2311=EDGE_LOOP('',(#522,#523,#524,#525));
#2312=EDGE_LOOP('',(#526,#527,#528,#529));
#2313=EDGE_LOOP('',(#530));
#2314=EDGE_LOOP('',(#531));
#2315=EDGE_LOOP('',(#532,#533,#534,#535));
#2316=EDGE_LOOP('',(#536,#537,#538,#539));
#2317=EDGE_LOOP('',(#540,#541,#542,#543));
#2318=EDGE_LOOP('',(#544,#545,#546,#547));
#2319=EDGE_LOOP('',(#548,#549,#550,#551));
#2320=EDGE_LOOP('',(#552));
#2321=EDGE_LOOP('',(#553));
#2322=EDGE_LOOP('',(#554,#555,#556,#557));
#2323=EDGE_LOOP('',(#558,#559,#560,#561));
#2324=EDGE_LOOP('',(#562,#563,#564,#565));
#2325=EDGE_LOOP('',(#566,#567,#568,#569));
#2326=EDGE_LOOP('',(#570,#571,#572,#573));
#2327=EDGE_LOOP('',(#574,#575,#576,#577));
#2328=EDGE_LOOP('',(#578));
#2329=EDGE_LOOP('',(#579));
#2330=EDGE_LOOP('',(#580));
#2331=EDGE_LOOP('',(#581));
#2332=EDGE_LOOP('',(#582,#583,#584,#585,#586,#587,#588,#589,#590,#591,#592,
#593,#594,#595,#596,#597,#598,#599,#600,#601,#602,#603,#604));
#2333=EDGE_LOOP('',(#605,#606,#607));
#2334=EDGE_LOOP('',(#608,#609,#610,#611));
#2335=EDGE_LOOP('',(#612,#613,#614,#615));
#2336=EDGE_LOOP('',(#616,#617,#618,#619,#620));
#2337=EDGE_LOOP('',(#621,#622,#623,#624,#625,#626,#627,#628));
#2338=EDGE_LOOP('',(#629,#630,#631,#632,#633,#634));
#2339=EDGE_LOOP('',(#635,#636,#637,#638));
#2340=EDGE_LOOP('',(#639,#640,#641,#642,#643,#644));
#2341=EDGE_LOOP('',(#645,#646,#647,#648));
#2342=EDGE_LOOP('',(#649,#650,#651,#652));
#2343=EDGE_LOOP('',(#653,#654,#655,#656));
#2344=EDGE_LOOP('',(#657,#658,#659,#660));
#2345=EDGE_LOOP('',(#661,#662,#663,#664,#665,#666,#667,#668,#669,#670,#671));
#2346=EDGE_LOOP('',(#672,#673,#674,#675,#676,#677,#678,#679,#680,#681));
#2347=EDGE_LOOP('',(#682,#683,#684,#685));
#2348=EDGE_LOOP('',(#686,#687,#688,#689));
#2349=EDGE_LOOP('',(#690,#691,#692,#693));
#2350=EDGE_LOOP('',(#694,#695,#696,#697));
#2351=EDGE_LOOP('',(#698,#699,#700,#701));
#2352=EDGE_LOOP('',(#702,#703,#704,#705));
#2353=EDGE_LOOP('',(#706,#707,#708,#709));
#2354=EDGE_LOOP('',(#710,#711,#712,#713,#714));
#2355=EDGE_LOOP('',(#715,#716,#717,#718,#719,#720,#721,#722));
#2356=EDGE_LOOP('',(#723));
#2357=EDGE_LOOP('',(#724));
#2358=EDGE_LOOP('',(#725));
#2359=EDGE_LOOP('',(#726));
#2360=EDGE_LOOP('',(#727));
#2361=EDGE_LOOP('',(#728));
#2362=EDGE_LOOP('',(#729));
#2363=EDGE_LOOP('',(#730));
#2364=EDGE_LOOP('',(#731));
#2365=EDGE_LOOP('',(#732));
#2366=EDGE_LOOP('',(#733));
#2367=EDGE_LOOP('',(#734));
#2368=EDGE_LOOP('',(#735,#736,#737,#738));
#2369=EDGE_LOOP('',(#739,#740,#741,#742));
#2370=EDGE_LOOP('',(#743,#744,#745,#746));
#2371=EDGE_LOOP('',(#747,#748,#749,#750));
#2372=EDGE_LOOP('',(#751,#752,#753,#754));
#2373=EDGE_LOOP('',(#755,#756,#757,#758));
#2374=EDGE_LOOP('',(#759,#760,#761,#762));
#2375=EDGE_LOOP('',(#763,#764,#765,#766,#767,#768,#769,#770,#771,#772,#773,
#774,#775,#776));
#2376=EDGE_LOOP('',(#777,#778,#779,#780,#781,#782));
#2377=EDGE_LOOP('',(#783,#784,#785,#786));
#2378=EDGE_LOOP('',(#787,#788,#789,#790));
#2379=EDGE_LOOP('',(#791,#792,#793,#794));
#2380=EDGE_LOOP('',(#795,#796,#797,#798));
#2381=EDGE_LOOP('',(#799,#800,#801,#802));
#2382=EDGE_LOOP('',(#803,#804,#805,#806,#807,#808));
#2383=EDGE_LOOP('',(#809,#810,#811,#812));
#2384=EDGE_LOOP('',(#813,#814,#815,#816));
#2385=EDGE_LOOP('',(#817,#818,#819,#820));
#2386=EDGE_LOOP('',(#821,#822,#823,#824,#825));
#2387=EDGE_LOOP('',(#826,#827,#828,#829));
#2388=EDGE_LOOP('',(#830,#831,#832,#833));
#2389=EDGE_LOOP('',(#834,#835,#836,#837));
#2390=FACE_BOUND('',#2192,.T.);
#2391=FACE_BOUND('',#2193,.T.);
#2392=FACE_BOUND('',#2194,.T.);
#2393=FACE_BOUND('',#2195,.T.);
#2394=FACE_BOUND('',#2196,.T.);
#2395=FACE_BOUND('',#2197,.T.);
#2396=FACE_BOUND('',#2198,.T.);
#2397=FACE_BOUND('',#2199,.T.);
#2398=FACE_BOUND('',#2200,.T.);
#2399=FACE_BOUND('',#2201,.T.);
#2400=FACE_BOUND('',#2202,.T.);
#2401=FACE_BOUND('',#2203,.T.);
#2402=FACE_BOUND('',#2204,.T.);
#2403=FACE_BOUND('',#2205,.T.);
#2404=FACE_BOUND('',#2206,.T.);
#2405=FACE_BOUND('',#2207,.T.);
#2406=FACE_BOUND('',#2208,.T.);
#2407=FACE_BOUND('',#2209,.T.);
#2408=FACE_BOUND('',#2210,.T.);
#2409=FACE_BOUND('',#2211,.T.);
#2410=FACE_BOUND('',#2212,.T.);
#2411=FACE_BOUND('',#2213,.T.);
#2412=FACE_BOUND('',#2214,.T.);
#2413=FACE_BOUND('',#2215,.T.);
#2414=FACE_BOUND('',#2216,.T.);
#2415=FACE_BOUND('',#2217,.T.);
#2416=FACE_BOUND('',#2218,.T.);
#2417=FACE_BOUND('',#2219,.T.);
#2418=FACE_BOUND('',#2220,.T.);
#2419=FACE_BOUND('',#2221,.T.);
#2420=FACE_BOUND('',#2222,.T.);
#2421=FACE_BOUND('',#2223,.T.);
#2422=FACE_BOUND('',#2224,.T.);
#2423=FACE_BOUND('',#2225,.T.);
#2424=FACE_BOUND('',#2226,.T.);
#2425=FACE_BOUND('',#2227,.T.);
#2426=FACE_BOUND('',#2228,.T.);
#2427=FACE_BOUND('',#2229,.T.);
#2428=FACE_BOUND('',#2230,.T.);
#2429=FACE_BOUND('',#2231,.T.);
#2430=FACE_BOUND('',#2232,.T.);
#2431=FACE_BOUND('',#2233,.T.);
#2432=FACE_BOUND('',#2234,.T.);
#2433=FACE_BOUND('',#2235,.T.);
#2434=FACE_BOUND('',#2236,.T.);
#2435=FACE_BOUND('',#2237,.T.);
#2436=FACE_BOUND('',#2238,.T.);
#2437=FACE_BOUND('',#2239,.T.);
#2438=FACE_BOUND('',#2240,.T.);
#2439=FACE_BOUND('',#2241,.T.);
#2440=FACE_BOUND('',#2242,.T.);
#2441=FACE_BOUND('',#2243,.T.);
#2442=FACE_BOUND('',#2244,.T.);
#2443=FACE_BOUND('',#2245,.T.);
#2444=FACE_BOUND('',#2246,.T.);
#2445=FACE_BOUND('',#2247,.T.);
#2446=FACE_BOUND('',#2248,.T.);
#2447=FACE_BOUND('',#2249,.T.);
#2448=FACE_BOUND('',#2250,.T.);
#2449=FACE_BOUND('',#2251,.T.);
#2450=FACE_BOUND('',#2252,.T.);
#2451=FACE_BOUND('',#2253,.T.);
#2452=FACE_BOUND('',#2254,.T.);
#2453=FACE_BOUND('',#2255,.T.);
#2454=FACE_BOUND('',#2256,.T.);
#2455=FACE_BOUND('',#2257,.T.);
#2456=FACE_BOUND('',#2258,.T.);
#2457=FACE_BOUND('',#2259,.T.);
#2458=FACE_BOUND('',#2260,.T.);
#2459=FACE_BOUND('',#2261,.T.);
#2460=FACE_BOUND('',#2262,.T.);
#2461=FACE_BOUND('',#2263,.T.);
#2462=FACE_BOUND('',#2264,.T.);
#2463=FACE_BOUND('',#2265,.T.);
#2464=FACE_BOUND('',#2266,.T.);
#2465=FACE_BOUND('',#2267,.T.);
#2466=FACE_BOUND('',#2268,.T.);
#2467=FACE_BOUND('',#2269,.T.);
#2468=FACE_BOUND('',#2270,.T.);
#2469=FACE_BOUND('',#2271,.T.);
#2470=FACE_BOUND('',#2272,.T.);
#2471=FACE_BOUND('',#2273,.T.);
#2472=FACE_BOUND('',#2274,.T.);
#2473=FACE_BOUND('',#2275,.T.);
#2474=FACE_BOUND('',#2276,.T.);
#2475=FACE_BOUND('',#2277,.T.);
#2476=FACE_BOUND('',#2278,.T.);
#2477=FACE_BOUND('',#2279,.T.);
#2478=FACE_BOUND('',#2280,.T.);
#2479=FACE_BOUND('',#2281,.T.);
#2480=FACE_BOUND('',#2282,.T.);
#2481=FACE_BOUND('',#2283,.T.);
#2482=FACE_BOUND('',#2284,.T.);
#2483=FACE_BOUND('',#2285,.T.);
#2484=FACE_BOUND('',#2286,.T.);
#2485=FACE_BOUND('',#2287,.T.);
#2486=FACE_BOUND('',#2288,.T.);
#2487=FACE_BOUND('',#2289,.T.);
#2488=FACE_BOUND('',#2290,.T.);
#2489=FACE_BOUND('',#2291,.T.);
#2490=FACE_BOUND('',#2292,.T.);
#2491=FACE_BOUND('',#2293,.T.);
#2492=FACE_BOUND('',#2294,.T.);
#2493=FACE_BOUND('',#2295,.T.);
#2494=FACE_BOUND('',#2296,.T.);
#2495=FACE_BOUND('',#2297,.T.);
#2496=FACE_BOUND('',#2298,.T.);
#2497=FACE_BOUND('',#2299,.T.);
#2498=FACE_BOUND('',#2300,.T.);
#2499=FACE_BOUND('',#2301,.T.);
#2500=FACE_BOUND('',#2302,.T.);
#2501=FACE_BOUND('',#2303,.T.);
#2502=FACE_BOUND('',#2304,.T.);
#2503=FACE_BOUND('',#2305,.T.);
#2504=FACE_BOUND('',#2306,.T.);
#2505=FACE_BOUND('',#2307,.T.);
#2506=FACE_BOUND('',#2308,.T.);
#2507=FACE_BOUND('',#2309,.T.);
#2508=FACE_BOUND('',#2310,.T.);
#2509=FACE_BOUND('',#2311,.T.);
#2510=FACE_BOUND('',#2312,.T.);
#2511=FACE_BOUND('',#2313,.T.);
#2512=FACE_BOUND('',#2314,.T.);
#2513=FACE_BOUND('',#2315,.T.);
#2514=FACE_BOUND('',#2316,.T.);
#2515=FACE_BOUND('',#2317,.T.);
#2516=FACE_BOUND('',#2318,.T.);
#2517=FACE_BOUND('',#2319,.T.);
#2518=FACE_BOUND('',#2320,.T.);
#2519=FACE_BOUND('',#2321,.T.);
#2520=FACE_BOUND('',#2322,.T.);
#2521=FACE_BOUND('',#2323,.T.);
#2522=FACE_BOUND('',#2324,.T.);
#2523=FACE_BOUND('',#2325,.T.);
#2524=FACE_BOUND('',#2326,.T.);
#2525=FACE_BOUND('',#2327,.T.);
#2526=FACE_BOUND('',#2328,.T.);
#2527=FACE_BOUND('',#2329,.T.);
#2528=FACE_BOUND('',#2330,.T.);
#2529=FACE_BOUND('',#2331,.T.);
#2530=FACE_BOUND('',#2332,.T.);
#2531=FACE_BOUND('',#2333,.T.);
#2532=FACE_BOUND('',#2334,.T.);
#2533=FACE_BOUND('',#2335,.T.);
#2534=FACE_BOUND('',#2336,.T.);
#2535=FACE_BOUND('',#2337,.T.);
#2536=FACE_BOUND('',#2338,.T.);
#2537=FACE_BOUND('',#2339,.T.);
#2538=FACE_BOUND('',#2340,.T.);
#2539=FACE_BOUND('',#2341,.T.);
#2540=FACE_BOUND('',#2342,.T.);
#2541=FACE_BOUND('',#2343,.T.);
#2542=FACE_BOUND('',#2344,.T.);
#2543=FACE_BOUND('',#2345,.T.);
#2544=FACE_BOUND('',#2346,.T.);
#2545=FACE_BOUND('',#2347,.T.);
#2546=FACE_BOUND('',#2348,.T.);
#2547=FACE_BOUND('',#2349,.T.);
#2548=FACE_BOUND('',#2350,.T.);
#2549=FACE_BOUND('',#2351,.T.);
#2550=FACE_BOUND('',#2352,.T.);
#2551=FACE_BOUND('',#2353,.T.);
#2552=FACE_BOUND('',#2354,.T.);
#2553=FACE_BOUND('',#2355,.T.);
#2554=FACE_BOUND('',#2356,.T.);
#2555=FACE_BOUND('',#2357,.T.);
#2556=FACE_BOUND('',#2358,.T.);
#2557=FACE_BOUND('',#2359,.T.);
#2558=FACE_BOUND('',#2360,.T.);
#2559=FACE_BOUND('',#2361,.T.);
#2560=FACE_BOUND('',#2362,.T.);
#2561=FACE_BOUND('',#2363,.T.);
#2562=FACE_BOUND('',#2364,.T.);
#2563=FACE_BOUND('',#2365,.T.);
#2564=FACE_BOUND('',#2366,.T.);
#2565=FACE_BOUND('',#2367,.T.);
#2566=FACE_BOUND('',#2368,.T.);
#2567=FACE_BOUND('',#2369,.T.);
#2568=FACE_BOUND('',#2370,.T.);
#2569=FACE_BOUND('',#2371,.T.);
#2570=FACE_BOUND('',#2372,.T.);
#2571=FACE_BOUND('',#2373,.T.);
#2572=FACE_BOUND('',#2374,.T.);
#2573=FACE_BOUND('',#2375,.T.);
#2574=FACE_BOUND('',#2376,.T.);
#2575=FACE_BOUND('',#2377,.T.);
#2576=FACE_BOUND('',#2378,.T.);
#2577=FACE_BOUND('',#2379,.T.);
#2578=FACE_BOUND('',#2380,.T.);
#2579=FACE_BOUND('',#2381,.T.);
#2580=FACE_BOUND('',#2382,.T.);
#2581=FACE_BOUND('',#2383,.T.);
#2582=FACE_BOUND('',#2384,.T.);
#2583=FACE_BOUND('',#2385,.T.);
#2584=FACE_BOUND('',#2386,.T.);
#2585=FACE_BOUND('',#2387,.T.);
#2586=FACE_BOUND('',#2388,.T.);
#2587=FACE_BOUND('',#2389,.T.);
#2588=PLANE('',#2899);
#2589=PLANE('',#2900);
#2590=PLANE('',#2901);
#2591=PLANE('',#2902);
#2592=PLANE('',#2903);
#2593=PLANE('',#2904);
#2594=PLANE('',#2905);
#2595=PLANE('',#2906);
#2596=PLANE('',#2907);
#2597=PLANE('',#2908);
#2598=PLANE('',#2909);
#2599=PLANE('',#2910);
#2600=PLANE('',#2911);
#2601=PLANE('',#2912);
#2602=PLANE('',#2913);
#2603=PLANE('',#2914);
#2604=PLANE('',#2915);
#2605=PLANE('',#2916);
#2606=PLANE('',#2917);
#2607=PLANE('',#2918);
#2608=PLANE('',#2919);
#2609=PLANE('',#2920);
#2610=PLANE('',#2921);
#2611=PLANE('',#2922);
#2612=PLANE('',#2923);
#2613=PLANE('',#2924);
#2614=PLANE('',#2925);
#2615=PLANE('',#2926);
#2616=PLANE('',#2927);
#2617=PLANE('',#2928);
#2618=PLANE('',#2929);
#2619=PLANE('',#2930);
#2620=PLANE('',#2931);
#2621=PLANE('',#2932);
#2622=PLANE('',#2933);
#2623=PLANE('',#2934);
#2624=PLANE('',#2935);
#2625=PLANE('',#2936);
#2626=PLANE('',#2937);
#2627=PLANE('',#2938);
#2628=PLANE('',#2939);
#2629=PLANE('',#2940);
#2630=PLANE('',#2941);
#2631=PLANE('',#2942);
#2632=PLANE('',#2943);
#2633=PLANE('',#2944);
#2634=PLANE('',#2945);
#2635=PLANE('',#2946);
#2636=PLANE('',#2947);
#2637=PLANE('',#2948);
#2638=PLANE('',#2949);
#2639=PLANE('',#2950);
#2640=PLANE('',#2951);
#2641=PLANE('',#2955);
#2642=PLANE('',#2956);
#2643=PLANE('',#2960);
#2644=PLANE('',#2964);
#2645=PLANE('',#2965);
#2646=PLANE('',#2966);
#2647=PLANE('',#2967);
#2648=PLANE('',#2968);
#2649=PLANE('',#2975);
#2650=PLANE('',#2976);
#2651=PLANE('',#2977);
#2652=PLANE('',#2978);
#2653=PLANE('',#2979);
#2654=PLANE('',#2980);
#2655=PLANE('',#2981);
#2656=PLANE('',#2982);
#2657=PLANE('',#2983);
#2658=PLANE('',#2984);
#2659=PLANE('',#2985);
#2660=PLANE('',#2986);
#2661=PLANE('',#2993);
#2662=PLANE('',#2994);
#2663=PLANE('',#2996);
#2664=PLANE('',#3000);
#2665=PLANE('',#3001);
#2666=PLANE('',#3002);
#2667=PLANE('',#3003);
#2668=PLANE('',#3004);
#2669=PLANE('',#3005);
#2670=PLANE('',#3007);
#2671=PLANE('',#3014);
#2672=PLANE('',#3015);
#2673=PLANE('',#3016);
#2674=PLANE('',#3017);
#2675=PLANE('',#3018);
#2676=PLANE('',#3019);
#2677=PLANE('',#3020);
#2678=PLANE('',#3021);
#2679=PLANE('',#3022);
#2680=PLANE('',#3023);
#2681=PLANE('',#3024);
#2682=PLANE('',#3025);
#2683=PLANE('',#3026);
#2684=PLANE('',#3027);
#2685=PLANE('',#3028);
#2686=PLANE('',#3029);
#2687=PLANE('',#3030);
#2688=PLANE('',#3031);
#2689=PLANE('',#3032);
#2690=PLANE('',#3033);
#2691=PLANE('',#3034);
#2692=PLANE('',#3035);
#2693=PLANE('',#3036);
#2694=PLANE('',#3037);
#2695=PLANE('',#3040);
#2696=PLANE('',#3043);
#2697=PLANE('',#3046);
#2698=PLANE('',#3049);
#2699=PLANE('',#3050);
#2700=PLANE('',#3051);
#2701=PLANE('',#3052);
#2702=PLANE('',#3055);
#2703=PLANE('',#3058);
#2704=PLANE('',#3059);
#2705=PLANE('',#3060);
#2706=PLANE('',#3061);
#2707=PLANE('',#3062);
#2708=PLANE('',#3063);
#2709=PLANE('',#3064);
#2710=PLANE('',#3065);
#2711=PLANE('',#3066);
#2712=PLANE('',#3067);
#2713=PLANE('',#3068);
#2714=PLANE('',#3069);
#2715=PLANE('',#3070);
#2716=PLANE('',#3071);
#2717=PLANE('',#3072);
#2718=ADVANCED_FACE('',(#2390),#2588,.F.);
#2719=ADVANCED_FACE('',(#2391),#2589,.F.);
#2720=ADVANCED_FACE('',(#2392),#2590,.T.);
#2721=ADVANCED_FACE('',(#2393),#2591,.T.);
#2722=ADVANCED_FACE('',(#2394),#2592,.F.);
#2723=ADVANCED_FACE('',(#2395),#2593,.F.);
#2724=ADVANCED_FACE('',(#2396),#2594,.T.);
#2725=ADVANCED_FACE('',(#2397),#2595,.T.);
#2726=ADVANCED_FACE('',(#2398),#2596,.F.);
#2727=ADVANCED_FACE('',(#2399),#2597,.T.);
#2728=ADVANCED_FACE('',(#2400),#2598,.T.);
#2729=ADVANCED_FACE('',(#2401),#2599,.F.);
#2730=ADVANCED_FACE('',(#2402),#2600,.T.);
#2731=ADVANCED_FACE('',(#2403),#2601,.T.);
#2732=ADVANCED_FACE('',(#2404),#2602,.F.);
#2733=ADVANCED_FACE('',(#2405),#2603,.F.);
#2734=ADVANCED_FACE('',(#2406),#2604,.T.);
#2735=ADVANCED_FACE('',(#2407),#2605,.T.);
#2736=ADVANCED_FACE('',(#2408),#2606,.T.);
#2737=ADVANCED_FACE('',(#2409),#2607,.T.);
#2738=ADVANCED_FACE('',(#2410),#2608,.F.);
#2739=ADVANCED_FACE('',(#2411),#2609,.F.);
#2740=ADVANCED_FACE('',(#2412),#2610,.T.);
#2741=ADVANCED_FACE('',(#2413),#2611,.T.);
#2742=ADVANCED_FACE('',(#2414),#2612,.T.);
#2743=ADVANCED_FACE('',(#2415),#2613,.F.);
#2744=ADVANCED_FACE('',(#2416),#2614,.F.);
#2745=ADVANCED_FACE('',(#2417),#2615,.F.);
#2746=ADVANCED_FACE('',(#2418),#2616,.F.);
#2747=ADVANCED_FACE('',(#2419),#2617,.T.);
#2748=ADVANCED_FACE('',(#2420),#2618,.T.);
#2749=ADVANCED_FACE('',(#2421),#2619,.T.);
#2750=ADVANCED_FACE('',(#2422),#2620,.F.);
#2751=ADVANCED_FACE('',(#2423),#2621,.F.);
#2752=ADVANCED_FACE('',(#2424),#2622,.F.);
#2753=ADVANCED_FACE('',(#2425),#2623,.T.);
#2754=ADVANCED_FACE('',(#2426),#2624,.T.);
#2755=ADVANCED_FACE('',(#2427),#2625,.F.);
#2756=ADVANCED_FACE('',(#2428),#2626,.F.);
#2757=ADVANCED_FACE('',(#2429),#2627,.F.);
#2758=ADVANCED_FACE('',(#2430),#2628,.F.);
#2759=ADVANCED_FACE('',(#2431),#2629,.F.);
#2760=ADVANCED_FACE('',(#2432),#2630,.T.);
#2761=ADVANCED_FACE('',(#2433),#2631,.F.);
#2762=ADVANCED_FACE('',(#2434),#2632,.T.);
#2763=ADVANCED_FACE('',(#2435),#2633,.T.);
#2764=ADVANCED_FACE('',(#2436),#2634,.F.);
#2765=ADVANCED_FACE('',(#2437),#2635,.F.);
#2766=ADVANCED_FACE('',(#2438),#2636,.T.);
#2767=ADVANCED_FACE('',(#2439),#2637,.F.);
#2768=ADVANCED_FACE('',(#2440),#2638,.F.);
#2769=ADVANCED_FACE('',(#2441),#2639,.T.);
#2770=ADVANCED_FACE('',(#2442),#2640,.T.);
#2771=ADVANCED_FACE('',(#2443),#56,.T.);
#2772=ADVANCED_FACE('',(#2444),#2641,.F.);
#2773=ADVANCED_FACE('',(#2445),#2642,.T.);
#2774=ADVANCED_FACE('',(#2446),#57,.T.);
#2775=ADVANCED_FACE('',(#2447),#2643,.F.);
#2776=ADVANCED_FACE('',(#2448),#58,.T.);
#2777=ADVANCED_FACE('',(#2449),#2644,.F.);
#2778=ADVANCED_FACE('',(#2450),#2645,.T.);
#2779=ADVANCED_FACE('',(#2451),#2646,.F.);
#2780=ADVANCED_FACE('',(#2452),#2647,.F.);
#2781=ADVANCED_FACE('',(#2453),#2648,.F.);
#2782=ADVANCED_FACE('',(#2454,#2455),#59,.F.);
#2783=ADVANCED_FACE('',(#2456,#2457),#60,.F.);
#2784=ADVANCED_FACE('',(#2458),#2649,.F.);
#2785=ADVANCED_FACE('',(#2459),#2650,.F.);
#2786=ADVANCED_FACE('',(#2460),#2651,.F.);
#2787=ADVANCED_FACE('',(#2461),#2652,.T.);
#2788=ADVANCED_FACE('',(#2462),#2653,.T.);
#2789=ADVANCED_FACE('',(#2463),#2654,.F.);
#2790=ADVANCED_FACE('',(#2464),#2655,.T.);
#2791=ADVANCED_FACE('',(#2465),#2656,.T.);
#2792=ADVANCED_FACE('',(#2466),#2657,.F.);
#2793=ADVANCED_FACE('',(#2467),#2658,.T.);
#2794=ADVANCED_FACE('',(#2468),#2659,.F.);
#2795=ADVANCED_FACE('',(#2469),#2660,.T.);
#2796=ADVANCED_FACE('',(#2470,#2471),#61,.F.);
#2797=ADVANCED_FACE('',(#2472),#62,.T.);
#2798=ADVANCED_FACE('',(#2473),#2661,.T.);
#2799=ADVANCED_FACE('',(#2474,#2475,#2476,#2477,#2478,#2479,#2480,#2481,
#2482,#2483,#2484,#2485,#2486,#2487,#2488,#2489,#2490,#2491,#2492,#2493,
#2494,#2495),#2662,.T.);
#2800=ADVANCED_FACE('',(#2496,#2497,#2498,#2499,#2500,#2501,#2502,#2503,
#2504,#2505,#2506,#2507,#2508,#2509,#2510,#2511,#2512,#2513,#2514,#2515,
#2516,#2517),#2663,.F.);
#2801=ADVANCED_FACE('',(#2518,#2519),#63,.F.);
#2802=ADVANCED_FACE('',(#2520),#2664,.T.);
#2803=ADVANCED_FACE('',(#2521),#2665,.F.);
#2804=ADVANCED_FACE('',(#2522),#2666,.F.);
#2805=ADVANCED_FACE('',(#2523),#2667,.T.);
#2806=ADVANCED_FACE('',(#2524),#2668,.T.);
#2807=ADVANCED_FACE('',(#2525),#2669,.F.);
#2808=ADVANCED_FACE('',(#2526,#2527,#2528,#2529,#2530),#2670,.T.);
#2809=ADVANCED_FACE('',(#2531),#2671,.T.);
#2810=ADVANCED_FACE('',(#2532),#2672,.T.);
#2811=ADVANCED_FACE('',(#2533),#2673,.F.);
#2812=ADVANCED_FACE('',(#2534),#2674,.F.);
#2813=ADVANCED_FACE('',(#2535),#2675,.T.);
#2814=ADVANCED_FACE('',(#2536),#2676,.F.);
#2815=ADVANCED_FACE('',(#2537),#2677,.T.);
#2816=ADVANCED_FACE('',(#2538),#2678,.F.);
#2817=ADVANCED_FACE('',(#2539),#2679,.F.);
#2818=ADVANCED_FACE('',(#2540),#2680,.T.);
#2819=ADVANCED_FACE('',(#2541),#2681,.T.);
#2820=ADVANCED_FACE('',(#2542),#2682,.T.);
#2821=ADVANCED_FACE('',(#2543),#2683,.F.);
#2822=ADVANCED_FACE('',(#2544),#2684,.T.);
#2823=ADVANCED_FACE('',(#2545),#2685,.F.);
#2824=ADVANCED_FACE('',(#2546),#2686,.T.);
#2825=ADVANCED_FACE('',(#2547),#2687,.F.);
#2826=ADVANCED_FACE('',(#2548),#2688,.T.);
#2827=ADVANCED_FACE('',(#2549),#2689,.T.);
#2828=ADVANCED_FACE('',(#2550),#2690,.F.);
#2829=ADVANCED_FACE('',(#2551),#2691,.F.);
#2830=ADVANCED_FACE('',(#2552),#2692,.F.);
#2831=ADVANCED_FACE('',(#2553),#2693,.T.);
#2832=ADVANCED_FACE('',(#2554),#2694,.T.);
#2833=ADVANCED_FACE('',(#2555,#2556),#64,.F.);
#2834=ADVANCED_FACE('',(#2557),#2695,.T.);
#2835=ADVANCED_FACE('',(#2558,#2559),#65,.F.);
#2836=ADVANCED_FACE('',(#2560),#2696,.T.);
#2837=ADVANCED_FACE('',(#2561,#2562),#66,.F.);
#2838=ADVANCED_FACE('',(#2563),#2697,.T.);
#2839=ADVANCED_FACE('',(#2564,#2565),#67,.F.);
#2840=ADVANCED_FACE('',(#2566),#2698,.T.);
#2841=ADVANCED_FACE('',(#2567),#2699,.F.);
#2842=ADVANCED_FACE('',(#2568),#2700,.T.);
#2843=ADVANCED_FACE('',(#2569),#2701,.F.);
#2844=ADVANCED_FACE('',(#2570),#68,.F.);
#2845=ADVANCED_FACE('',(#2571),#2702,.T.);
#2846=ADVANCED_FACE('',(#2572),#69,.F.);
#2847=ADVANCED_FACE('',(#2573),#2703,.T.);
#2848=ADVANCED_FACE('',(#2574),#2704,.T.);
#2849=ADVANCED_FACE('',(#2575),#2705,.F.);
#2850=ADVANCED_FACE('',(#2576),#2706,.F.);
#2851=ADVANCED_FACE('',(#2577),#2707,.F.);
#2852=ADVANCED_FACE('',(#2578),#2708,.F.);
#2853=ADVANCED_FACE('',(#2579),#2709,.T.);
#2854=ADVANCED_FACE('',(#2580),#2710,.T.);
#2855=ADVANCED_FACE('',(#2581),#2711,.T.);
#2856=ADVANCED_FACE('',(#2582),#2712,.T.);
#2857=ADVANCED_FACE('',(#2583),#2713,.F.);
#2858=ADVANCED_FACE('',(#2584),#2714,.F.);
#2859=ADVANCED_FACE('',(#2585),#2715,.F.);
#2860=ADVANCED_FACE('',(#2586),#2716,.F.);
#2861=ADVANCED_FACE('',(#2587),#2717,.F.);
#2862=CLOSED_SHELL('',(#2718,#2719,#2720,#2721,#2722,#2723,#2724,#2725,
#2726,#2727,#2728,#2729,#2730,#2731,#2732,#2733,#2734,#2735,#2736,#2737,
#2738,#2739,#2740,#2741,#2742,#2743,#2744,#2745,#2746,#2747,#2748,#2749,
#2750,#2751,#2752,#2753,#2754,#2755,#2756,#2757,#2758,#2759,#2760,#2761,
#2762,#2763,#2764,#2765,#2766,#2767,#2768,#2769,#2770,#2771,#2772,#2773,
#2774,#2775,#2776,#2777,#2778,#2779,#2780,#2781,#2782,#2783,#2784,#2785,
#2786,#2787,#2788,#2789,#2790,#2791,#2792,#2793,#2794,#2795,#2796,#2797,
#2798,#2799,#2800,#2801));
#2863=CLOSED_SHELL('',(#2802,#2803,#2804,#2805,#2806,#2807));
#2864=CLOSED_SHELL('',(#2808,#2809,#2810,#2811,#2812,#2813,#2814,#2815,
#2816,#2817,#2818,#2819,#2820,#2821,#2822,#2823,#2824,#2825,#2826,#2827,
#2828,#2829,#2830,#2831,#2832,#2833,#2834,#2835,#2836,#2837,#2838,#2839,
#2840,#2841,#2842,#2843,#2844,#2845,#2846,#2847,#2848,#2849,#2850,#2851,
#2852,#2853,#2854,#2855,#2856,#2857,#2858,#2859,#2860,#2861));
#2865=STYLED_ITEM('',(#2868),#2887);
#2866=STYLED_ITEM('',(#2869),#2888);
#2867=STYLED_ITEM('',(#2870),#2889);
#2868=PRESENTATION_STYLE_ASSIGNMENT((#2871));
#2869=PRESENTATION_STYLE_ASSIGNMENT((#2872));
#2870=PRESENTATION_STYLE_ASSIGNMENT((#2873));
#2871=SURFACE_STYLE_USAGE(.BOTH.,#2874);
#2872=SURFACE_STYLE_USAGE(.BOTH.,#2875);
#2873=SURFACE_STYLE_USAGE(.BOTH.,#2876);
#2874=SURFACE_SIDE_STYLE('',(#2877));
#2875=SURFACE_SIDE_STYLE('',(#2878));
#2876=SURFACE_SIDE_STYLE('',(#2879));
#2877=SURFACE_STYLE_FILL_AREA(#2880);
#2878=SURFACE_STYLE_FILL_AREA(#2881);
#2879=SURFACE_STYLE_FILL_AREA(#2882);
#2880=FILL_AREA_STYLE('',(#2883));
#2881=FILL_AREA_STYLE('',(#2884));
#2882=FILL_AREA_STYLE('',(#2885));
#2883=FILL_AREA_STYLE_COLOUR('',#2886);
#2884=FILL_AREA_STYLE_COLOUR('',#2886);
#2885=FILL_AREA_STYLE_COLOUR('',#2886);
#2886=COLOUR_RGB('',0.615686274509804,0.811764705882353,0.929411764705882);
#2887=MANIFOLD_SOLID_BREP('plate',#2862);
#2888=MANIFOLD_SOLID_BREP('pcb',#2863);
#2889=MANIFOLD_SOLID_BREP('case',#2864);
#2890=SHAPE_DEFINITION_REPRESENTATION(#4584,#2894);
#2891=SHAPE_DEFINITION_REPRESENTATION(#4585,#2895);
#2892=SHAPE_DEFINITION_REPRESENTATION(#4587,#2896);
#2893=SHAPE_DEFINITION_REPRESENTATION(#4589,#2897);
#2894=SHAPE_REPRESENTATION('hackpad',(#2898,#2999,#3006,#3073),#4573);
#2895=SHAPE_REPRESENTATION('plate',(#2898),#4574);
#2896=SHAPE_REPRESENTATION('pcb',(#2898),#4575);
#2897=SHAPE_REPRESENTATION('case',(#2898),#4576);
#2898=AXIS2_PLACEMENT_3D('',#3782,#3074,#3075);
#2899=AXIS2_PLACEMENT_3D('',#3783,#3076,#3077);
#2900=AXIS2_PLACEMENT_3D('',#3792,#3082,#3083);
#2901=AXIS2_PLACEMENT_3D('',#3798,#3087,#3088);
#2902=AXIS2_PLACEMENT_3D('',#3804,#3092,#3093);
#2903=AXIS2_PLACEMENT_3D('',#3813,#3098,#3099);
#2904=AXIS2_PLACEMENT_3D('',#3819,#3103,#3104);
#2905=AXIS2_PLACEMENT_3D('',#3825,#3108,#3109);
#2906=AXIS2_PLACEMENT_3D('',#3834,#3114,#3115);
#2907=AXIS2_PLACEMENT_3D('',#3840,#3119,#3120);
#2908=AXIS2_PLACEMENT_3D('',#3846,#3124,#3125);
#2909=AXIS2_PLACEMENT_3D('',#3855,#3130,#3131);
#2910=AXIS2_PLACEMENT_3D('',#3861,#3135,#3136);
#2911=AXIS2_PLACEMENT_3D('',#3867,#3140,#3141);
#2912=AXIS2_PLACEMENT_3D('',#3876,#3146,#3147);
#2913=AXIS2_PLACEMENT_3D('',#3882,#3151,#3152);
#2914=AXIS2_PLACEMENT_3D('',#3888,#3156,#3157);
#2915=AXIS2_PLACEMENT_3D('',#3897,#3162,#3163);
#2916=AXIS2_PLACEMENT_3D('',#3903,#3167,#3168);
#2917=AXIS2_PLACEMENT_3D('',#3909,#3172,#3173);
#2918=AXIS2_PLACEMENT_3D('',#3918,#3178,#3179);
#2919=AXIS2_PLACEMENT_3D('',#3924,#3183,#3184);
#2920=AXIS2_PLACEMENT_3D('',#3930,#3188,#3189);
#2921=AXIS2_PLACEMENT_3D('',#3939,#3194,#3195);
#2922=AXIS2_PLACEMENT_3D('',#3945,#3199,#3200);
#2923=AXIS2_PLACEMENT_3D('',#3951,#3204,#3205);
#2924=AXIS2_PLACEMENT_3D('',#3960,#3210,#3211);
#2925=AXIS2_PLACEMENT_3D('',#3966,#3215,#3216);
#2926=AXIS2_PLACEMENT_3D('',#3972,#3220,#3221);
#2927=AXIS2_PLACEMENT_3D('',#3981,#3226,#3227);
#2928=AXIS2_PLACEMENT_3D('',#3987,#3231,#3232);
#2929=AXIS2_PLACEMENT_3D('',#3993,#3236,#3237);
#2930=AXIS2_PLACEMENT_3D('',#4002,#3242,#3243);
#2931=AXIS2_PLACEMENT_3D('',#4008,#3247,#3248);
#2932=AXIS2_PLACEMENT_3D('',#4014,#3252,#3253);
#2933=AXIS2_PLACEMENT_3D('',#4023,#3258,#3259);
#2934=AXIS2_PLACEMENT_3D('',#4029,#3263,#3264);
#2935=AXIS2_PLACEMENT_3D('',#4035,#3268,#3269);
#2936=AXIS2_PLACEMENT_3D('',#4044,#3274,#3275);
#2937=AXIS2_PLACEMENT_3D('',#4050,#3279,#3280);
#2938=AXIS2_PLACEMENT_3D('',#4056,#3284,#3285);
#2939=AXIS2_PLACEMENT_3D('',#4065,#3290,#3291);
#2940=AXIS2_PLACEMENT_3D('',#4071,#3295,#3296);
#2941=AXIS2_PLACEMENT_3D('',#4077,#3300,#3301);
#2942=AXIS2_PLACEMENT_3D('',#4086,#3306,#3307);
#2943=AXIS2_PLACEMENT_3D('',#4092,#3311,#3312);
#2944=AXIS2_PLACEMENT_3D('',#4098,#3316,#3317);
#2945=AXIS2_PLACEMENT_3D('',#4107,#3322,#3323);
#2946=AXIS2_PLACEMENT_3D('',#4113,#3327,#3328);
#2947=AXIS2_PLACEMENT_3D('',#4119,#3332,#3333);
#2948=AXIS2_PLACEMENT_3D('',#4128,#3338,#3339);
#2949=AXIS2_PLACEMENT_3D('',#4134,#3343,#3344);
#2950=AXIS2_PLACEMENT_3D('',#4140,#3348,#3349);
#2951=AXIS2_PLACEMENT_3D('',#4149,#3354,#3355);
#2952=AXIS2_PLACEMENT_3D('',#4155,#3359,#3360);
#2953=AXIS2_PLACEMENT_3D('',#4156,#3361,#3362);
#2954=AXIS2_PLACEMENT_3D('',#4160,#3364,#3365);
#2955=AXIS2_PLACEMENT_3D('',#4161,#3366,#3367);
#2956=AXIS2_PLACEMENT_3D('',#4167,#3371,#3372);
#2957=AXIS2_PLACEMENT_3D('',#4173,#3376,#3377);
#2958=AXIS2_PLACEMENT_3D('',#4174,#3378,#3379);
#2959=AXIS2_PLACEMENT_3D('',#4178,#3381,#3382);
#2960=AXIS2_PLACEMENT_3D('',#4179,#3383,#3384);
#2961=AXIS2_PLACEMENT_3D('',#4185,#3388,#3389);
#2962=AXIS2_PLACEMENT_3D('',#4186,#3390,#3391);
#2963=AXIS2_PLACEMENT_3D('',#4190,#3393,#3394);
#2964=AXIS2_PLACEMENT_3D('',#4191,#3395,#3396);
#2965=AXIS2_PLACEMENT_3D('',#4197,#3400,#3401);
#2966=AXIS2_PLACEMENT_3D('',#4200,#3404,#3405);
#2967=AXIS2_PLACEMENT_3D('',#4203,#3408,#3409);
#2968=AXIS2_PLACEMENT_3D('',#4206,#3412,#3413);
#2969=AXIS2_PLACEMENT_3D('',#4209,#3416,#3417);
#2970=AXIS2_PLACEMENT_3D('',#4210,#3418,#3419);
#2971=AXIS2_PLACEMENT_3D('',#4212,#3420,#3421);
#2972=AXIS2_PLACEMENT_3D('',#4214,#3422,#3423);
#2973=AXIS2_PLACEMENT_3D('',#4215,#3424,#3425);
#2974=AXIS2_PLACEMENT_3D('',#4217,#3426,#3427);
#2975=AXIS2_PLACEMENT_3D('',#4219,#3428,#3429);
#2976=AXIS2_PLACEMENT_3D('',#4222,#3432,#3433);
#2977=AXIS2_PLACEMENT_3D('',#4225,#3436,#3437);
#2978=AXIS2_PLACEMENT_3D('',#4228,#3440,#3441);
#2979=AXIS2_PLACEMENT_3D('',#4231,#3444,#3445);
#2980=AXIS2_PLACEMENT_3D('',#4234,#3448,#3449);
#2981=AXIS2_PLACEMENT_3D('',#4237,#3452,#3453);
#2982=AXIS2_PLACEMENT_3D('',#4240,#3456,#3457);
#2983=AXIS2_PLACEMENT_3D('',#4243,#3460,#3461);
#2984=AXIS2_PLACEMENT_3D('',#4246,#3464,#3465);
#2985=AXIS2_PLACEMENT_3D('',#4249,#3468,#3469);
#2986=AXIS2_PLACEMENT_3D('',#4252,#3472,#3473);
#2987=AXIS2_PLACEMENT_3D('',#4255,#3476,#3477);
#2988=AXIS2_PLACEMENT_3D('',#4256,#3478,#3479);
#2989=AXIS2_PLACEMENT_3D('',#4258,#3480,#3481);
#2990=AXIS2_PLACEMENT_3D('',#4260,#3482,#3483);
#2991=AXIS2_PLACEMENT_3D('',#4261,#3484,#3485);
#2992=AXIS2_PLACEMENT_3D('',#4262,#3486,#3487);
#2993=AXIS2_PLACEMENT_3D('',#4263,#3488,#3489);
#2994=AXIS2_PLACEMENT_3D('',#4266,#3492,#3493);
#2995=AXIS2_PLACEMENT_3D('',#4267,#3494,#3495);
#2996=AXIS2_PLACEMENT_3D('',#4269,#3496,#3497);
#2997=AXIS2_PLACEMENT_3D('',#4270,#3498,#3499);
#2998=AXIS2_PLACEMENT_3D('',#4272,#3500,#3501);
#2999=AXIS2_PLACEMENT_3D('',#4273,#3502,#3503);
#3000=AXIS2_PLACEMENT_3D('',#4274,#3504,#3505);
#3001=AXIS2_PLACEMENT_3D('',#4283,#3510,#3511);
#3002=AXIS2_PLACEMENT_3D('',#4289,#3515,#3516);
#3003=AXIS2_PLACEMENT_3D('',#4295,#3520,#3521);
#3004=AXIS2_PLACEMENT_3D('',#4298,#3524,#3525);
#3005=AXIS2_PLACEMENT_3D('',#4299,#3526,#3527);
#3006=AXIS2_PLACEMENT_3D('',#4300,#3528,#3529);
#3007=AXIS2_PLACEMENT_3D('',#4301,#3530,#3531);
#3008=AXIS2_PLACEMENT_3D('',#4302,#3532,#3533);
#3009=AXIS2_PLACEMENT_3D('',#4304,#3534,#3535);
#3010=AXIS2_PLACEMENT_3D('',#4306,#3536,#3537);
#3011=AXIS2_PLACEMENT_3D('',#4308,#3538,#3539);
#3012=AXIS2_PLACEMENT_3D('',#4327,#3548,#3549);
#3013=AXIS2_PLACEMENT_3D('',#4331,#3551,#3552);
#3014=AXIS2_PLACEMENT_3D('',#4356,#3565,#3566);
#3015=AXIS2_PLACEMENT_3D('',#4360,#3569,#3570);
#3016=AXIS2_PLACEMENT_3D('',#4369,#3575,#3576);
#3017=AXIS2_PLACEMENT_3D('',#4375,#3580,#3581);
#3018=AXIS2_PLACEMENT_3D('',#4382,#3586,#3587);
#3019=AXIS2_PLACEMENT_3D('',#4396,#3595,#3596);
#3020=AXIS2_PLACEMENT_3D('',#4403,#3601,#3602);
#3021=AXIS2_PLACEMENT_3D('',#4409,#3606,#3607);
#3022=AXIS2_PLACEMENT_3D('',#4416,#3612,#3613);
#3023=AXIS2_PLACEMENT_3D('',#4422,#3617,#3618);
#3024=AXIS2_PLACEMENT_3D('',#4428,#3622,#3623);
#3025=AXIS2_PLACEMENT_3D('',#4434,#3627,#3628);
#3026=AXIS2_PLACEMENT_3D('',#4437,#3631,#3632);
#3027=AXIS2_PLACEMENT_3D('',#4438,#3633,#3634);
#3028=AXIS2_PLACEMENT_3D('',#4456,#3644,#3645);
#3029=AXIS2_PLACEMENT_3D('',#4460,#3648,#3649);
#3030=AXIS2_PLACEMENT_3D('',#4464,#3652,#3653);
#3031=AXIS2_PLACEMENT_3D('',#4468,#3656,#3657);
#3032=AXIS2_PLACEMENT_3D('',#4472,#3660,#3661);
#3033=AXIS2_PLACEMENT_3D('',#4476,#3664,#3665);
#3034=AXIS2_PLACEMENT_3D('',#4480,#3668,#3669);
#3035=AXIS2_PLACEMENT_3D('',#4481,#3670,#3671);
#3036=AXIS2_PLACEMENT_3D('',#4484,#3674,#3675);
#3037=AXIS2_PLACEMENT_3D('',#4485,#3676,#3677);
#3038=AXIS2_PLACEMENT_3D('',#4486,#3678,#3679);
#3039=AXIS2_PLACEMENT_3D('',#4488,#3680,#3681);
#3040=AXIS2_PLACEMENT_3D('',#4489,#3682,#3683);
#3041=AXIS2_PLACEMENT_3D('',#4490,#3684,#3685);
#3042=AXIS2_PLACEMENT_3D('',#4492,#3686,#3687);
#3043=AXIS2_PLACEMENT_3D('',#4493,#3688,#3689);
#3044=AXIS2_PLACEMENT_3D('',#4494,#3690,#3691);
#3045=AXIS2_PLACEMENT_3D('',#4496,#3692,#3693);
#3046=AXIS2_PLACEMENT_3D('',#4497,#3694,#3695);
#3047=AXIS2_PLACEMENT_3D('',#4498,#3696,#3697);
#3048=AXIS2_PLACEMENT_3D('',#4500,#3698,#3699);
#3049=AXIS2_PLACEMENT_3D('',#4501,#3700,#3701);
#3050=AXIS2_PLACEMENT_3D('',#4507,#3705,#3706);
#3051=AXIS2_PLACEMENT_3D('',#4511,#3709,#3710);
#3052=AXIS2_PLACEMENT_3D('',#4517,#3714,#3715);
#3053=AXIS2_PLACEMENT_3D('',#4521,#3718,#3719);
#3054=AXIS2_PLACEMENT_3D('',#4524,#3721,#3722);
#3055=AXIS2_PLACEMENT_3D('',#4525,#3723,#3724);
#3056=AXIS2_PLACEMENT_3D('',#4529,#3727,#3728);
#3057=AXIS2_PLACEMENT_3D('',#4530,#3729,#3730);
#3058=AXIS2_PLACEMENT_3D('',#4531,#3731,#3732);
#3059=AXIS2_PLACEMENT_3D('',#4545,#3740,#3741);
#3060=AXIS2_PLACEMENT_3D('',#4547,#3743,#3744);
#3061=AXIS2_PLACEMENT_3D('',#4549,#3746,#3747);
#3062=AXIS2_PLACEMENT_3D('',#4551,#3749,#3750);
#3063=AXIS2_PLACEMENT_3D('',#4553,#3752,#3753);
#3064=AXIS2_PLACEMENT_3D('',#4555,#3755,#3756);
#3065=AXIS2_PLACEMENT_3D('',#4557,#3758,#3759);
#3066=AXIS2_PLACEMENT_3D('',#4558,#3760,#3761);
#3067=AXIS2_PLACEMENT_3D('',#4560,#3763,#3764);
#3068=AXIS2_PLACEMENT_3D('',#4563,#3767,#3768);
#3069=AXIS2_PLACEMENT_3D('',#4564,#3769,#3770);
#3070=AXIS2_PLACEMENT_3D('',#4566,#3772,#3773);
#3071=AXIS2_PLACEMENT_3D('',#4568,#3775,#3776);
#3072=AXIS2_PLACEMENT_3D('',#4570,#3778,#3779);
#3073=AXIS2_PLACEMENT_3D('',#4571,#3780,#3781);
#3074=DIRECTION('',(0.,0.,1.));
#3075=DIRECTION('',(1.,0.,0.));
#3076=DIRECTION('',(0.,0.,-1.));
#3077=DIRECTION('',(0.,1.,0.));
#3078=DIRECTION('',(1.,0.,0.));
#3079=DIRECTION('',(0.,-1.,0.));
#3080=DIRECTION('',(1.,0.,0.));
#3081=DIRECTION('',(0.,-1.,0.));
#3082=DIRECTION('',(1.,0.,-2.47817639425258E-16));
#3083=DIRECTION('',(-2.47817639425258E-16,0.,-1.));
#3084=DIRECTION('',(2.47817639425258E-16,0.,1.));
#3085=DIRECTION('',(0.,-1.,0.));
#3086=DIRECTION('',(2.47817639425258E-16,0.,1.));
#3087=DIRECTION('',(0.,0.,-1.));
#3088=DIRECTION('',(0.,1.,0.));
#3089=DIRECTION('',(1.,0.,0.));
#3090=DIRECTION('',(0.,-1.,0.));
#3091=DIRECTION('',(1.,0.,0.));
#3092=DIRECTION('',(1.,0.,0.));
#3093=DIRECTION('',(0.,-1.,0.));
#3094=DIRECTION('',(0.,0.,1.));
#3095=DIRECTION('',(0.,-1.,0.));
#3096=DIRECTION('',(0.,0.,1.));
#3097=DIRECTION('',(0.,-1.,0.));
#3098=DIRECTION('',(0.,0.,-1.));
#3099=DIRECTION('',(0.,1.,0.));
#3100=DIRECTION('',(1.,0.,0.));
#3101=DIRECTION('',(0.,-1.,0.));
#3102=DIRECTION('',(1.,0.,0.));
#3103=DIRECTION('',(1.,0.,-4.95635278850516E-16));
#3104=DIRECTION('',(-4.95635278850517E-16,0.,-1.));
#3105=DIRECTION('',(4.95635278850516E-16,0.,1.));
#3106=DIRECTION('',(0.,-1.,0.));
#3107=DIRECTION('',(4.95635278850516E-16,0.,1.));
#3108=DIRECTION('',(0.,0.,-1.));
#3109=DIRECTION('',(0.,1.,0.));
#3110=DIRECTION('',(1.,0.,0.));
#3111=DIRECTION('',(0.,-1.,0.));
#3112=DIRECTION('',(1.,0.,0.));
#3113=DIRECTION('',(0.,-1.,0.));
#3114=DIRECTION('',(1.,0.,0.));
#3115=DIRECTION('',(0.,-1.,0.));
#3116=DIRECTION('',(0.,0.,1.));
#3117=DIRECTION('',(0.,-1.,0.));
#3118=DIRECTION('',(0.,0.,1.));
#3119=DIRECTION('',(0.,0.,-1.));
#3120=DIRECTION('',(0.,1.,0.));
#3121=DIRECTION('',(1.,0.,0.));
#3122=DIRECTION('',(0.,-1.,0.));
#3123=DIRECTION('',(1.,0.,0.));
#3124=DIRECTION('',(0.,0.,-1.));
#3125=DIRECTION('',(0.,1.,0.));
#3126=DIRECTION('',(1.,0.,0.));
#3127=DIRECTION('',(0.,-1.,0.));
#3128=DIRECTION('',(1.,0.,0.));
#3129=DIRECTION('',(0.,-1.,0.));
#3130=DIRECTION('',(1.,0.,0.));
#3131=DIRECTION('',(0.,-1.,0.));
#3132=DIRECTION('',(0.,0.,1.));
#3133=DIRECTION('',(0.,-1.,0.));
#3134=DIRECTION('',(0.,0.,1.));
#3135=DIRECTION('',(0.,0.,-1.));
#3136=DIRECTION('',(0.,1.,0.));
#3137=DIRECTION('',(1.,0.,0.));
#3138=DIRECTION('',(0.,-1.,0.));
#3139=DIRECTION('',(1.,0.,0.));
#3140=DIRECTION('',(0.,0.,-1.));
#3141=DIRECTION('',(0.,1.,0.));
#3142=DIRECTION('',(1.,0.,0.));
#3143=DIRECTION('',(0.,-1.,0.));
#3144=DIRECTION('',(1.,0.,0.));
#3145=DIRECTION('',(0.,-1.,0.));
#3146=DIRECTION('',(1.,0.,0.));
#3147=DIRECTION('',(0.,-1.,0.));
#3148=DIRECTION('',(0.,0.,1.));
#3149=DIRECTION('',(0.,-1.,0.));
#3150=DIRECTION('',(0.,0.,1.));
#3151=DIRECTION('',(-4.95635278850516E-16,0.,-1.));
#3152=DIRECTION('',(-1.,0.,4.95635278850517E-16));
#3153=DIRECTION('',(1.,0.,-4.95635278850516E-16));
#3154=DIRECTION('',(0.,-1.,0.));
#3155=DIRECTION('',(1.,0.,-4.95635278850516E-16));
#3156=DIRECTION('',(1.,0.,0.));
#3157=DIRECTION('',(0.,-1.,0.));
#3158=DIRECTION('',(0.,0.,1.));
#3159=DIRECTION('',(0.,-1.,0.));
#3160=DIRECTION('',(0.,0.,1.));
#3161=DIRECTION('',(0.,-1.,0.));
#3162=DIRECTION('',(-2.47817639425258E-16,0.,-1.));
#3163=DIRECTION('',(-1.,0.,2.47817639425259E-16));
#3164=DIRECTION('',(1.,0.,-2.47817639425258E-16));
#3165=DIRECTION('',(0.,-1.,0.));
#3166=DIRECTION('',(1.,0.,-2.47817639425258E-16));
#3167=DIRECTION('',(1.,0.,0.));
#3168=DIRECTION('',(0.,-1.,0.));
#3169=DIRECTION('',(0.,0.,1.));
#3170=DIRECTION('',(0.,-1.,0.));
#3171=DIRECTION('',(0.,0.,1.));
#3172=DIRECTION('',(-4.95635278850516E-16,0.,-1.));
#3173=DIRECTION('',(-1.,0.,4.95635278850516E-16));
#3174=DIRECTION('',(1.,0.,-4.95635278850516E-16));
#3175=DIRECTION('',(0.,-1.,0.));
#3176=DIRECTION('',(1.,0.,-4.95635278850516E-16));
#3177=DIRECTION('',(0.,-1.,0.));
#3178=DIRECTION('',(1.,0.,0.));
#3179=DIRECTION('',(0.,-1.,0.));
#3180=DIRECTION('',(0.,0.,1.));
#3181=DIRECTION('',(0.,-1.,0.));
#3182=DIRECTION('',(0.,0.,1.));
#3183=DIRECTION('',(-4.95635278850516E-16,0.,-1.));
#3184=DIRECTION('',(-1.,0.,4.95635278850516E-16));
#3185=DIRECTION('',(1.,0.,-4.95635278850516E-16));
#3186=DIRECTION('',(0.,-1.,0.));
#3187=DIRECTION('',(1.,0.,-4.95635278850516E-16));
#3188=DIRECTION('',(1.,0.,-2.47817639425258E-16));
#3189=DIRECTION('',(-2.47817639425258E-16,0.,-1.));
#3190=DIRECTION('',(2.47817639425258E-16,0.,1.));
#3191=DIRECTION('',(0.,-1.,0.));
#3192=DIRECTION('',(2.47817639425258E-16,0.,1.));
#3193=DIRECTION('',(0.,-1.,0.));
#3194=DIRECTION('',(-4.8053281883014E-16,0.,-1.));
#3195=DIRECTION('',(-1.,0.,4.8053281883014E-16));
#3196=DIRECTION('',(1.,0.,-4.8053281883014E-16));
#3197=DIRECTION('',(0.,-1.,0.));
#3198=DIRECTION('',(1.,0.,-4.8053281883014E-16));
#3199=DIRECTION('',(1.,0.,0.));
#3200=DIRECTION('',(0.,-1.,0.));
#3201=DIRECTION('',(0.,0.,1.));
#3202=DIRECTION('',(0.,-1.,0.));
#3203=DIRECTION('',(0.,0.,1.));
#3204=DIRECTION('',(-1.,0.,0.));
#3205=DIRECTION('',(0.,1.,0.));
#3206=DIRECTION('',(0.,0.,-1.));
#3207=DIRECTION('',(0.,-1.,0.));
#3208=DIRECTION('',(0.,0.,-1.));
#3209=DIRECTION('',(0.,-1.,0.));
#3210=DIRECTION('',(1.3043033653961E-16,0.,1.));
#3211=DIRECTION('',(1.,0.,-1.3043033653961E-16));
#3212=DIRECTION('',(-1.,0.,1.3043033653961E-16));
#3213=DIRECTION('',(0.,-1.,0.));
#3214=DIRECTION('',(-1.,0.,1.3043033653961E-16));
#3215=DIRECTION('',(-1.,0.,0.));
#3216=DIRECTION('',(0.,1.,0.));
#3217=DIRECTION('',(0.,0.,-1.));
#3218=DIRECTION('',(0.,-1.,0.));
#3219=DIRECTION('',(0.,0.,-1.));
#3220=DIRECTION('',(0.,0.,-1.));
#3221=DIRECTION('',(0.,1.,0.));
#3222=DIRECTION('',(1.,0.,0.));
#3223=DIRECTION('',(0.,-1.,0.));
#3224=DIRECTION('',(1.,0.,0.));
#3225=DIRECTION('',(0.,-1.,0.));
#3226=DIRECTION('',(1.,0.,-4.95635278850516E-16));
#3227=DIRECTION('',(-4.95635278850517E-16,0.,-1.));
#3228=DIRECTION('',(4.95635278850516E-16,0.,1.));
#3229=DIRECTION('',(0.,-1.,0.));
#3230=DIRECTION('',(4.95635278850516E-16,0.,1.));
#3231=DIRECTION('',(0.,0.,-1.));
#3232=DIRECTION('',(0.,1.,0.));
#3233=DIRECTION('',(1.,0.,0.));
#3234=DIRECTION('',(0.,-1.,0.));
#3235=DIRECTION('',(1.,0.,0.));
#3236=DIRECTION('',(0.,0.,-1.));
#3237=DIRECTION('',(0.,1.,0.));
#3238=DIRECTION('',(1.,0.,0.));
#3239=DIRECTION('',(0.,-1.,0.));
#3240=DIRECTION('',(1.,0.,0.));
#3241=DIRECTION('',(0.,-1.,0.));
#3242=DIRECTION('',(1.,0.,0.));
#3243=DIRECTION('',(0.,-1.,0.));
#3244=DIRECTION('',(0.,0.,1.));
#3245=DIRECTION('',(0.,-1.,0.));
#3246=DIRECTION('',(0.,0.,1.));
#3247=DIRECTION('',(0.,0.,-1.));
#3248=DIRECTION('',(0.,1.,0.));
#3249=DIRECTION('',(1.,0.,0.));
#3250=DIRECTION('',(0.,-1.,0.));
#3251=DIRECTION('',(1.,0.,0.));
#3252=DIRECTION('',(0.,0.,-1.));
#3253=DIRECTION('',(0.,1.,0.));
#3254=DIRECTION('',(1.,0.,0.));
#3255=DIRECTION('',(0.,-1.,0.));
#3256=DIRECTION('',(1.,0.,0.));
#3257=DIRECTION('',(0.,-1.,0.));
#3258=DIRECTION('',(1.,0.,0.));
#3259=DIRECTION('',(0.,-1.,0.));
#3260=DIRECTION('',(0.,0.,1.));
#3261=DIRECTION('',(0.,-1.,0.));
#3262=DIRECTION('',(0.,0.,1.));
#3263=DIRECTION('',(0.,0.,-1.));
#3264=DIRECTION('',(0.,1.,0.));
#3265=DIRECTION('',(1.,0.,0.));
#3266=DIRECTION('',(0.,-1.,0.));
#3267=DIRECTION('',(1.,0.,0.));
#3268=DIRECTION('',(1.,0.,0.));
#3269=DIRECTION('',(0.,-1.,0.));
#3270=DIRECTION('',(0.,0.,1.));
#3271=DIRECTION('',(0.,-1.,0.));
#3272=DIRECTION('',(0.,0.,1.));
#3273=DIRECTION('',(0.,-1.,0.));
#3274=DIRECTION('',(-4.95635278850517E-16,0.,-1.));
#3275=DIRECTION('',(-1.,0.,4.95635278850517E-16));
#3276=DIRECTION('',(1.,0.,-4.95635278850517E-16));
#3277=DIRECTION('',(0.,-1.,0.));
#3278=DIRECTION('',(1.,0.,-4.95635278850517E-16));
#3279=DIRECTION('',(1.,0.,0.));
#3280=DIRECTION('',(0.,-1.,0.));
#3281=DIRECTION('',(0.,0.,1.));
#3282=DIRECTION('',(0.,-1.,0.));
#3283=DIRECTION('',(0.,0.,1.));
#3284=DIRECTION('',(0.,0.,-1.));
#3285=DIRECTION('',(0.,1.,0.));
#3286=DIRECTION('',(1.,0.,0.));
#3287=DIRECTION('',(0.,-1.,0.));
#3288=DIRECTION('',(1.,0.,0.));
#3289=DIRECTION('',(0.,-1.,0.));
#3290=DIRECTION('',(1.,0.,0.));
#3291=DIRECTION('',(0.,-1.,0.));
#3292=DIRECTION('',(0.,0.,1.));
#3293=DIRECTION('',(0.,-1.,0.));
#3294=DIRECTION('',(0.,0.,1.));
#3295=DIRECTION('',(0.,0.,1.));
#3296=DIRECTION('',(0.,-1.,0.));
#3297=DIRECTION('',(-1.,0.,0.));
#3298=DIRECTION('',(0.,-1.,0.));
#3299=DIRECTION('',(-1.,0.,0.));
#3300=DIRECTION('',(1.,0.,0.));
#3301=DIRECTION('',(0.,-1.,0.));
#3302=DIRECTION('',(0.,0.,1.));
#3303=DIRECTION('',(0.,-1.,0.));
#3304=DIRECTION('',(0.,0.,1.));
#3305=DIRECTION('',(0.,-1.,0.));
#3306=DIRECTION('',(0.,0.,-1.));
#3307=DIRECTION('',(0.,1.,0.));
#3308=DIRECTION('',(1.,0.,0.));
#3309=DIRECTION('',(0.,-1.,0.));
#3310=DIRECTION('',(1.,0.,0.));
#3311=DIRECTION('',(-1.,0.,0.));
#3312=DIRECTION('',(0.,1.,0.));
#3313=DIRECTION('',(0.,0.,-1.));
#3314=DIRECTION('',(0.,-1.,0.));
#3315=DIRECTION('',(0.,0.,-1.));
#3316=DIRECTION('',(1.,0.,0.));
#3317=DIRECTION('',(0.,-1.,0.));
#3318=DIRECTION('',(0.,0.,1.));
#3319=DIRECTION('',(0.,-1.,0.));
#3320=DIRECTION('',(0.,0.,1.));
#3321=DIRECTION('',(0.,-1.,0.));
#3322=DIRECTION('',(0.,0.,-1.));
#3323=DIRECTION('',(0.,1.,0.));
#3324=DIRECTION('',(1.,0.,0.));
#3325=DIRECTION('',(0.,-1.,0.));
#3326=DIRECTION('',(1.,0.,0.));
#3327=DIRECTION('',(1.,0.,-4.95635278850516E-16));
#3328=DIRECTION('',(-4.95635278850517E-16,0.,-1.));
#3329=DIRECTION('',(4.95635278850516E-16,0.,1.));
#3330=DIRECTION('',(0.,-1.,0.));
#3331=DIRECTION('',(4.95635278850516E-16,0.,1.));
#3332=DIRECTION('',(1.,0.,0.));
#3333=DIRECTION('',(0.,-1.,0.));
#3334=DIRECTION('',(0.,0.,1.));
#3335=DIRECTION('',(0.,-1.,0.));
#3336=DIRECTION('',(0.,0.,1.));
#3337=DIRECTION('',(0.,-1.,0.));
#3338=DIRECTION('',(0.,0.,-1.));
#3339=DIRECTION('',(0.,1.,0.));
#3340=DIRECTION('',(1.,0.,0.));
#3341=DIRECTION('',(0.,-1.,0.));
#3342=DIRECTION('',(1.,0.,0.));
#3343=DIRECTION('',(1.,0.,0.));
#3344=DIRECTION('',(0.,-1.,0.));
#3345=DIRECTION('',(0.,0.,1.));
#3346=DIRECTION('',(0.,-1.,0.));
#3347=DIRECTION('',(0.,0.,1.));
#3348=DIRECTION('',(-1.,0.,0.));
#3349=DIRECTION('',(0.,1.,0.));
#3350=DIRECTION('',(0.,0.,-1.));
#3351=DIRECTION('',(0.,-1.,0.));
#3352=DIRECTION('',(0.,0.,-1.));
#3353=DIRECTION('',(0.,-1.,0.));
#3354=DIRECTION('',(-0.994801804142461,0.,0.101830105935843));
#3355=DIRECTION('',(0.101830105935843,0.,0.994801804142461));
#3356=DIRECTION('',(-0.101830105935843,0.,-0.994801804142461));
#3357=DIRECTION('',(0.,-1.,0.));
#3358=DIRECTION('',(-0.101830105935843,0.,-0.994801804142461));
#3359=DIRECTION('',(0.,-1.,0.));
#3360=DIRECTION('',(-1.,0.,0.));
#3361=DIRECTION('',(0.,1.,0.));
#3362=DIRECTION('',(1.,0.,0.));
#3363=DIRECTION('',(0.,-1.,0.));
#3364=DIRECTION('',(0.,1.,0.));
#3365=DIRECTION('',(1.,0.,0.));
#3366=DIRECTION('',(0.101830105935842,0.,-0.994801804142461));
#3367=DIRECTION('',(-0.994801804142461,0.,-0.101830105935842));
#3368=DIRECTION('',(0.994801804142461,0.,0.101830105935842));
#3369=DIRECTION('',(0.,-1.,0.));
#3370=DIRECTION('',(0.994801804142461,0.,0.101830105935842));
#3371=DIRECTION('',(2.0779748722621E-16,0.,1.));
#3372=DIRECTION('',(1.,0.,-2.0779748722621E-16));
#3373=DIRECTION('',(-1.,0.,2.0779748722621E-16));
#3374=DIRECTION('',(0.,-1.,0.));
#3375=DIRECTION('',(-1.,0.,2.0779748722621E-16));
#3376=DIRECTION('',(0.,-1.,0.));
#3377=DIRECTION('',(-1.,0.,0.));
#3378=DIRECTION('',(0.,1.,0.));
#3379=DIRECTION('',(1.,0.,0.));
#3380=DIRECTION('',(0.,-1.,0.));
#3381=DIRECTION('',(0.,1.,0.));
#3382=DIRECTION('',(1.,0.,0.));
#3383=DIRECTION('',(-1.,0.,1.85863229568943E-16));
#3384=DIRECTION('',(1.85863229568943E-16,0.,1.));
#3385=DIRECTION('',(-1.85863229568943E-16,0.,-1.));
#3386=DIRECTION('',(0.,-1.,0.));
#3387=DIRECTION('',(-1.85863229568943E-16,0.,-1.));
#3388=DIRECTION('',(0.,-1.,0.));
#3389=DIRECTION('',(-1.,0.,0.));
#3390=DIRECTION('',(0.,-1.,0.));
#3391=DIRECTION('',(1.,0.,0.));
#3392=DIRECTION('',(0.,-1.,0.));
#3393=DIRECTION('',(0.,-1.,0.));
#3394=DIRECTION('',(1.,0.,0.));
#3395=DIRECTION('',(2.77584646167195E-16,0.,1.));
#3396=DIRECTION('',(1.,0.,-2.77584646167196E-16));
#3397=DIRECTION('',(-1.,0.,2.77584646167196E-16));
#3398=DIRECTION('',(0.,-1.,0.));
#3399=DIRECTION('',(-1.,0.,2.77584646167196E-16));
#3400=DIRECTION('',(0.,0.,-1.));
#3401=DIRECTION('',(0.,1.,0.));
#3402=DIRECTION('',(1.,0.,0.));
#3403=DIRECTION('',(1.,0.,0.));
#3404=DIRECTION('',(1.,0.,0.));
#3405=DIRECTION('',(0.,-1.,0.));
#3406=DIRECTION('',(0.,0.,1.));
#3407=DIRECTION('',(0.,0.,1.));
#3408=DIRECTION('',(1.,0.,-4.95635278850516E-16));
#3409=DIRECTION('',(-4.95635278850516E-16,0.,-1.));
#3410=DIRECTION('',(4.95635278850516E-16,0.,1.));
#3411=DIRECTION('',(4.95635278850516E-16,0.,1.));
#3412=DIRECTION('',(1.,0.,0.));
#3413=DIRECTION('',(0.,-1.,0.));
#3414=DIRECTION('',(0.,0.,1.));
#3415=DIRECTION('',(0.,0.,1.));
#3416=DIRECTION('',(0.,-1.,0.));
#3417=DIRECTION('',(-1.,0.,0.));
#3418=DIRECTION('',(0.,1.,0.));
#3419=DIRECTION('',(1.,0.,0.));
#3420=DIRECTION('',(0.,1.,0.));
#3421=DIRECTION('',(1.,0.,0.));
#3422=DIRECTION('',(0.,-1.,0.));
#3423=DIRECTION('',(-1.,0.,0.));
#3424=DIRECTION('',(0.,1.,0.));
#3425=DIRECTION('',(1.,0.,0.));
#3426=DIRECTION('',(0.,1.,0.));
#3427=DIRECTION('',(1.,0.,0.));
#3428=DIRECTION('',(-4.95635278850516E-16,0.,-1.));
#3429=DIRECTION('',(-1.,0.,4.95635278850517E-16));
#3430=DIRECTION('',(1.,0.,-4.95635278850516E-16));
#3431=DIRECTION('',(1.,0.,-4.95635278850516E-16));
#3432=DIRECTION('',(1.,0.,0.));
#3433=DIRECTION('',(0.,-1.,0.));
#3434=DIRECTION('',(0.,0.,1.));
#3435=DIRECTION('',(0.,0.,1.));
#3436=DIRECTION('',(0.,0.,-1.));
#3437=DIRECTION('',(0.,1.,0.));
#3438=DIRECTION('',(1.,0.,0.));
#3439=DIRECTION('',(1.,0.,0.));
#3440=DIRECTION('',(0.,0.,1.));
#3441=DIRECTION('',(0.,-1.,0.));
#3442=DIRECTION('',(-1.,0.,0.));
#3443=DIRECTION('',(-1.,0.,0.));
#3444=DIRECTION('',(1.,0.,0.));
#3445=DIRECTION('',(0.,-1.,0.));
#3446=DIRECTION('',(0.,0.,1.));
#3447=DIRECTION('',(0.,0.,1.));
#3448=DIRECTION('',(1.,0.,0.));
#3449=DIRECTION('',(0.,-1.,0.));
#3450=DIRECTION('',(0.,0.,1.));
#3451=DIRECTION('',(0.,0.,1.));
#3452=DIRECTION('',(1.,0.,0.));
#3453=DIRECTION('',(0.,-1.,0.));
#3454=DIRECTION('',(0.,0.,1.));
#3455=DIRECTION('',(0.,0.,1.));
#3456=DIRECTION('',(-2.47817639425259E-16,0.,-1.));
#3457=DIRECTION('',(-1.,0.,2.47817639425259E-16));
#3458=DIRECTION('',(1.,0.,-2.47817639425259E-16));
#3459=DIRECTION('',(1.,0.,-2.47817639425259E-16));
#3460=DIRECTION('',(-1.,0.,0.));
#3461=DIRECTION('',(0.,1.,0.));
#3462=DIRECTION('',(0.,0.,-1.));
#3463=DIRECTION('',(0.,0.,-1.));
#3464=DIRECTION('',(0.,0.,-1.));
#3465=DIRECTION('',(0.,1.,0.));
#3466=DIRECTION('',(1.,0.,0.));
#3467=DIRECTION('',(1.,0.,0.));
#3468=DIRECTION('',(0.,0.,1.));
#3469=DIRECTION('',(0.,-1.,0.));
#3470=DIRECTION('',(-1.,0.,0.));
#3471=DIRECTION('',(-1.,0.,0.));
#3472=DIRECTION('',(0.,0.,-1.));
#3473=DIRECTION('',(0.,1.,0.));
#3474=DIRECTION('',(1.,0.,0.));
#3475=DIRECTION('',(1.,0.,0.));
#3476=DIRECTION('',(0.,-1.,0.));
#3477=DIRECTION('',(-1.,0.,0.));
#3478=DIRECTION('',(0.,1.,0.));
#3479=DIRECTION('',(1.,0.,0.));
#3480=DIRECTION('',(0.,1.,0.));
#3481=DIRECTION('',(1.,0.,0.));
#3482=DIRECTION('',(0.,-1.,0.));
#3483=DIRECTION('',(-1.,0.,0.));
#3484=DIRECTION('',(0.,-1.,0.));
#3485=DIRECTION('',(1.,0.,0.));
#3486=DIRECTION('',(0.,-1.,0.));
#3487=DIRECTION('',(1.,0.,0.));
#3488=DIRECTION('',(1.,0.,0.));
#3489=DIRECTION('',(0.,-1.,0.));
#3490=DIRECTION('',(0.,0.,1.));
#3491=DIRECTION('',(0.,0.,1.));
#3492=DIRECTION('',(0.,1.,0.));
#3493=DIRECTION('',(1.,0.,0.));
#3494=DIRECTION('',(0.,-1.,0.));
#3495=DIRECTION('',(-1.,0.,0.));
#3496=DIRECTION('',(0.,1.,0.));
#3497=DIRECTION('',(1.,0.,0.));
#3498=DIRECTION('',(0.,1.,0.));
#3499=DIRECTION('',(1.,0.,0.));
#3500=DIRECTION('',(0.,-1.,0.));
#3501=DIRECTION('',(-1.,0.,0.));
#3502=DIRECTION('',(0.,0.,1.));
#3503=DIRECTION('',(1.,0.,0.));
#3504=DIRECTION('',(0.,-1.,0.));
#3505=DIRECTION('',(-1.,0.,0.));
#3506=DIRECTION('',(-1.,0.,0.));
#3507=DIRECTION('',(0.,0.,-1.));
#3508=DIRECTION('',(-1.,0.,0.));
#3509=DIRECTION('',(0.,0.,-1.));
#3510=DIRECTION('',(-1.,0.,0.));
#3511=DIRECTION('',(0.,1.,0.));
#3512=DIRECTION('',(0.,1.,0.));
#3513=DIRECTION('',(0.,0.,-1.));
#3514=DIRECTION('',(0.,1.,0.));
#3515=DIRECTION('',(0.,-1.,0.));
#3516=DIRECTION('',(-1.,0.,0.));
#3517=DIRECTION('',(-1.,0.,0.));
#3518=DIRECTION('',(0.,0.,-1.));
#3519=DIRECTION('',(-1.,0.,0.));
#3520=DIRECTION('',(-1.,-2.77555756156289E-16,0.));
#3521=DIRECTION('',(-2.77555756156289E-16,1.,0.));
#3522=DIRECTION('',(-2.77555756156289E-16,1.,0.));
#3523=DIRECTION('',(-2.77555756156289E-16,1.,0.));
#3524=DIRECTION('',(0.,0.,1.));
#3525=DIRECTION('',(1.,0.,0.));
#3526=DIRECTION('',(0.,0.,1.));
#3527=DIRECTION('',(1.,0.,0.));
#3528=DIRECTION('',(-7.27014210251685E-27,-1.,7.27014210251685E-27));
#3529=DIRECTION('',(-1.45402842050337E-26,-7.27014210251685E-27,-1.));
#3530=DIRECTION('',(0.,1.,0.));
#3531=DIRECTION('',(1.,0.,0.));
#3532=DIRECTION('',(0.,-1.,0.));
#3533=DIRECTION('',(-1.,0.,0.));
#3534=DIRECTION('',(0.,-1.,0.));
#3535=DIRECTION('',(-1.,0.,0.));
#3536=DIRECTION('',(0.,-1.,0.));
#3537=DIRECTION('',(-1.,0.,0.));
#3538=DIRECTION('',(0.,-1.,0.));
#3539=DIRECTION('',(-1.,0.,0.));
#3540=DIRECTION('',(-0.707106781186537,0.,-0.707106781186559));
#3541=DIRECTION('',(-1.,0.,0.));
#3542=DIRECTION('',(0.287347885566346,0.,0.957826285221151));
#3543=DIRECTION('',(0.980588215690195,0.,0.196078431372549));
#3544=DIRECTION('',(1.,0.,-6.93889390390723E-17));
#3545=DIRECTION('',(0.707106781186548,0.,-0.707106781186548));
#3546=DIRECTION('',(0.0196502676865768,0.,0.999806914848985));
#3547=DIRECTION('',(-1.90819582357449E-16,0.,-1.));
#3548=DIRECTION('',(0.,-1.,0.));
#3549=DIRECTION('',(1.,0.,0.));
#3550=DIRECTION('',(-1.,0.,2.77584646167195E-16));
#3551=DIRECTION('',(0.,-1.,0.));
#3552=DIRECTION('',(1.,0.,0.));
#3553=DIRECTION('',(0.,0.,-1.));
#3554=DIRECTION('',(0.101830105935862,0.,0.994801804142459));
#3555=DIRECTION('',(0.505787547055815,0.,0.862658076669582));
#3556=DIRECTION('',(0.,0.,-1.));
#3557=DIRECTION('',(-1.,0.,0.));
#3558=DIRECTION('',(0.,0.,1.));
#3559=DIRECTION('',(0.707106781186548,0.,-0.707106781186548));
#3560=DIRECTION('',(-1.,0.,0.));
#3561=DIRECTION('',(0.707106781186549,0.,0.707106781186547));
#3562=DIRECTION('',(0.,0.,-1.));
#3563=DIRECTION('',(0.707106781186544,0.,-0.707106781186552));
#3564=DIRECTION('',(-1.,0.,0.));
#3565=DIRECTION('',(-1.,0.,0.));
#3566=DIRECTION('',(0.,1.,0.));
#3567=DIRECTION('',(0.,-1.,0.));
#3568=DIRECTION('',(0.,-0.451340446776987,0.892351837059324));
#3569=DIRECTION('',(-0.707106781186548,0.,-0.707106781186547));
#3570=DIRECTION('',(-0.707106781186547,0.,0.707106781186548));
#3571=DIRECTION('',(0.,-1.,0.));
#3572=DIRECTION('',(0.707106781186547,0.,-0.707106781186548));
#3573=DIRECTION('',(0.,-1.,0.));
#3574=DIRECTION('',(0.707106781186547,0.,-0.707106781186548));
#3575=DIRECTION('',(1.,0.,0.));
#3576=DIRECTION('',(0.,-1.,0.));
#3577=DIRECTION('',(0.,-1.,0.));
#3578=DIRECTION('',(0.,0.,-1.));
#3579=DIRECTION('',(0.,0.,1.));
#3580=DIRECTION('',(0.862658076669582,0.,-0.505787547055815));
#3581=DIRECTION('',(-0.505787547055815,0.,-0.862658076669582));
#3582=DIRECTION('',(0.,-1.,0.));
#3583=DIRECTION('',(-0.505787547055815,0.,-0.862658076669582));
#3584=DIRECTION('',(0.505787547055815,0.,0.862658076669582));
#3585=DIRECTION('',(0.,-1.,0.));
#3586=DIRECTION('',(-1.,0.,0.));
#3587=DIRECTION('',(0.,1.,0.));
#3588=DIRECTION('',(0.,0.,1.));
#3589=DIRECTION('',(0.,0.,-1.));
#3590=DIRECTION('',(0.,-1.,0.));
#3591=DIRECTION('',(0.,0.,1.));
#3592=DIRECTION('',(0.,-1.,0.));
#3593=DIRECTION('',(0.,0.,1.));
#3594=DIRECTION('',(0.,-1.,0.));
#3595=DIRECTION('',(0.957826285221151,0.,-0.287347885566346));
#3596=DIRECTION('',(-0.287347885566346,0.,-0.957826285221151));
#3597=DIRECTION('',(0.287347885566346,0.,0.957826285221151));
#3598=DIRECTION('',(0.,-1.,0.));
#3599=DIRECTION('',(0.,-1.,0.));
#3600=DIRECTION('',(0.,-1.,0.));
#3601=DIRECTION('',(-0.196116135138184,0.,0.98058067569092));
#3602=DIRECTION('',(0.98058067569092,0.,0.196116135138184));
#3603=DIRECTION('',(-0.98058067569092,0.,-0.196116135138184));
#3604=DIRECTION('',(0.,-1.,0.));
#3605=DIRECTION('',(-0.98058067569092,0.,-0.196116135138184));
#3606=DIRECTION('',(-6.93889390390723E-17,0.,-1.));
#3607=DIRECTION('',(-1.,0.,6.93889390390723E-17));
#3608=DIRECTION('',(0.,-1.,0.));
#3609=DIRECTION('',(-0.816496580927726,0.577350269189625,5.6655831479605E-17));
#3610=DIRECTION('',(0.,-1.,0.));
#3611=DIRECTION('',(1.,0.,-6.93889390390723E-17));
#3612=DIRECTION('',(-0.707106781186548,0.,-0.707106781186548));
#3613=DIRECTION('',(-0.707106781186548,0.,0.707106781186548));
#3614=DIRECTION('',(0.,-1.,0.));
#3615=DIRECTION('',(-0.707106781186548,0.,0.707106781186548));
#3616=DIRECTION('',(0.707106781186548,0.,-0.707106781186548));
#3617=DIRECTION('',(1.,0.,0.));
#3618=DIRECTION('',(0.,-1.,0.));
#3619=DIRECTION('',(0.,-1.,0.));
#3620=DIRECTION('',(0.,0.,1.));
#3621=DIRECTION('',(0.,0.,1.));
#3622=DIRECTION('',(0.707106781186547,0.,-0.707106781186548));
#3623=DIRECTION('',(-0.707106781186548,0.,-0.707106781186547));
#3624=DIRECTION('',(0.,-1.,0.));
#3625=DIRECTION('',(0.707106781186548,0.,0.707106781186547));
#3626=DIRECTION('',(0.707106781186548,0.,0.707106781186547));
#3627=DIRECTION('',(0.,0.,-1.));
#3628=DIRECTION('',(0.,1.,0.));
#3629=DIRECTION('',(1.,0.,0.));
#3630=DIRECTION('',(1.,0.,0.));
#3631=DIRECTION('',(0.,1.,0.));
#3632=DIRECTION('',(1.,0.,0.));
#3633=DIRECTION('',(1.,0.,0.));
#3634=DIRECTION('',(0.,-1.,0.));
#3635=DIRECTION('',(0.,0.,-1.));
#3636=DIRECTION('',(0.,-1.,0.));
#3637=DIRECTION('',(0.,0.,1.));
#3638=DIRECTION('',(0.,-1.,0.));
#3639=DIRECTION('',(0.,1.,0.));
#3640=DIRECTION('',(0.,0.,-1.));
#3641=DIRECTION('',(0.,1.,0.));
#3642=DIRECTION('',(0.,0.,-1.));
#3643=DIRECTION('',(0.,1.,0.));
#3644=DIRECTION('',(-0.707106781186548,0.,-0.707106781186548));
#3645=DIRECTION('',(-0.707106781186548,0.,0.707106781186548));
#3646=DIRECTION('',(0.707106781186548,0.,-0.707106781186548));
#3647=DIRECTION('',(0.,-1.,0.));
#3648=DIRECTION('',(0.,0.,1.));
#3649=DIRECTION('',(0.,-1.,0.));
#3650=DIRECTION('',(-1.,0.,0.));
#3651=DIRECTION('',(0.,-1.,0.));
#3652=DIRECTION('',(0.707106781186547,0.,-0.707106781186549));
#3653=DIRECTION('',(-0.707106781186549,0.,-0.707106781186547));
#3654=DIRECTION('',(0.707106781186549,0.,0.707106781186547));
#3655=DIRECTION('',(0.,-1.,0.));
#3656=DIRECTION('',(-1.,0.,0.));
#3657=DIRECTION('',(0.,1.,0.));
#3658=DIRECTION('',(0.,0.,-1.));
#3659=DIRECTION('',(0.,-1.,0.));
#3660=DIRECTION('',(-0.707106781186552,0.,-0.707106781186544));
#3661=DIRECTION('',(-0.707106781186544,0.,0.707106781186552));
#3662=DIRECTION('',(0.707106781186544,0.,-0.707106781186552));
#3663=DIRECTION('',(0.,-1.,0.));
#3664=DIRECTION('',(0.,0.,1.));
#3665=DIRECTION('',(0.,-1.,0.));
#3666=DIRECTION('',(-1.,0.,0.));
#3667=DIRECTION('',(0.,-1.,0.));
#3668=DIRECTION('',(0.196078431372549,0.,-0.980588215690195));
#3669=DIRECTION('',(-0.980588215690195,0.,-0.196078431372549));
#3670=DIRECTION('',(-0.707106781186559,0.,0.707106781186537));
#3671=DIRECTION('',(0.707106781186537,0.,0.707106781186559));
#3672=DIRECTION('',(-0.707106781186537,0.,-0.707106781186559));
#3673=DIRECTION('',(0.,-1.,0.));
#3674=DIRECTION('',(0.,1.,0.));
#3675=DIRECTION('',(1.,0.,0.));
#3676=DIRECTION('',(0.,1.,0.));
#3677=DIRECTION('',(1.,0.,0.));
#3678=DIRECTION('',(0.,-1.,0.));
#3679=DIRECTION('',(-1.,0.,0.));
#3680=DIRECTION('',(0.,-1.,0.));
#3681=DIRECTION('',(-1.,0.,0.));
#3682=DIRECTION('',(0.,1.,0.));
#3683=DIRECTION('',(1.,0.,0.));
#3684=DIRECTION('',(0.,-1.,0.));
#3685=DIRECTION('',(-1.,0.,0.));
#3686=DIRECTION('',(0.,-1.,0.));
#3687=DIRECTION('',(-1.,0.,0.));
#3688=DIRECTION('',(0.,1.,0.));
#3689=DIRECTION('',(1.,0.,0.));
#3690=DIRECTION('',(0.,-1.,0.));
#3691=DIRECTION('',(-1.,0.,0.));
#3692=DIRECTION('',(0.,-1.,0.));
#3693=DIRECTION('',(-1.,0.,0.));
#3694=DIRECTION('',(0.,1.,0.));
#3695=DIRECTION('',(1.,0.,0.));
#3696=DIRECTION('',(0.,-1.,0.));
#3697=DIRECTION('',(-1.,0.,0.));
#3698=DIRECTION('',(0.,-1.,0.));
#3699=DIRECTION('',(-1.,0.,0.));
#3700=DIRECTION('',(-1.,0.,1.90819582357449E-16));
#3701=DIRECTION('',(1.90819582357449E-16,0.,1.));
#3702=DIRECTION('',(0.,-1.,0.));
#3703=DIRECTION('',(-1.90819582357449E-16,0.,-1.));
#3704=DIRECTION('',(0.,-1.,0.));
#3705=DIRECTION('',(0.999806914848985,0.,-0.0196502676865768));
#3706=DIRECTION('',(-0.0196502676865768,0.,-0.999806914848985));
#3707=DIRECTION('',(-0.015940325582475,0.584766801628772,-0.811044816106472));
#3708=DIRECTION('',(0.0196502676865768,0.,0.999806914848985));
#3709=DIRECTION('',(0.994801804142459,0.,-0.101830105935862));
#3710=DIRECTION('',(-0.101830105935862,0.,-0.994801804142459));
#3711=DIRECTION('',(0.101830105935862,0.,0.994801804142459));
#3712=DIRECTION('',(0.0940421274762564,-0.383550552721329,0.918719245344791));
#3713=DIRECTION('',(0.,-1.,0.));
#3714=DIRECTION('',(-1.,0.,0.));
#3715=DIRECTION('',(0.,1.,0.));
#3716=DIRECTION('',(0.,-1.,0.));
#3717=DIRECTION('',(0.,0.,-1.));
#3718=DIRECTION('',(0.,-1.,0.));
#3719=DIRECTION('',(-1.,0.,0.));
#3720=DIRECTION('',(0.,-1.,0.));
#3721=DIRECTION('',(0.,-1.,0.));
#3722=DIRECTION('',(1.,0.,0.));
#3723=DIRECTION('',(2.77584646167195E-16,0.,1.));
#3724=DIRECTION('',(1.,0.,-2.77584646167195E-16));
#3725=DIRECTION('',(0.,-1.,0.));
#3726=DIRECTION('',(-1.,0.,2.77584646167195E-16));
#3727=DIRECTION('',(0.,-1.,0.));
#3728=DIRECTION('',(-1.,0.,0.));
#3729=DIRECTION('',(0.,-1.,0.));
#3730=DIRECTION('',(1.,0.,0.));
#3731=DIRECTION('',(0.,1.,0.));
#3732=DIRECTION('',(1.,0.,0.));
#3733=DIRECTION('',(0.,0.,1.));
#3734=DIRECTION('',(0.505787547055815,0.,0.862658076669582));
#3735=DIRECTION('',(0.707106781186548,0.,-0.707106781186548));
#3736=DIRECTION('',(0.,0.,-1.));
#3737=DIRECTION('',(-0.707106781186548,0.,-0.707106781186547));
#3738=DIRECTION('',(-1.,0.,0.));
#3739=DIRECTION('',(-0.707106781186547,0.,0.707106781186548));
#3740=DIRECTION('',(0.5,0.707106781186548,0.5));
#3741=DIRECTION('',(-0.707106781186548,0.,0.707106781186548));
#3742=DIRECTION('',(0.678598344545846,-0.678598344545847,0.281084637714822));
#3743=DIRECTION('',(-0.707106781186548,-0.707106781186547,0.));
#3744=DIRECTION('',(0.,0.,1.));
#3745=DIRECTION('',(-0.678598344545846,0.678598344545847,0.281084637714822));
#3746=DIRECTION('',(-0.5,-0.707106781186548,0.5));
#3747=DIRECTION('',(0.707106781186548,0.,0.707106781186547));
#3748=DIRECTION('',(-0.28108463771482,0.678598344545847,0.678598344545847));
#3749=DIRECTION('',(0.,-0.707106781186548,0.707106781186547));
#3750=DIRECTION('',(1.,0.,0.));
#3751=DIRECTION('',(0.28108463771482,0.678598344545847,0.678598344545847));
#3752=DIRECTION('',(0.5,-0.707106781186548,0.5));
#3753=DIRECTION('',(0.707106781186547,0.,-0.707106781186548));
#3754=DIRECTION('',(-0.678598344545847,-0.678598344545847,-0.28108463771482));
#3755=DIRECTION('',(-0.707106781186547,0.707106781186548,0.));
#3756=DIRECTION('',(0.,0.,-1.));
#3757=DIRECTION('',(0.694421945100766,0.694421945100765,-0.188563846813062));
#3758=DIRECTION('',(-0.609991375858407,0.707106781186547,0.357645804362877));
#3759=DIRECTION('',(-0.505787547055815,0.,-0.862658076669582));
#3760=DIRECTION('',(0.,0.,-1.));
#3761=DIRECTION('',(0.,1.,0.));
#3762=DIRECTION('',(-1.,0.,0.));
#3763=DIRECTION('',(0.,0.,-1.));
#3764=DIRECTION('',(0.,1.,0.));
#3765=DIRECTION('',(-1.,0.,0.));
#3766=DIRECTION('',(-1.,0.,0.));
#3767=DIRECTION('',(0.,-1.,0.));
#3768=DIRECTION('',(-1.,0.,0.));
#3769=DIRECTION('',(0.,0.,-1.));
#3770=DIRECTION('',(0.,1.,0.));
#3771=DIRECTION('',(-1.,0.,0.));
#3772=DIRECTION('',(0.,-1.,0.));
#3773=DIRECTION('',(-1.,0.,0.));
#3774=DIRECTION('',(-1.,0.,0.));
#3775=DIRECTION('',(0.,0.,-1.));
#3776=DIRECTION('',(0.,1.,0.));
#3777=DIRECTION('',(-1.,0.,0.));
#3778=DIRECTION('',(0.,-1.,0.));
#3779=DIRECTION('',(-1.,0.,0.));
#3780=DIRECTION('',(0.,0.,1.));
#3781=DIRECTION('',(1.,0.,0.));
#3782=CARTESIAN_POINT('',(0.,0.,0.));
#3783=CARTESIAN_POINT('',(-36.11,2.7,-58.48));
#3784=CARTESIAN_POINT('',(-36.11,0.,-58.48));
#3785=CARTESIAN_POINT('',(-39.72,0.,-58.48));
#3786=CARTESIAN_POINT('',(-25.72,0.,-58.48));
#3787=CARTESIAN_POINT('',(-25.72,2.7,-58.48));
#3788=CARTESIAN_POINT('',(-25.72,2.7,-58.48));
#3789=CARTESIAN_POINT('',(-36.11,2.7,-58.48));
#3790=CARTESIAN_POINT('',(-39.72,2.7,-58.48));
#3791=CARTESIAN_POINT('',(-39.72,2.7,-58.48));
#3792=CARTESIAN_POINT('',(-25.72,2.7,-51.48));
#3793=CARTESIAN_POINT('',(-25.72,0.,-51.48));
#3794=CARTESIAN_POINT('',(-25.72,0.,-44.48));
#3795=CARTESIAN_POINT('',(-25.72,2.7,-44.48));
#3796=CARTESIAN_POINT('',(-25.72,2.7,-44.48));
#3797=CARTESIAN_POINT('',(-25.72,2.7,-51.48));
#3798=CARTESIAN_POINT('',(-36.11,2.7,-44.48));
#3799=CARTESIAN_POINT('',(-36.11,0.,-44.48));
#3800=CARTESIAN_POINT('',(-39.72,0.,-44.48));
#3801=CARTESIAN_POINT('',(-39.72,2.7,-44.48));
#3802=CARTESIAN_POINT('',(-39.72,2.7,-44.48));
#3803=CARTESIAN_POINT('',(-36.11,2.7,-44.48));
#3804=CARTESIAN_POINT('',(-58.48,2.7,-70.24));
#3805=CARTESIAN_POINT('',(-58.48,0.,-70.24));
#3806=CARTESIAN_POINT('',(-58.48,0.,-77.24));
#3807=CARTESIAN_POINT('',(-58.48,0.,-63.24));
#3808=CARTESIAN_POINT('',(-58.48,2.7,-77.24));
#3809=CARTESIAN_POINT('',(-58.48,2.7,-77.24));
#3810=CARTESIAN_POINT('',(-58.48,2.7,-70.24));
#3811=CARTESIAN_POINT('',(-58.48,2.7,-63.24));
#3812=CARTESIAN_POINT('',(-58.48,2.7,-63.24));
#3813=CARTESIAN_POINT('',(-51.48,2.7,-77.24));
#3814=CARTESIAN_POINT('',(-51.48,0.,-77.24));
#3815=CARTESIAN_POINT('',(-44.48,0.,-77.24));
#3816=CARTESIAN_POINT('',(-44.48,2.7,-77.24));
#3817=CARTESIAN_POINT('',(-44.48,2.7,-77.24));
#3818=CARTESIAN_POINT('',(-51.48,2.7,-77.24));
#3819=CARTESIAN_POINT('',(-44.48,2.7,-70.24));
#3820=CARTESIAN_POINT('',(-44.48,0.,-70.24));
#3821=CARTESIAN_POINT('',(-44.48,0.,-63.24));
#3822=CARTESIAN_POINT('',(-44.48,2.7,-63.24));
#3823=CARTESIAN_POINT('',(-44.48,2.7,-63.24));
#3824=CARTESIAN_POINT('',(-44.48,2.7,-70.24));
#3825=CARTESIAN_POINT('',(-70.24,2.7,-63.24));
#3826=CARTESIAN_POINT('',(-70.24,0.,-63.24));
#3827=CARTESIAN_POINT('',(-77.24,0.,-63.24));
#3828=CARTESIAN_POINT('',(-63.24,0.,-63.24));
#3829=CARTESIAN_POINT('',(-77.24,2.7,-63.24));
#3830=CARTESIAN_POINT('',(-77.24,2.7,-63.24));
#3831=CARTESIAN_POINT('',(-70.24,2.7,-63.24));
#3832=CARTESIAN_POINT('',(-63.24,2.7,-63.24));
#3833=CARTESIAN_POINT('',(-63.24,2.7,-63.24));
#3834=CARTESIAN_POINT('',(-77.24,2.7,-70.24));
#3835=CARTESIAN_POINT('',(-77.24,0.,-70.24));
#3836=CARTESIAN_POINT('',(-77.24,0.,-77.24));
#3837=CARTESIAN_POINT('',(-77.24,2.7,-77.24));
#3838=CARTESIAN_POINT('',(-77.24,2.7,-77.24));
#3839=CARTESIAN_POINT('',(-77.24,2.7,-70.24));
#3840=CARTESIAN_POINT('',(-70.24,2.7,-77.24));
#3841=CARTESIAN_POINT('',(-70.24,0.,-77.24));
#3842=CARTESIAN_POINT('',(-63.24,0.,-77.24));
#3843=CARTESIAN_POINT('',(-63.24,2.7,-77.24));
#3844=CARTESIAN_POINT('',(-63.24,2.7,-77.24));
#3845=CARTESIAN_POINT('',(-70.24,2.7,-77.24));
#3846=CARTESIAN_POINT('',(-51.48,2.7,-44.48));
#3847=CARTESIAN_POINT('',(-51.48,0.,-44.48));
#3848=CARTESIAN_POINT('',(-58.48,0.,-44.48));
#3849=CARTESIAN_POINT('',(-44.48,0.,-44.48));
#3850=CARTESIAN_POINT('',(-58.48,2.7,-44.48));
#3851=CARTESIAN_POINT('',(-58.48,2.7,-44.48));
#3852=CARTESIAN_POINT('',(-51.48,2.7,-44.48));
#3853=CARTESIAN_POINT('',(-44.48,2.7,-44.48));
#3854=CARTESIAN_POINT('',(-44.48,2.7,-44.48));
#3855=CARTESIAN_POINT('',(-58.48,2.7,-51.48));
#3856=CARTESIAN_POINT('',(-58.48,0.,-51.48));
#3857=CARTESIAN_POINT('',(-58.48,0.,-58.48));
#3858=CARTESIAN_POINT('',(-58.48,2.7,-58.48));
#3859=CARTESIAN_POINT('',(-58.48,2.7,-58.48));
#3860=CARTESIAN_POINT('',(-58.48,2.7,-51.48));
#3861=CARTESIAN_POINT('',(-51.48,2.7,-58.48));
#3862=CARTESIAN_POINT('',(-51.48,0.,-58.48));
#3863=CARTESIAN_POINT('',(-44.48,0.,-58.48));
#3864=CARTESIAN_POINT('',(-44.48,2.7,-58.48));
#3865=CARTESIAN_POINT('',(-44.48,2.7,-58.48));
#3866=CARTESIAN_POINT('',(-51.48,2.7,-58.48));
#3867=CARTESIAN_POINT('',(-70.24,2.7,-44.48));
#3868=CARTESIAN_POINT('',(-70.24,0.,-44.48));
#3869=CARTESIAN_POINT('',(-77.24,0.,-44.48));
#3870=CARTESIAN_POINT('',(-63.24,0.,-44.48));
#3871=CARTESIAN_POINT('',(-77.24,2.7,-44.48));
#3872=CARTESIAN_POINT('',(-77.24,2.7,-44.48));
#3873=CARTESIAN_POINT('',(-70.24,2.7,-44.48));
#3874=CARTESIAN_POINT('',(-63.24,2.7,-44.48));
#3875=CARTESIAN_POINT('',(-63.24,2.7,-44.48));
#3876=CARTESIAN_POINT('',(-77.24,2.7,-51.48));
#3877=CARTESIAN_POINT('',(-77.24,0.,-51.48));
#3878=CARTESIAN_POINT('',(-77.24,0.,-58.48));
#3879=CARTESIAN_POINT('',(-77.24,2.7,-58.48));
#3880=CARTESIAN_POINT('',(-77.24,2.7,-58.48));
#3881=CARTESIAN_POINT('',(-77.24,2.7,-51.48));
#3882=CARTESIAN_POINT('',(-70.24,2.7,-58.48));
#3883=CARTESIAN_POINT('',(-70.24,0.,-58.48));
#3884=CARTESIAN_POINT('',(-63.24,0.,-58.48));
#3885=CARTESIAN_POINT('',(-63.24,2.7,-58.48));
#3886=CARTESIAN_POINT('',(-63.24,2.7,-58.48));
#3887=CARTESIAN_POINT('',(-70.24,2.7,-58.48));
#3888=CARTESIAN_POINT('',(-63.24,2.7,-32.72));
#3889=CARTESIAN_POINT('',(-63.24,0.,-32.72));
#3890=CARTESIAN_POINT('',(-63.24,0.,-39.72));
#3891=CARTESIAN_POINT('',(-63.24,0.,-25.72));
#3892=CARTESIAN_POINT('',(-63.24,2.7,-25.72));
#3893=CARTESIAN_POINT('',(-63.24,2.7,-25.72));
#3894=CARTESIAN_POINT('',(-63.24,2.7,-32.72));
#3895=CARTESIAN_POINT('',(-63.24,2.7,-39.72));
#3896=CARTESIAN_POINT('',(-63.24,2.7,-39.72));
#3897=CARTESIAN_POINT('',(-70.24,2.7,-25.72));
#3898=CARTESIAN_POINT('',(-70.24,0.,-25.72));
#3899=CARTESIAN_POINT('',(-77.24,0.,-25.72));
#3900=CARTESIAN_POINT('',(-77.24,2.7,-25.72));
#3901=CARTESIAN_POINT('',(-77.24,2.7,-25.72));
#3902=CARTESIAN_POINT('',(-70.24,2.7,-25.72));
#3903=CARTESIAN_POINT('',(-77.24,2.7,-32.72));
#3904=CARTESIAN_POINT('',(-77.24,0.,-32.72));
#3905=CARTESIAN_POINT('',(-77.24,0.,-39.72));
#3906=CARTESIAN_POINT('',(-77.24,2.7,-39.72));
#3907=CARTESIAN_POINT('',(-77.24,2.7,-39.72));
#3908=CARTESIAN_POINT('',(-77.24,2.7,-32.72));
#3909=CARTESIAN_POINT('',(-51.48,2.7,-25.72));
#3910=CARTESIAN_POINT('',(-51.48,0.,-25.72));
#3911=CARTESIAN_POINT('',(-58.48,0.,-25.72));
#3912=CARTESIAN_POINT('',(-44.48,0.,-25.72));
#3913=CARTESIAN_POINT('',(-58.48,2.7,-25.72));
#3914=CARTESIAN_POINT('',(-58.48,2.7,-25.72));
#3915=CARTESIAN_POINT('',(-51.48,2.7,-25.72));
#3916=CARTESIAN_POINT('',(-44.48,2.7,-25.72));
#3917=CARTESIAN_POINT('',(-44.48,2.7,-25.72));
#3918=CARTESIAN_POINT('',(-58.48,2.7,-32.72));
#3919=CARTESIAN_POINT('',(-58.48,0.,-32.72));
#3920=CARTESIAN_POINT('',(-58.48,0.,-39.72));
#3921=CARTESIAN_POINT('',(-58.48,2.7,-39.72));
#3922=CARTESIAN_POINT('',(-58.48,2.7,-39.72));
#3923=CARTESIAN_POINT('',(-58.48,2.7,-32.72));
#3924=CARTESIAN_POINT('',(-51.48,2.7,-39.72));
#3925=CARTESIAN_POINT('',(-51.48,0.,-39.72));
#3926=CARTESIAN_POINT('',(-44.48,0.,-39.72));
#3927=CARTESIAN_POINT('',(-44.48,2.7,-39.72));
#3928=CARTESIAN_POINT('',(-44.48,2.7,-39.72));
#3929=CARTESIAN_POINT('',(-51.48,2.7,-39.72));
#3930=CARTESIAN_POINT('',(-25.72,2.7,-32.72));
#3931=CARTESIAN_POINT('',(-25.72,0.,-32.72));
#3932=CARTESIAN_POINT('',(-25.72,0.,-39.72));
#3933=CARTESIAN_POINT('',(-25.72,0.,-25.72));
#3934=CARTESIAN_POINT('',(-25.72,2.7,-25.72));
#3935=CARTESIAN_POINT('',(-25.72,2.7,-25.72));
#3936=CARTESIAN_POINT('',(-25.72,2.7,-32.72));
#3937=CARTESIAN_POINT('',(-25.72,2.7,-39.72));
#3938=CARTESIAN_POINT('',(-25.72,2.7,-39.72));
#3939=CARTESIAN_POINT('',(-36.11,2.7,-25.72));
#3940=CARTESIAN_POINT('',(-36.11,0.,-25.72));
#3941=CARTESIAN_POINT('',(-39.72,0.,-25.72));
#3942=CARTESIAN_POINT('',(-39.72,2.7,-25.72));
#3943=CARTESIAN_POINT('',(-39.72,2.7,-25.72));
#3944=CARTESIAN_POINT('',(-36.11,2.7,-25.72));
#3945=CARTESIAN_POINT('',(-39.72,2.7,-32.72));
#3946=CARTESIAN_POINT('',(-39.72,0.,-32.72));
#3947=CARTESIAN_POINT('',(-39.72,0.,-39.72));
#3948=CARTESIAN_POINT('',(-39.72,2.7,-39.72));
#3949=CARTESIAN_POINT('',(-39.72,2.7,-39.72));
#3950=CARTESIAN_POINT('',(-39.72,2.7,-32.72));
#3951=CARTESIAN_POINT('',(-32.5,2.7,-10.75));
#3952=CARTESIAN_POINT('',(-32.5,0.,-10.75));
#3953=CARTESIAN_POINT('',(-32.5,0.,-5.));
#3954=CARTESIAN_POINT('',(-32.5,0.,-16.5));
#3955=CARTESIAN_POINT('',(-32.5,2.7,-5.));
#3956=CARTESIAN_POINT('',(-32.5,2.7,-5.));
#3957=CARTESIAN_POINT('',(-32.5,2.7,-10.75));
#3958=CARTESIAN_POINT('',(-32.5,2.7,-16.5));
#3959=CARTESIAN_POINT('',(-32.5,2.7,-16.5));
#3960=CARTESIAN_POINT('',(-45.8,2.7,-5.));
#3961=CARTESIAN_POINT('',(-45.8,0.,-5.));
#3962=CARTESIAN_POINT('',(-59.1,0.,-5.));
#3963=CARTESIAN_POINT('',(-59.1,2.7,-5.));
#3964=CARTESIAN_POINT('',(-59.1,2.7,-5.));
#3965=CARTESIAN_POINT('',(-45.8,2.7,-5.));
#3966=CARTESIAN_POINT('',(-59.1,2.7,-10.75));
#3967=CARTESIAN_POINT('',(-59.1,0.,-10.75));
#3968=CARTESIAN_POINT('',(-59.1,0.,-16.5));
#3969=CARTESIAN_POINT('',(-59.1,2.7,-16.5));
#3970=CARTESIAN_POINT('',(-59.1,2.7,-16.5));
#3971=CARTESIAN_POINT('',(-59.1,2.7,-10.75));
#3972=CARTESIAN_POINT('',(-36.11,2.7,-77.24));
#3973=CARTESIAN_POINT('',(-36.11,0.,-77.24));
#3974=CARTESIAN_POINT('',(-39.72,0.,-77.24));
#3975=CARTESIAN_POINT('',(-25.72,0.,-77.24));
#3976=CARTESIAN_POINT('',(-25.72,2.7,-77.24));
#3977=CARTESIAN_POINT('',(-25.72,2.7,-77.24));
#3978=CARTESIAN_POINT('',(-36.11,2.7,-77.24));
#3979=CARTESIAN_POINT('',(-39.72,2.7,-77.24));
#3980=CARTESIAN_POINT('',(-39.72,2.7,-77.24));
#3981=CARTESIAN_POINT('',(-25.72,2.7,-70.24));
#3982=CARTESIAN_POINT('',(-25.72,0.,-70.24));
#3983=CARTESIAN_POINT('',(-25.72,0.,-63.24));
#3984=CARTESIAN_POINT('',(-25.72,2.7,-63.24));
#3985=CARTESIAN_POINT('',(-25.72,2.7,-63.24));
#3986=CARTESIAN_POINT('',(-25.72,2.7,-70.24));
#3987=CARTESIAN_POINT('',(-36.11,2.7,-63.24));
#3988=CARTESIAN_POINT('',(-36.11,0.,-63.24));
#3989=CARTESIAN_POINT('',(-39.72,0.,-63.24));
#3990=CARTESIAN_POINT('',(-39.72,2.7,-63.24));
#3991=CARTESIAN_POINT('',(-39.72,2.7,-63.24));
#3992=CARTESIAN_POINT('',(-36.11,2.7,-63.24));
#3993=CARTESIAN_POINT('',(-89.,2.7,-63.24));
#3994=CARTESIAN_POINT('',(-89.,0.,-63.24));
#3995=CARTESIAN_POINT('',(-96.,0.,-63.24));
#3996=CARTESIAN_POINT('',(-82.,0.,-63.24));
#3997=CARTESIAN_POINT('',(-96.,2.7,-63.24));
#3998=CARTESIAN_POINT('',(-96.,2.7,-63.24));
#3999=CARTESIAN_POINT('',(-89.,2.7,-63.24));
#4000=CARTESIAN_POINT('',(-82.,2.7,-63.24));
#4001=CARTESIAN_POINT('',(-82.,2.7,-63.24));
#4002=CARTESIAN_POINT('',(-96.,2.7,-70.24));
#4003=CARTESIAN_POINT('',(-96.,0.,-70.24));
#4004=CARTESIAN_POINT('',(-96.,0.,-77.24));
#4005=CARTESIAN_POINT('',(-96.,2.7,-77.24));
#4006=CARTESIAN_POINT('',(-96.,2.7,-77.24));
#4007=CARTESIAN_POINT('',(-96.,2.7,-70.24));
#4008=CARTESIAN_POINT('',(-89.,2.7,-77.24));
#4009=CARTESIAN_POINT('',(-89.,0.,-77.24));
#4010=CARTESIAN_POINT('',(-82.,0.,-77.24));
#4011=CARTESIAN_POINT('',(-82.,2.7,-77.24));
#4012=CARTESIAN_POINT('',(-82.,2.7,-77.24));
#4013=CARTESIAN_POINT('',(-89.,2.7,-77.24));
#4014=CARTESIAN_POINT('',(-96.0099979559227,2.7,-58.48));
#4015=CARTESIAN_POINT('',(-96.0099979559227,0.,-58.48));
#4016=CARTESIAN_POINT('',(-96.0199959118454,0.,-58.48));
#4017=CARTESIAN_POINT('',(-82.,0.,-58.48));
#4018=CARTESIAN_POINT('',(-82.,2.7,-58.48));
#4019=CARTESIAN_POINT('',(-82.,2.7,-58.48));
#4020=CARTESIAN_POINT('',(-96.0099979559227,2.7,-58.48));
#4021=CARTESIAN_POINT('',(-96.0199959118454,2.7,-58.48));
#4022=CARTESIAN_POINT('',(-96.0199959118454,2.7,-58.48));
#4023=CARTESIAN_POINT('',(-82.,2.7,-51.48));
#4024=CARTESIAN_POINT('',(-82.,0.,-51.48));
#4025=CARTESIAN_POINT('',(-82.,0.,-44.48));
#4026=CARTESIAN_POINT('',(-82.,2.7,-44.48));
#4027=CARTESIAN_POINT('',(-82.,2.7,-44.48));
#4028=CARTESIAN_POINT('',(-82.,2.7,-51.48));
#4029=CARTESIAN_POINT('',(-96.0099979559227,2.7,-44.48));
#4030=CARTESIAN_POINT('',(-96.0099979559227,0.,-44.48));
#4031=CARTESIAN_POINT('',(-96.0199959118454,0.,-44.48));
#4032=CARTESIAN_POINT('',(-96.0199959118454,2.7,-44.48));
#4033=CARTESIAN_POINT('',(-96.0199959118454,2.7,-44.48));
#4034=CARTESIAN_POINT('',(-96.0099979559227,2.7,-44.48));
#4035=CARTESIAN_POINT('',(-96.,2.7,-32.72));
#4036=CARTESIAN_POINT('',(-96.,0.,-32.72));
#4037=CARTESIAN_POINT('',(-96.,0.,-39.72));
#4038=CARTESIAN_POINT('',(-96.,0.,-25.72));
#4039=CARTESIAN_POINT('',(-96.,2.7,-39.72));
#4040=CARTESIAN_POINT('',(-96.,2.7,-39.72));
#4041=CARTESIAN_POINT('',(-96.,2.7,-32.72));
#4042=CARTESIAN_POINT('',(-96.,2.7,-25.72));
#4043=CARTESIAN_POINT('',(-96.,2.7,-25.72));
#4044=CARTESIAN_POINT('',(-89.,2.7,-39.72));
#4045=CARTESIAN_POINT('',(-89.,0.,-39.72));
#4046=CARTESIAN_POINT('',(-82.,0.,-39.72));
#4047=CARTESIAN_POINT('',(-82.,2.7,-39.72));
#4048=CARTESIAN_POINT('',(-82.,2.7,-39.72));
#4049=CARTESIAN_POINT('',(-89.,2.7,-39.72));
#4050=CARTESIAN_POINT('',(-82.,2.7,-32.72));
#4051=CARTESIAN_POINT('',(-82.,0.,-32.72));
#4052=CARTESIAN_POINT('',(-82.,0.,-25.72));
#4053=CARTESIAN_POINT('',(-82.,2.7,-25.72));
#4054=CARTESIAN_POINT('',(-82.,2.7,-25.72));
#4055=CARTESIAN_POINT('',(-82.,2.7,-32.72));
#4056=CARTESIAN_POINT('',(-51.48,2.7,-96.));
#4057=CARTESIAN_POINT('',(-51.48,0.,-96.));
#4058=CARTESIAN_POINT('',(-58.48,0.,-96.));
#4059=CARTESIAN_POINT('',(-44.48,0.,-96.));
#4060=CARTESIAN_POINT('',(-44.48,2.7,-96.));
#4061=CARTESIAN_POINT('',(-44.48,2.7,-96.));
#4062=CARTESIAN_POINT('',(-51.48,2.7,-96.));
#4063=CARTESIAN_POINT('',(-58.48,2.7,-96.));
#4064=CARTESIAN_POINT('',(-58.48,2.7,-96.));
#4065=CARTESIAN_POINT('',(-44.48,2.7,-89.));
#4066=CARTESIAN_POINT('',(-44.48,0.,-89.));
#4067=CARTESIAN_POINT('',(-44.48,0.,-82.));
#4068=CARTESIAN_POINT('',(-44.48,2.7,-82.));
#4069=CARTESIAN_POINT('',(-44.48,2.7,-82.));
#4070=CARTESIAN_POINT('',(-44.48,2.7,-89.));
#4071=CARTESIAN_POINT('',(-51.48,2.7,-82.));
#4072=CARTESIAN_POINT('',(-51.48,0.,-82.));
#4073=CARTESIAN_POINT('',(-58.48,0.,-82.));
#4074=CARTESIAN_POINT('',(-58.48,2.7,-82.));
#4075=CARTESIAN_POINT('',(-58.48,2.7,-82.));
#4076=CARTESIAN_POINT('',(-51.48,2.7,-82.));
#4077=CARTESIAN_POINT('',(-77.24,2.7,-89.));
#4078=CARTESIAN_POINT('',(-77.24,0.,-89.));
#4079=CARTESIAN_POINT('',(-77.24,0.,-96.));
#4080=CARTESIAN_POINT('',(-77.24,0.,-82.));
#4081=CARTESIAN_POINT('',(-77.24,2.7,-96.));
#4082=CARTESIAN_POINT('',(-77.24,2.7,-96.));
#4083=CARTESIAN_POINT('',(-77.24,2.7,-89.));
#4084=CARTESIAN_POINT('',(-77.24,2.7,-82.));
#4085=CARTESIAN_POINT('',(-77.24,2.7,-82.));
#4086=CARTESIAN_POINT('',(-70.24,2.7,-96.));
#4087=CARTESIAN_POINT('',(-70.24,0.,-96.));
#4088=CARTESIAN_POINT('',(-63.24,0.,-96.));
#4089=CARTESIAN_POINT('',(-63.24,2.7,-96.));
#4090=CARTESIAN_POINT('',(-63.24,2.7,-96.));
#4091=CARTESIAN_POINT('',(-70.24,2.7,-96.));
#4092=CARTESIAN_POINT('',(-63.24,2.7,-89.));
#4093=CARTESIAN_POINT('',(-63.24,0.,-89.));
#4094=CARTESIAN_POINT('',(-63.24,0.,-82.));
#4095=CARTESIAN_POINT('',(-63.24,2.7,-82.));
#4096=CARTESIAN_POINT('',(-63.24,2.7,-82.));
#4097=CARTESIAN_POINT('',(-63.24,2.7,-89.));
#4098=CARTESIAN_POINT('',(-39.72,2.7,-89.));
#4099=CARTESIAN_POINT('',(-39.72,0.,-89.));
#4100=CARTESIAN_POINT('',(-39.72,0.,-96.));
#4101=CARTESIAN_POINT('',(-39.72,0.,-82.));
#4102=CARTESIAN_POINT('',(-39.72,2.7,-96.));
#4103=CARTESIAN_POINT('',(-39.72,2.7,-96.));
#4104=CARTESIAN_POINT('',(-39.72,2.7,-89.));
#4105=CARTESIAN_POINT('',(-39.72,2.7,-82.));
#4106=CARTESIAN_POINT('',(-39.72,2.7,-82.));
#4107=CARTESIAN_POINT('',(-36.11,2.7,-96.));
#4108=CARTESIAN_POINT('',(-36.11,0.,-96.));
#4109=CARTESIAN_POINT('',(-25.72,0.,-96.));
#4110=CARTESIAN_POINT('',(-25.72,2.7,-96.));
#4111=CARTESIAN_POINT('',(-25.72,2.7,-96.));
#4112=CARTESIAN_POINT('',(-36.11,2.7,-96.));
#4113=CARTESIAN_POINT('',(-25.72,2.7,-89.));
#4114=CARTESIAN_POINT('',(-25.72,0.,-89.));
#4115=CARTESIAN_POINT('',(-25.72,0.,-82.));
#4116=CARTESIAN_POINT('',(-25.72,2.7,-82.));
#4117=CARTESIAN_POINT('',(-25.72,2.7,-82.));
#4118=CARTESIAN_POINT('',(-25.72,2.7,-89.));
#4119=CARTESIAN_POINT('',(-96.,2.7,-89.));
#4120=CARTESIAN_POINT('',(-96.,0.,-89.));
#4121=CARTESIAN_POINT('',(-96.,0.,-96.));
#4122=CARTESIAN_POINT('',(-96.,0.,-82.));
#4123=CARTESIAN_POINT('',(-96.,2.7,-96.));
#4124=CARTESIAN_POINT('',(-96.,2.7,-96.));
#4125=CARTESIAN_POINT('',(-96.,2.7,-89.));
#4126=CARTESIAN_POINT('',(-96.,2.7,-82.));
#4127=CARTESIAN_POINT('',(-96.,2.7,-82.));
#4128=CARTESIAN_POINT('',(-89.,2.7,-96.));
#4129=CARTESIAN_POINT('',(-89.,0.,-96.));
#4130=CARTESIAN_POINT('',(-82.,0.,-96.));
#4131=CARTESIAN_POINT('',(-82.,2.7,-96.));
#4132=CARTESIAN_POINT('',(-82.,2.7,-96.));
#4133=CARTESIAN_POINT('',(-89.,2.7,-96.));
#4134=CARTESIAN_POINT('',(-82.,2.7,-89.));
#4135=CARTESIAN_POINT('',(-82.,0.,-89.));
#4136=CARTESIAN_POINT('',(-82.,0.,-82.));
#4137=CARTESIAN_POINT('',(-82.,2.7,-82.));
#4138=CARTESIAN_POINT('',(-82.,2.7,-82.));
#4139=CARTESIAN_POINT('',(-82.,2.7,-89.));
#4140=CARTESIAN_POINT('',(-106.,2.7,-74.9947961799572));
#4141=CARTESIAN_POINT('',(-106.,0.,-74.9947961799572));
#4142=CARTESIAN_POINT('',(-106.,0.,-50.));
#4143=CARTESIAN_POINT('',(-106.,0.,-99.9895923599143));
#4144=CARTESIAN_POINT('',(-106.,2.7,-50.));
#4145=CARTESIAN_POINT('',(-106.,2.7,-50.));
#4146=CARTESIAN_POINT('',(-106.,2.7,-74.9947961799572));
#4147=CARTESIAN_POINT('',(-106.,2.7,-99.9895923599143));
#4148=CARTESIAN_POINT('',(-106.,2.7,-99.9895923599143));
#4149=CARTESIAN_POINT('',(-103.4,2.7,-24.6));
#4150=CARTESIAN_POINT('',(-103.4,0.,-24.6));
#4151=CARTESIAN_POINT('',(-100.8,0.,0.8));
#4152=CARTESIAN_POINT('',(-100.8,2.7,0.8));
#4153=CARTESIAN_POINT('',(-100.8,2.7,0.8));
#4154=CARTESIAN_POINT('',(-103.4,2.7,-24.6));
#4155=CARTESIAN_POINT('',(-92.5908820116285,2.7,1.64030341613256));
#4156=CARTESIAN_POINT('',(-92.5908820116285,0.,1.64030341613256));
#4157=CARTESIAN_POINT('',(-95.4187932973323,0.,9.39263504850983));
#4158=CARTESIAN_POINT('',(-95.4187932973323,2.7,9.39263504850983));
#4159=CARTESIAN_POINT('',(-95.4187932973323,2.7,9.39263504850983));
#4160=CARTESIAN_POINT('',(-92.5908820116285,2.7,1.64030341613256));
#4161=CARTESIAN_POINT('',(-72.9135875727457,2.7,11.6963175242549));
#4162=CARTESIAN_POINT('',(-72.9135875727457,0.,11.6963175242549));
#4163=CARTESIAN_POINT('',(-50.4083818481591,0.,14.));
#4164=CARTESIAN_POINT('',(-50.4083818481591,2.7,14.));
#4165=CARTESIAN_POINT('',(-50.4083818481591,2.7,14.));
#4166=CARTESIAN_POINT('',(-72.9135875727457,2.7,11.6963175242549));
#4167=CARTESIAN_POINT('',(-29.5380202868525,2.7,14.));
#4168=CARTESIAN_POINT('',(-29.5380202868525,0.,14.));
#4169=CARTESIAN_POINT('',(-8.66765872554573,0.,14.));
#4170=CARTESIAN_POINT('',(-8.66765872554573,2.7,14.));
#4171=CARTESIAN_POINT('',(-8.66765872554573,2.7,14.));
#4172=CARTESIAN_POINT('',(-29.5380202868525,2.7,14.));
#4173=CARTESIAN_POINT('',(-10.0605118139449,2.7,-2.));
#4174=CARTESIAN_POINT('',(-10.0605118139449,0.,-2.));
#4175=CARTESIAN_POINT('',(6.,0.,-2.));
#4176=CARTESIAN_POINT('',(6.,2.7,-2.));
#4177=CARTESIAN_POINT('',(6.,2.7,-2.));
#4178=CARTESIAN_POINT('',(-10.0605118139449,2.7,-2.));
#4179=CARTESIAN_POINT('',(6.,2.7,-51.));
#4180=CARTESIAN_POINT('',(6.,0.,-51.));
#4181=CARTESIAN_POINT('',(6.,0.,-100.));
#4182=CARTESIAN_POINT('',(6.,2.7,-100.));
#4183=CARTESIAN_POINT('',(6.,2.7,-100.));
#4184=CARTESIAN_POINT('',(6.,2.7,-51.));
#4185=CARTESIAN_POINT('',(6.86542647133178E-17,2.7,-100.));
#4186=CARTESIAN_POINT('',(6.86542647133178E-17,0.,-100.));
#4187=CARTESIAN_POINT('',(0.,0.,-106.));
#4188=CARTESIAN_POINT('',(0.,2.7,-106.));
#4189=CARTESIAN_POINT('',(0.,2.7,-106.));
#4190=CARTESIAN_POINT('',(6.86542647133178E-17,2.7,-100.));
#4191=CARTESIAN_POINT('',(-49.9947961799572,2.7,-106.));
#4192=CARTESIAN_POINT('',(-49.9947961799572,0.,-106.));
#4193=CARTESIAN_POINT('',(-99.9895923599144,0.,-106.));
#4194=CARTESIAN_POINT('',(-99.9895923599144,2.7,-106.));
#4195=CARTESIAN_POINT('',(-99.9895923599144,2.7,-106.));
#4196=CARTESIAN_POINT('',(-49.9947961799572,2.7,-106.));
#4197=CARTESIAN_POINT('',(-51.48,2.7,-63.24));
#4198=CARTESIAN_POINT('',(-51.48,0.,-63.24));
#4199=CARTESIAN_POINT('',(-51.48,2.7,-63.24));
#4200=CARTESIAN_POINT('',(-63.24,2.7,-70.24));
#4201=CARTESIAN_POINT('',(-63.24,0.,-70.24));
#4202=CARTESIAN_POINT('',(-63.24,2.7,-70.24));
#4203=CARTESIAN_POINT('',(-44.48,2.7,-51.48));
#4204=CARTESIAN_POINT('',(-44.48,0.,-51.48));
#4205=CARTESIAN_POINT('',(-44.48,2.7,-51.48));
#4206=CARTESIAN_POINT('',(-63.24,2.7,-51.48));
#4207=CARTESIAN_POINT('',(-63.24,0.,-51.48));
#4208=CARTESIAN_POINT('',(-63.24,2.7,-51.48));
#4209=CARTESIAN_POINT('',(-1.0842021724855E-16,2.7,3.42));
#4210=CARTESIAN_POINT('',(-1.0842021724855E-16,2.7,3.42));
#4211=CARTESIAN_POINT('',(1.7,2.7,3.42));
#4212=CARTESIAN_POINT('',(-1.0842021724855E-16,0.,3.42));
#4213=CARTESIAN_POINT('',(1.7,0.,3.42));
#4214=CARTESIAN_POINT('',(-1.04094977927525E-16,2.7,-103.4));
#4215=CARTESIAN_POINT('',(-1.04094977927525E-16,2.7,-103.4));
#4216=CARTESIAN_POINT('',(1.7,2.7,-103.4));
#4217=CARTESIAN_POINT('',(-1.04094977927525E-16,0.,-103.4));
#4218=CARTESIAN_POINT('',(1.7,0.,-103.4));
#4219=CARTESIAN_POINT('',(-70.24,2.7,-39.72));
#4220=CARTESIAN_POINT('',(-70.24,0.,-39.72));
#4221=CARTESIAN_POINT('',(-70.24,2.7,-39.72));
#4222=CARTESIAN_POINT('',(-44.48,2.7,-32.72));
#4223=CARTESIAN_POINT('',(-44.48,0.,-32.72));
#4224=CARTESIAN_POINT('',(-44.48,2.7,-32.72));
#4225=CARTESIAN_POINT('',(-36.11,2.7,-39.72));
#4226=CARTESIAN_POINT('',(-36.11,0.,-39.72));
#4227=CARTESIAN_POINT('',(-36.11,2.7,-39.72));
#4228=CARTESIAN_POINT('',(-45.8,2.7,-16.5));
#4229=CARTESIAN_POINT('',(-45.8,0.,-16.5));
#4230=CARTESIAN_POINT('',(-45.8,2.7,-16.5));
#4231=CARTESIAN_POINT('',(-39.72,2.7,-70.24));
#4232=CARTESIAN_POINT('',(-39.72,0.,-70.24));
#4233=CARTESIAN_POINT('',(-39.72,2.7,-70.24));
#4234=CARTESIAN_POINT('',(-82.,2.7,-70.24));
#4235=CARTESIAN_POINT('',(-82.,0.,-70.24));
#4236=CARTESIAN_POINT('',(-82.,2.7,-70.24));
#4237=CARTESIAN_POINT('',(-96.0199959118454,2.7,-51.48));
#4238=CARTESIAN_POINT('',(-96.0199959118454,0.,-51.48));
#4239=CARTESIAN_POINT('',(-96.0199959118454,2.7,-51.48));
#4240=CARTESIAN_POINT('',(-89.,2.7,-25.72));
#4241=CARTESIAN_POINT('',(-89.,0.,-25.72));
#4242=CARTESIAN_POINT('',(-89.,2.7,-25.72));
#4243=CARTESIAN_POINT('',(-58.48,2.7,-89.));
#4244=CARTESIAN_POINT('',(-58.48,0.,-89.));
#4245=CARTESIAN_POINT('',(-58.48,2.7,-89.));
#4246=CARTESIAN_POINT('',(-70.24,2.7,-82.));
#4247=CARTESIAN_POINT('',(-70.24,0.,-82.));
#4248=CARTESIAN_POINT('',(-70.24,2.7,-82.));
#4249=CARTESIAN_POINT('',(-36.11,2.7,-82.));
#4250=CARTESIAN_POINT('',(-36.11,0.,-82.));
#4251=CARTESIAN_POINT('',(-36.11,2.7,-82.));
#4252=CARTESIAN_POINT('',(-89.,2.7,-82.));
#4253=CARTESIAN_POINT('',(-89.,0.,-82.));
#4254=CARTESIAN_POINT('',(-89.,2.7,-82.));
#4255=CARTESIAN_POINT('',(-99.9947961799572,2.7,-103.4));
#4256=CARTESIAN_POINT('',(-99.9947961799572,2.7,-103.4));
#4257=CARTESIAN_POINT('',(-98.2947961799572,2.7,-103.4));
#4258=CARTESIAN_POINT('',(-99.9947961799572,0.,-103.4));
#4259=CARTESIAN_POINT('',(-98.2947961799572,0.,-103.4));
#4260=CARTESIAN_POINT('',(-99.9895923599144,2.7,-99.9895923599143));
#4261=CARTESIAN_POINT('',(-99.9895923599144,0.,-99.9895923599143));
#4262=CARTESIAN_POINT('',(-99.9895923599144,2.7,-99.9895923599143));
#4263=CARTESIAN_POINT('',(-39.72,2.7,-51.48));
#4264=CARTESIAN_POINT('',(-39.72,0.,-51.48));
#4265=CARTESIAN_POINT('',(-39.72,2.7,-51.48));
#4266=CARTESIAN_POINT('',(-49.8284271247462,2.7,-46.));
#4267=CARTESIAN_POINT('',(-96.4342239126106,2.7,5.39472719565446));
#4268=CARTESIAN_POINT('',(-98.1342239126106,2.7,5.39472719565446));
#4269=CARTESIAN_POINT('',(-49.8284271247462,0.,-46.));
#4270=CARTESIAN_POINT('',(-96.4342239126106,0.,5.39472719565446));
#4271=CARTESIAN_POINT('',(-94.7342239126106,0.,5.39472719565446));
#4272=CARTESIAN_POINT('',(-96.4342239126106,2.7,5.39472719565446));
#4273=CARTESIAN_POINT('',(46.6409074776057,25.,52.5989807498521));
#4274=CARTESIAN_POINT('',(-50.,0.,1.6));
#4275=CARTESIAN_POINT('',(-50.,0.,0.));
#4276=CARTESIAN_POINT('',(0.,0.,0.));
#4277=CARTESIAN_POINT('',(-100.,-6.93889390390723E-15,0.));
#4278=CARTESIAN_POINT('',(0.,0.,1.6));
#4279=CARTESIAN_POINT('',(0.,0.,1.6));
#4280=CARTESIAN_POINT('',(-50.,0.,1.6));
#4281=CARTESIAN_POINT('',(-100.,-6.93889390390723E-15,1.6));
#4282=CARTESIAN_POINT('',(-100.,-6.93889390390723E-15,1.6));
#4283=CARTESIAN_POINT('',(0.,50.,1.6));
#4284=CARTESIAN_POINT('',(0.,50.,0.));
#4285=CARTESIAN_POINT('',(0.,100.,0.));
#4286=CARTESIAN_POINT('',(0.,100.,1.6));
#4287=CARTESIAN_POINT('',(0.,100.,1.6));
#4288=CARTESIAN_POINT('',(0.,50.,1.6));
#4289=CARTESIAN_POINT('',(-50.,100.,1.6));
#4290=CARTESIAN_POINT('',(-50.,100.,0.));
#4291=CARTESIAN_POINT('',(-100.,100.,0.));
#4292=CARTESIAN_POINT('',(-100.,100.,1.6));
#4293=CARTESIAN_POINT('',(-100.,100.,1.6));
#4294=CARTESIAN_POINT('',(-50.,100.,1.6));
#4295=CARTESIAN_POINT('',(-100.,50.,1.6));
#4296=CARTESIAN_POINT('',(-100.,50.,0.));
#4297=CARTESIAN_POINT('',(-100.,50.,1.6));
#4298=CARTESIAN_POINT('',(-50.,50.,1.6));
#4299=CARTESIAN_POINT('',(-50.,50.,0.));
#4300=CARTESIAN_POINT('',(-53.3933164350049,22.7,-47.2062920544933));
#4301=CARTESIAN_POINT('',(-50.,25.,-50.));
#4302=CARTESIAN_POINT('',(-96.6,25.,5.39999999999985));
#4303=CARTESIAN_POINT('',(-98.95,25.,5.39999999999985));
#4304=CARTESIAN_POINT('',(2.77555756156289E-14,25.,3.42));
#4305=CARTESIAN_POINT('',(-2.34999999999997,25.,3.42));
#4306=CARTESIAN_POINT('',(2.77555756156289E-14,25.,-103.4));
#4307=CARTESIAN_POINT('',(-2.34999999999997,25.,-103.4));
#4308=CARTESIAN_POINT('',(-99.9947961799572,25.,-103.4));
#4309=CARTESIAN_POINT('',(-102.344796179957,25.,-103.4));
#4310=CARTESIAN_POINT('',(-100.4,25.,0.4));
#4311=CARTESIAN_POINT('',(-100.,25.,0.800000000000018));
#4312=CARTESIAN_POINT('',(-100.8,25.,-1.65340831304039E-14));
#4313=CARTESIAN_POINT('',(-78.,25.,-1.17093834628434E-13));
#4314=CARTESIAN_POINT('',(-103.,25.,-1.17093834628434E-13));
#4315=CARTESIAN_POINT('',(-101.5,25.,5.));
#4316=CARTESIAN_POINT('',(-100.,25.,10.));
#4317=CARTESIAN_POINT('',(-74.9950004999,25.,15.));
#4318=CARTESIAN_POINT('',(-49.9900009998,25.,20.));
#4319=CARTESIAN_POINT('',(-25.,25.,20.));
#4320=CARTESIAN_POINT('',(-1.4142135623731,25.,20.));
#4321=CARTESIAN_POINT('',(9.29289321881345,25.,9.29289321881344));
#4322=CARTESIAN_POINT('',(7.0271736982815,25.,11.5586127393454));
#4323=CARTESIAN_POINT('',(6.92721649222078,25.,6.47278350777924));
#4324=CARTESIAN_POINT('',(6.8,25.,0.));
#4325=CARTESIAN_POINT('',(6.8,25.,-50.));
#4326=CARTESIAN_POINT('',(6.8,25.,-100.));
#4327=CARTESIAN_POINT('',(4.15598846154945E-14,25.,-100.));
#4328=CARTESIAN_POINT('',(4.16333634234433E-14,25.,-106.8));
#4329=CARTESIAN_POINT('',(-49.9947961799571,25.,-106.8));
#4330=CARTESIAN_POINT('',(-99.9895923599143,25.,-106.8));
#4331=CARTESIAN_POINT('',(-99.9895923599143,25.,-99.9895923599143));
#4332=CARTESIAN_POINT('',(-106.8,25.,-99.9895923599143));
#4333=CARTESIAN_POINT('',(-106.8,25.,-74.9743770875438));
#4334=CARTESIAN_POINT('',(-106.8,25.,-49.9591618151733));
#4335=CARTESIAN_POINT('',(-103.939438827732,25.,-22.0136795937961));
#4336=CARTESIAN_POINT('',(-104.258271838388,25.,-25.1284328517423));
#4337=CARTESIAN_POINT('',(-101.229868930359,25.,-19.9632676687942));
#4338=CARTESIAN_POINT('',(-103.,25.,-22.982357151876));
#4339=CARTESIAN_POINT('',(-103.,25.,-9.335));
#4340=CARTESIAN_POINT('',(-103.,25.,-21.005242440727));
#4341=CARTESIAN_POINT('',(-78.,25.,-21.005242440727));
#4342=CARTESIAN_POINT('',(-100.8,25.,-21.005242440727));
#4343=CARTESIAN_POINT('',(-100.8,25.,-56.945));
#4344=CARTESIAN_POINT('',(-100.8,25.,-100.));
#4345=CARTESIAN_POINT('',(-100.4,25.,-100.4));
#4346=CARTESIAN_POINT('',(-100.,25.,-100.8));
#4347=CARTESIAN_POINT('',(-50.,25.,-100.8));
#4348=CARTESIAN_POINT('',(-6.93889390390723E-15,25.,-100.8));
#4349=CARTESIAN_POINT('',(0.399999999999984,25.,-100.4));
#4350=CARTESIAN_POINT('',(0.8,25.,-100.));
#4351=CARTESIAN_POINT('',(0.8,25.,-50.));
#4352=CARTESIAN_POINT('',(0.8,25.,-1.7347234759768E-15));
#4353=CARTESIAN_POINT('',(0.4,25.,0.399999999999995));
#4354=CARTESIAN_POINT('',(5.09575021068187E-15,25.,0.8));
#4355=CARTESIAN_POINT('',(-50.,25.,0.8));
#4356=CARTESIAN_POINT('',(-103.,5.,-9.335));
#4357=CARTESIAN_POINT('',(-103.,5.,-21.005242440727));
#4358=CARTESIAN_POINT('',(-103.,24.,-21.005242440727));
#4359=CARTESIAN_POINT('',(-103.,25.4137137859415,-23.8003167642662));
#4360=CARTESIAN_POINT('',(-110.,5.,-110.));
#4361=CARTESIAN_POINT('',(-120.,5.,-100.));
#4362=CARTESIAN_POINT('',(-120.,24.,-100.));
#4363=CARTESIAN_POINT('',(-120.,0.,-100.));
#4364=CARTESIAN_POINT('',(-110.,24.,-110.));
#4365=CARTESIAN_POINT('',(-100.,24.,-120.));
#4366=CARTESIAN_POINT('',(-100.,5.,-120.));
#4367=CARTESIAN_POINT('',(-100.,0.,-120.));
#4368=CARTESIAN_POINT('',(-110.,0.,-110.));
#4369=CARTESIAN_POINT('',(-120.,5.,-75.));
#4370=CARTESIAN_POINT('',(-120.,5.,-50.));
#4371=CARTESIAN_POINT('',(-120.,24.,-50.));
#4372=CARTESIAN_POINT('',(-120.,0.,-50.));
#4373=CARTESIAN_POINT('',(-120.,24.,-100.));
#4374=CARTESIAN_POINT('',(-120.,0.,-75.));
#4375=CARTESIAN_POINT('',(-115.,5.,-41.4721301296255));
#4376=CARTESIAN_POINT('',(-103.,5.,-21.005242440727));
#4377=CARTESIAN_POINT('',(-103.,18.8746731728316,-21.005242440727));
#4378=CARTESIAN_POINT('',(-120.,24.,-50.));
#4379=CARTESIAN_POINT('',(-115.,0.,-41.4721301296255));
#4380=CARTESIAN_POINT('',(-103.,0.,-21.005242440727));
#4381=CARTESIAN_POINT('',(-103.,5.,-21.005242440727));
#4382=CARTESIAN_POINT('',(-103.,5.,-9.335));
#4383=CARTESIAN_POINT('',(-103.,18.8746731728316,-18.6730163785948));
#4384=CARTESIAN_POINT('',(-103.,18.8746731728316,-16.3407903164625));
#4385=CARTESIAN_POINT('',(-103.,0.,-9.335));
#4386=CARTESIAN_POINT('',(-103.,0.,-1.17093834628434E-13));
#4387=CARTESIAN_POINT('',(-103.,5.,-1.17093834628434E-13));
#4388=CARTESIAN_POINT('',(-103.,18.8746731728316,-1.17093834628434E-13));
#4389=CARTESIAN_POINT('',(-103.,18.8746731728316,-2.53109401091939));
#4390=CARTESIAN_POINT('',(-103.,18.8746731728316,-5.06218802183867));
#4391=CARTESIAN_POINT('',(-103.,18.8665306195617,-5.06218802183867));
#4392=CARTESIAN_POINT('',(-103.,18.8583880662918,-5.06218802183867));
#4393=CARTESIAN_POINT('',(-103.,18.8583880662918,-10.7014891691506));
#4394=CARTESIAN_POINT('',(-103.,18.8583880662918,-16.3407903164625));
#4395=CARTESIAN_POINT('',(-103.,18.8665306195617,-16.3407903164625));
#4396=CARTESIAN_POINT('',(-101.5,5.,5.));
#4397=CARTESIAN_POINT('',(-101.5,0.,5.));
#4398=CARTESIAN_POINT('',(-100.,0.,10.));
#4399=CARTESIAN_POINT('',(-100.,5.,10.));
#4400=CARTESIAN_POINT('',(-100.,5.,10.));
#4401=CARTESIAN_POINT('',(-100.,25.,10.));
#4402=CARTESIAN_POINT('',(-103.,5.,-1.17093834628434E-13));
#4403=CARTESIAN_POINT('',(-75.,5.,15.));
#4404=CARTESIAN_POINT('',(-75.,0.,15.));
#4405=CARTESIAN_POINT('',(-50.,0.,20.));
#4406=CARTESIAN_POINT('',(-50.,5.,20.));
#4407=CARTESIAN_POINT('',(-49.9950004999,5.,20.));
#4408=CARTESIAN_POINT('',(-75.,5.,15.));
#4409=CARTESIAN_POINT('',(-25.,5.,20.));
#4410=CARTESIAN_POINT('',(0.,5.,20.));
#4411=CARTESIAN_POINT('',(0.,24.,20.));
#4412=CARTESIAN_POINT('',(0.,0.,20.));
#4413=CARTESIAN_POINT('',(1.95262145875635,22.619288125423,20.));
#4414=CARTESIAN_POINT('',(-49.9900009998,25.,20.));
#4415=CARTESIAN_POINT('',(-25.,0.,20.));
#4416=CARTESIAN_POINT('',(10.,5.,10.));
#4417=CARTESIAN_POINT('',(20.,5.,-3.46944695195361E-15));
#4418=CARTESIAN_POINT('',(20.,24.,-3.46944695195361E-15));
#4419=CARTESIAN_POINT('',(20.,0.,-3.46944695195361E-15));
#4420=CARTESIAN_POINT('',(7.05443298444151,24.,12.9455670155585));
#4421=CARTESIAN_POINT('',(10.,0.,10.));
#4422=CARTESIAN_POINT('',(20.,5.,-50.));
#4423=CARTESIAN_POINT('',(20.,5.,-100.));
#4424=CARTESIAN_POINT('',(20.,24.,-100.));
#4425=CARTESIAN_POINT('',(20.,0.,-100.));
#4426=CARTESIAN_POINT('',(20.,24.,-50.));
#4427=CARTESIAN_POINT('',(20.,0.,-50.));
#4428=CARTESIAN_POINT('',(10.,5.,-110.));
#4429=CARTESIAN_POINT('',(-8.67361737988404E-15,5.,-120.));
#4430=CARTESIAN_POINT('',(-8.67361737988404E-15,24.,-120.));
#4431=CARTESIAN_POINT('',(-8.67361737988404E-15,0.,-120.));
#4432=CARTESIAN_POINT('',(10.,24.,-110.));
#4433=CARTESIAN_POINT('',(10.,0.,-110.));
#4434=CARTESIAN_POINT('',(-50.,5.,-120.));
#4435=CARTESIAN_POINT('',(-50.,24.,-120.));
#4436=CARTESIAN_POINT('',(-50.,0.,-120.));
#4437=CARTESIAN_POINT('',(-50.,0.,-50.));
#4438=CARTESIAN_POINT('',(-100.8,25.,-56.945));
#4439=CARTESIAN_POINT('',(-100.8,18.8746731728316,-56.945));
#4440=CARTESIAN_POINT('',(-100.8,18.8746731728316,-1.17093834628434E-13));
#4441=CARTESIAN_POINT('',(-100.8,18.8746731728316,-5.06218802183867));
#4442=CARTESIAN_POINT('',(-100.8,25.,-1.65340831304039E-14));
#4443=CARTESIAN_POINT('',(-100.8,5.,-1.65340831304039E-14));
#4444=CARTESIAN_POINT('',(-100.8,5.,-56.945));
#4445=CARTESIAN_POINT('',(-100.8,5.,-100.));
#4446=CARTESIAN_POINT('',(-100.8,25.,-100.));
#4447=CARTESIAN_POINT('',(-100.8,25.,-21.005242440727));
#4448=CARTESIAN_POINT('',(-100.8,18.8746731728316,-21.005242440727));
#4449=CARTESIAN_POINT('',(-100.8,18.8746731728316,-56.945));
#4450=CARTESIAN_POINT('',(-100.8,18.8746731728316,-16.3407903164625));
#4451=CARTESIAN_POINT('',(-100.8,25.,-16.3407903164625));
#4452=CARTESIAN_POINT('',(-100.8,18.8583880662918,-16.3407903164625));
#4453=CARTESIAN_POINT('',(-100.8,18.8583880662918,-56.945));
#4454=CARTESIAN_POINT('',(-100.8,18.8583880662918,-5.06218802183867));
#4455=CARTESIAN_POINT('',(-100.8,25.,-5.06218802183867));
#4456=CARTESIAN_POINT('',(-100.4,25.,-100.4));
#4457=CARTESIAN_POINT('',(-100.4,5.,-100.4));
#4458=CARTESIAN_POINT('',(-100.,5.,-100.8));
#4459=CARTESIAN_POINT('',(-100.,25.,-100.8));
#4460=CARTESIAN_POINT('',(-50.,25.,-100.8));
#4461=CARTESIAN_POINT('',(-50.,5.,-100.8));
#4462=CARTESIAN_POINT('',(-6.93889390390723E-15,5.,-100.8));
#4463=CARTESIAN_POINT('',(-6.93889390390723E-15,25.,-100.8));
#4464=CARTESIAN_POINT('',(0.399999999999984,25.,-100.4));
#4465=CARTESIAN_POINT('',(0.399999999999984,5.,-100.4));
#4466=CARTESIAN_POINT('',(0.8,5.,-100.));
#4467=CARTESIAN_POINT('',(0.8,25.,-100.));
#4468=CARTESIAN_POINT('',(0.8,25.,-50.));
#4469=CARTESIAN_POINT('',(0.8,5.,-50.));
#4470=CARTESIAN_POINT('',(0.8,5.,-1.7347234759768E-15));
#4471=CARTESIAN_POINT('',(0.8,25.,-1.7347234759768E-15));
#4472=CARTESIAN_POINT('',(0.4,25.,0.399999999999995));
#4473=CARTESIAN_POINT('',(0.4,5.,0.399999999999995));
#4474=CARTESIAN_POINT('',(5.09575021068187E-15,5.,0.8));
#4475=CARTESIAN_POINT('',(5.09575021068187E-15,25.,0.8));
#4476=CARTESIAN_POINT('',(-50.,25.,0.8));
#4477=CARTESIAN_POINT('',(-50.,5.,0.8));
#4478=CARTESIAN_POINT('',(-100.,5.,0.800000000000018));
#4479=CARTESIAN_POINT('',(-100.,25.,0.800000000000018));
#4480=CARTESIAN_POINT('',(-74.9950004999,25.,15.));
#4481=CARTESIAN_POINT('',(-100.4,25.,0.4));
#4482=CARTESIAN_POINT('',(-100.4,5.,0.4));
#4483=CARTESIAN_POINT('',(-100.8,25.,-1.65340831304039E-14));
#4484=CARTESIAN_POINT('',(-50.,5.,-50.));
#4485=CARTESIAN_POINT('',(-97.6447961799572,21.,-103.4));
#4486=CARTESIAN_POINT('',(-99.9947961799572,21.,-103.4));
#4487=CARTESIAN_POINT('',(-102.344796179957,21.,-103.4));
#4488=CARTESIAN_POINT('',(-99.9947961799572,25.,-103.4));
#4489=CARTESIAN_POINT('',(2.35000000000004,21.,-103.4));
#4490=CARTESIAN_POINT('',(2.77555756156289E-14,21.,-103.4));
#4491=CARTESIAN_POINT('',(-2.34999999999997,21.,-103.4));
#4492=CARTESIAN_POINT('',(2.77555756156289E-14,25.,-103.4));
#4493=CARTESIAN_POINT('',(2.35000000000004,21.,3.42));
#4494=CARTESIAN_POINT('',(2.77555756156289E-14,21.,3.42));
#4495=CARTESIAN_POINT('',(-2.34999999999997,21.,3.42));
#4496=CARTESIAN_POINT('',(2.77555756156289E-14,25.,3.42));
#4497=CARTESIAN_POINT('',(-94.25,21.,5.39999999999985));
#4498=CARTESIAN_POINT('',(-96.6,21.,5.39999999999985));
#4499=CARTESIAN_POINT('',(-98.95,21.,5.39999999999985));
#4500=CARTESIAN_POINT('',(-96.6,25.,5.39999999999985));
#4501=CARTESIAN_POINT('',(6.8,29.,-50.));
#4502=CARTESIAN_POINT('',(6.8,29.,0.));
#4503=CARTESIAN_POINT('',(6.8,29.,0.));
#4504=CARTESIAN_POINT('',(6.8,29.,-50.));
#4505=CARTESIAN_POINT('',(6.8,29.,-100.));
#4506=CARTESIAN_POINT('',(6.8,29.,-100.));
#4507=CARTESIAN_POINT('',(6.92721649222078,29.,6.47278350777924));
#4508=CARTESIAN_POINT('',(6.9238864748729,28.7890655977674,6.30335200567003));
#4509=CARTESIAN_POINT('',(6.91813655364145,29.,6.01079563449307));
#4510=CARTESIAN_POINT('',(6.92721649222078,29.,6.47278350777924));
#4511=CARTESIAN_POINT('',(-103.939438827732,29.,-22.0136795937961));
#4512=CARTESIAN_POINT('',(-103.939438827732,29.,-22.0136795937961));
#4513=CARTESIAN_POINT('',(-106.8,29.,-49.9591618151733));
#4514=CARTESIAN_POINT('',(-105.239025241652,29.,-34.7096391759297));
#4515=CARTESIAN_POINT('',(-104.1306223191,24.4793817941865,-23.8813952402353));
#4516=CARTESIAN_POINT('',(-106.8,29.,-49.9591618151733));
#4517=CARTESIAN_POINT('',(-106.8,29.,-74.9743770875438));
#4518=CARTESIAN_POINT('',(-106.8,29.,-99.9895923599143));
#4519=CARTESIAN_POINT('',(-106.8,29.,-99.9895923599143));
#4520=CARTESIAN_POINT('',(-106.8,29.,-74.9743770875438));
#4521=CARTESIAN_POINT('',(-99.9895923599143,29.,-99.9895923599143));
#4522=CARTESIAN_POINT('',(-99.9895923599143,29.,-106.8));
#4523=CARTESIAN_POINT('',(-99.9895923599143,29.,-106.8));
#4524=CARTESIAN_POINT('',(-99.9895923599143,29.,-99.9895923599143));
#4525=CARTESIAN_POINT('',(-49.9947961799571,29.,-106.8));
#4526=CARTESIAN_POINT('',(4.16333634234433E-14,29.,-106.8));
#4527=CARTESIAN_POINT('',(4.16333634234433E-14,29.,-106.8));
#4528=CARTESIAN_POINT('',(-49.9947961799571,29.,-106.8));
#4529=CARTESIAN_POINT('',(4.15598846154945E-14,29.,-100.));
#4530=CARTESIAN_POINT('',(4.15598846154945E-14,29.,-100.));
#4531=CARTESIAN_POINT('',(-50.,29.,-50.));
#4532=CARTESIAN_POINT('',(-115.,29.,-50.));
#4533=CARTESIAN_POINT('',(-115.,29.,-97.9289321881345));
#4534=CARTESIAN_POINT('',(-115.,29.,-51.3577036853703));
#4535=CARTESIAN_POINT('',(-99.6997931042247,29.,-25.2620690059746));
#4536=CARTESIAN_POINT('',(16.4644660940673,29.,-3.53553390593274));
#4537=CARTESIAN_POINT('',(15.,29.,-2.07106781186549));
#4538=CARTESIAN_POINT('',(15.,29.,-50.));
#4539=CARTESIAN_POINT('',(15.,29.,-97.9289321881345));
#4540=CARTESIAN_POINT('',(6.46446609406723,29.,-106.464466094067));
#4541=CARTESIAN_POINT('',(-2.07106781186548,29.,-115.));
#4542=CARTESIAN_POINT('',(-50.,29.,-115.));
#4543=CARTESIAN_POINT('',(-97.9289321881346,29.,-115.));
#4544=CARTESIAN_POINT('',(-106.464466094067,29.,-106.464466094067));
#4545=CARTESIAN_POINT('',(6.46446609406725,29.,6.46446609406727));
#4546=CARTESIAN_POINT('',(12.6975214338982,31.3024785661018,-3.02478566101822));
#4547=CARTESIAN_POINT('',(20.,24.,-50.));
#4548=CARTESIAN_POINT('',(10.4628215084726,33.5371784915273,-96.0495713220364));
#4549=CARTESIAN_POINT('',(10.,24.,-110.));
#4550=CARTESIAN_POINT('',(-1.11734996271275,26.6975214338982,-117.302478566102));
#4551=CARTESIAN_POINT('',(-50.,24.,-120.));
#4552=CARTESIAN_POINT('',(-96.0495713220365,33.5371784915273,-110.462821508473));
#4553=CARTESIAN_POINT('',(-110.,24.,-110.));
#4554=CARTESIAN_POINT('',(-117.302478566102,26.6975214338982,-98.8826500372873));
#4555=CARTESIAN_POINT('',(-115.,29.,-50.));
#4556=CARTESIAN_POINT('',(-115.177781621625,28.8222183783753,-51.3094287327961));
#4557=CARTESIAN_POINT('',(-97.7792366236804,29.,-21.9864178570174));
#4558=CARTESIAN_POINT('',(-78.,5.,-1.17093834628434E-13));
#4559=CARTESIAN_POINT('',(-78.,18.8746731728316,-1.17093834628434E-13));
#4560=CARTESIAN_POINT('',(-78.,18.8665306195617,-5.06218802183867));
#4561=CARTESIAN_POINT('',(-78.,18.8583880662918,-5.06218802183867));
#4562=CARTESIAN_POINT('',(-78.,18.8746731728316,-5.06218802183867));
#4563=CARTESIAN_POINT('',(-78.,18.8746731728316,-2.53109401091939));
#4564=CARTESIAN_POINT('',(-78.,5.,-21.005242440727));
#4565=CARTESIAN_POINT('',(-78.,18.8746731728316,-21.005242440727));
#4566=CARTESIAN_POINT('',(-78.,18.8746731728316,-18.6730163785948));
#4567=CARTESIAN_POINT('',(-78.,18.8746731728316,-16.3407903164625));
#4568=CARTESIAN_POINT('',(-78.,18.8665306195617,-16.3407903164625));
#4569=CARTESIAN_POINT('',(-78.,18.8583880662918,-16.3407903164625));
#4570=CARTESIAN_POINT('',(-78.,18.8583880662918,-10.7014891691506));
#4571=CARTESIAN_POINT('',(46.8066835649952,0.,52.5937079455068));
#4572=MECHANICAL_DESIGN_GEOMETRIC_PRESENTATION_REPRESENTATION('',(#2865,
#2866,#2867),#4573);
#4573=(
GEOMETRIC_REPRESENTATION_CONTEXT(3)
GLOBAL_UNCERTAINTY_ASSIGNED_CONTEXT((#4577))
GLOBAL_UNIT_ASSIGNED_CONTEXT((#4583,#4582,#4581))
REPRESENTATION_CONTEXT('hackpad','TOP_LEVEL_ASSEMBLY_PART')
);
#4574=(
GEOMETRIC_REPRESENTATION_CONTEXT(3)
GLOBAL_UNCERTAINTY_ASSIGNED_CONTEXT((#4578))
GLOBAL_UNIT_ASSIGNED_CONTEXT((#4583,#4582,#4581))
REPRESENTATION_CONTEXT('plate','COMPONENT_PART')
);
#4575=(
GEOMETRIC_REPRESENTATION_CONTEXT(3)
GLOBAL_UNCERTAINTY_ASSIGNED_CONTEXT((#4579))
GLOBAL_UNIT_ASSIGNED_CONTEXT((#4583,#4582,#4581))
REPRESENTATION_CONTEXT('pcb','COMPONENT_PART')
);
#4576=(
GEOMETRIC_REPRESENTATION_CONTEXT(3)
GLOBAL_UNCERTAINTY_ASSIGNED_CONTEXT((#4580))
GLOBAL_UNIT_ASSIGNED_CONTEXT((#4583,#4582,#4581))
REPRESENTATION_CONTEXT('case','COMPONENT_PART')
);
#4577=UNCERTAINTY_MEASURE_WITH_UNIT(LENGTH_MEASURE(1.E-5),#4583,
'DISTANCE_ACCURACY_VALUE','Maximum Tolerance applied to model');
#4578=UNCERTAINTY_MEASURE_WITH_UNIT(LENGTH_MEASURE(1.E-5),#4583,
'DISTANCE_ACCURACY_VALUE','Maximum Tolerance applied to model');
#4579=UNCERTAINTY_MEASURE_WITH_UNIT(LENGTH_MEASURE(1.E-5),#4583,
'DISTANCE_ACCURACY_VALUE','Maximum Tolerance applied to model');
#4580=UNCERTAINTY_MEASURE_WITH_UNIT(LENGTH_MEASURE(0.0299990001999817),
#4583,'DISTANCE_ACCURACY_VALUE','Maximum Tolerance applied to model');
#4581=(
NAMED_UNIT(*)
SI_UNIT($,.STERADIAN.)
SOLID_ANGLE_UNIT()
);
#4582=(
NAMED_UNIT(*)
PLANE_ANGLE_UNIT()
SI_UNIT($,.RADIAN.)
);
#4583=(
LENGTH_UNIT()
NAMED_UNIT(*)
SI_UNIT(.MILLI.,.METRE.)
);
#4584=PRODUCT_DEFINITION_SHAPE('','',#4591);
#4585=PRODUCT_DEFINITION_SHAPE('','',#4592);
#4586=PRODUCT_DEFINITION_SHAPE(' ','NAUO PRDDFN',#13);
#4587=PRODUCT_DEFINITION_SHAPE('','',#4593);
#4588=PRODUCT_DEFINITION_SHAPE(' ','NAUO PRDDFN',#14);
#4589=PRODUCT_DEFINITION_SHAPE('','',#4594);
#4590=PRODUCT_DEFINITION_SHAPE(' ','NAUO PRDDFN',#15);
#4591=PRODUCT_DEFINITION('','',#4599,#4595);
#4592=PRODUCT_DEFINITION('','',#4600,#4596);
#4593=PRODUCT_DEFINITION('','',#4601,#4597);
#4594=PRODUCT_DEFINITION('','',#4602,#4598);
#4595=PRODUCT_DEFINITION_CONTEXT('',#4620,'design');
#4596=PRODUCT_DEFINITION_CONTEXT('',#4620,'design');
#4597=PRODUCT_DEFINITION_CONTEXT('',#4620,'design');
#4598=PRODUCT_DEFINITION_CONTEXT('',#4620,'design');
#4599=PRODUCT_DEFINITION_FORMATION_WITH_SPECIFIED_SOURCE('','',#4607,
 .NOT_KNOWN.);
#4600=PRODUCT_DEFINITION_FORMATION_WITH_SPECIFIED_SOURCE('','',#4608,
 .NOT_KNOWN.);
#4601=PRODUCT_DEFINITION_FORMATION_WITH_SPECIFIED_SOURCE('','',#4609,
 .NOT_KNOWN.);
#4602=PRODUCT_DEFINITION_FORMATION_WITH_SPECIFIED_SOURCE('','',#4610,
 .NOT_KNOWN.);
#4603=PRODUCT_RELATED_PRODUCT_CATEGORY('','',(#4607));
#4604=PRODUCT_RELATED_PRODUCT_CATEGORY('','',(#4608));
#4605=PRODUCT_RELATED_PRODUCT_CATEGORY('','',(#4609));
#4606=PRODUCT_RELATED_PRODUCT_CATEGORY('','',(#4610));
#4607=PRODUCT('hackpad','hackpad','hackpad',(#4615));
#4608=PRODUCT('plate','plate','plate',(#4616));
#4609=PRODUCT('pcb','pcb','pcb',(#4617));
#4610=PRODUCT('case','case','case',(#4618));
#4611=PRODUCT_CATEGORY('','');
#4612=PRODUCT_CATEGORY('','');
#4613=PRODUCT_CATEGORY('','');
#4614=PRODUCT_CATEGORY('','');
#4615=PRODUCT_CONTEXT('',#4620,'mechanical');
#4616=PRODUCT_CONTEXT('',#4620,'mechanical');
#4617=PRODUCT_CONTEXT('',#4620,'mechanical');
#4618=PRODUCT_CONTEXT('',#4620,'mechanical');
#4619=APPLICATION_PROTOCOL_DEFINITION('international standard',
'ap242_managed_model_based_3d_engineering',2020,#4620);
#4620=APPLICATION_CONTEXT('managed model based 3d engineering');
ENDSEC;
END-ISO-10303-21;
